solid OpenSCAD_Model
  facet normal 1 0 0
    outer loop
      vertex 53.15 2.25 9
      vertex 53.15 3.6499996 4.799999
      vertex 53.15 3.6499996 9
    endloop
  endfacet
  facet normal 1 0 0
    outer loop
      vertex 53.15 3.6499996 4.799999
      vertex 53.15 2.25 9
      vertex 53.15 2.25 4.799999
    endloop
  endfacet
  facet normal 0 0 -1
    outer loop
      vertex 46.09 10.259999 9
      vertex 52.489998 15.139999 9
      vertex 52.489998 10.259999 9
    endloop
  endfacet
  facet normal 0 0 -1
    outer loop
      vertex 52.489998 15.139999 9
      vertex 46.09 10.259999 9
      vertex 46.09 15.139999 9
    endloop
  endfacet
  facet normal 0 0 -1
    outer loop
      vertex 52.489998 10.259999 9
      vertex 53.15 3.6499996 9
      vertex 52.489998 3.8599997 9
    endloop
  endfacet
  facet normal 0 0 -1
    outer loop
      vertex 53.15 3.6499996 9
      vertex 46.09 3.8599997 9
      vertex 52.489998 3.8599997 9
    endloop
  endfacet
  facet normal 0 0 -1
    outer loop
      vertex 39.79 15.139999 9
      vertex 46.09 10.259999 9
      vertex 46.09 3.8599997 9
    endloop
  endfacet
  facet normal 0 0 -1
    outer loop
      vertex 46.09 10.259999 9
      vertex 39.79 15.139999 9
      vertex 46.09 15.139999 9
    endloop
  endfacet
  facet normal 0 0 -1
    outer loop
      vertex 46.09 15.139999 9
      vertex 39.79 15.139999 9
      vertex 46.09 21.54 9
    endloop
  endfacet
  facet normal 0 0 -1
    outer loop
      vertex 46.09 3.8599997 9
      vertex 33.39 15.139999 9
      vertex 39.79 15.139999 9
    endloop
  endfacet
  facet normal 0 0 -1
    outer loop
      vertex 9.736757 7.2695465 9
      vertex 33.39 15.139999 9
      vertex 9.75 7 9
    endloop
  endfacet
  facet normal 0 0 -1
    outer loop
      vertex 9.425283 5.703658 9
      vertex 33.39 15.139999 9
      vertex 46.09 3.8599997 9
    endloop
  endfacet
  facet normal 0 0 -1
    outer loop
      vertex 33.39 15.139999 9
      vertex 9.736757 6.7304525 9
      vertex 9.75 7 9
    endloop
  endfacet
  facet normal 0 0 -1
    outer loop
      vertex 33.39 15.139999 9
      vertex 9.697159 6.463501 9
      vertex 9.736757 6.7304525 9
    endloop
  endfacet
  facet normal 0 0 -1
    outer loop
      vertex 33.39 15.139999 9
      vertex 9.631585 6.2017164 9
      vertex 9.697159 6.463501 9
    endloop
  endfacet
  facet normal 0 0 -1
    outer loop
      vertex 33.39 15.139999 9
      vertex 9.5406685 5.9476204 9
      vertex 9.631585 6.2017164 9
    endloop
  endfacet
  facet normal 0 0 -1
    outer loop
      vertex 33.39 15.139999 9
      vertex 9.425283 5.703658 9
      vertex 9.5406685 5.9476204 9
    endloop
  endfacet
  facet normal 0 0 -1
    outer loop
      vertex 46.09 3.8599997 9
      vertex 9.286541 5.4721813 9
      vertex 9.425283 5.703658 9
    endloop
  endfacet
  facet normal 0 0 -1
    outer loop
      vertex 46.09 3.8599997 9
      vertex 9.125778 5.255418 9
      vertex 9.286541 5.4721813 9
    endloop
  endfacet
  facet normal 0 0 -1
    outer loop
      vertex 46.09 3.8599997 9
      vertex 8.944543 5.055456 9
      vertex 9.125778 5.255418 9
    endloop
  endfacet
  facet normal 0 0 -1
    outer loop
      vertex 46.09 3.8599997 9
      vertex 8.744581 4.874221 9
      vertex 8.944543 5.055456 9
    endloop
  endfacet
  facet normal 0 0 -1
    outer loop
      vertex 2.25 3.6499996 9
      vertex 46.09 3.8599997 9
      vertex 53.15 3.6499996 9
    endloop
  endfacet
  facet normal 0 0 -1
    outer loop
      vertex 46.09 3.8599997 9
      vertex 8.527818 4.713458 9
      vertex 8.744581 4.874221 9
    endloop
  endfacet
  facet normal 0 0 -1
    outer loop
      vertex 46.09 3.8599997 9
      vertex 8.296341 4.5747156 9
      vertex 8.527818 4.713458 9
    endloop
  endfacet
  facet normal 0 0 -1
    outer loop
      vertex 46.09 3.8599997 9
      vertex 8.052379 4.4593306 9
      vertex 8.296341 4.5747156 9
    endloop
  endfacet
  facet normal 0 0 -1
    outer loop
      vertex 46.09 3.8599997 9
      vertex 7.7982826 4.368414 9
      vertex 8.052379 4.4593306 9
    endloop
  endfacet
  facet normal 0 0 -1
    outer loop
      vertex 46.09 3.8599997 9
      vertex 7.536498 4.30284 9
      vertex 7.7982826 4.368414 9
    endloop
  endfacet
  facet normal 0 0 -1
    outer loop
      vertex 46.09 3.8599997 9
      vertex 7.2695465 4.263242 9
      vertex 7.536498 4.30284 9
    endloop
  endfacet
  facet normal 0 0 -1
    outer loop
      vertex 46.09 3.8599997 9
      vertex 2.25 3.6499996 9
      vertex 7.2695465 4.263242 9
    endloop
  endfacet
  facet normal 0 0 -1
    outer loop
      vertex 4.263242 6.7304525 9
      vertex 3.3999996 6.7 9
      vertex 4.25 7 9
    endloop
  endfacet
  facet normal 0 0 -1
    outer loop
      vertex 4.30284 6.463501 9
      vertex 3.3999996 6.7 9
      vertex 4.263242 6.7304525 9
    endloop
  endfacet
  facet normal 0 0 -1
    outer loop
      vertex 4.368414 6.2017164 9
      vertex 3.3999996 6.7 9
      vertex 4.30284 6.463501 9
    endloop
  endfacet
  facet normal 0 0 -1
    outer loop
      vertex 4.4593306 5.9476204 9
      vertex 3.3999996 6.7 9
      vertex 4.368414 6.2017164 9
    endloop
  endfacet
  facet normal 0 0 -1
    outer loop
      vertex 4.5747156 5.703658 9
      vertex 3.3999996 6.7 9
      vertex 4.4593306 5.9476204 9
    endloop
  endfacet
  facet normal 0 0 -1
    outer loop
      vertex 2.25 3.6499996 9
      vertex 4.5747156 5.703658 9
      vertex 4.713458 5.4721813 9
    endloop
  endfacet
  facet normal 0 0 -1
    outer loop
      vertex 2.25 3.6499996 9
      vertex 4.713458 5.4721813 9
      vertex 4.874221 5.255418 9
    endloop
  endfacet
  facet normal 0 0 -1
    outer loop
      vertex 2.25 3.6499996 9
      vertex 4.874221 5.255418 9
      vertex 5.055456 5.055456 9
    endloop
  endfacet
  facet normal 0 0 -1
    outer loop
      vertex 7.2695465 4.263242 9
      vertex 2.25 3.6499996 9
      vertex 7 4.25 9
    endloop
  endfacet
  facet normal 0 0 -1
    outer loop
      vertex 2.25 3.6499996 9
      vertex 6.7304525 4.263242 9
      vertex 7 4.25 9
    endloop
  endfacet
  facet normal 0 0 -1
    outer loop
      vertex 2.25 3.6499996 9
      vertex 6.463501 4.30284 9
      vertex 6.7304525 4.263242 9
    endloop
  endfacet
  facet normal 0 0 -1
    outer loop
      vertex 2.25 3.6499996 9
      vertex 6.2017164 4.368414 9
      vertex 6.463501 4.30284 9
    endloop
  endfacet
  facet normal 0 0 -1
    outer loop
      vertex 2.25 3.6499996 9
      vertex 5.9476204 4.4593306 9
      vertex 6.2017164 4.368414 9
    endloop
  endfacet
  facet normal 0 0 -1
    outer loop
      vertex 2.25 3.6499996 9
      vertex 5.703658 4.5747156 9
      vertex 5.9476204 4.4593306 9
    endloop
  endfacet
  facet normal 0 0 -1
    outer loop
      vertex 2.25 3.6499996 9
      vertex 5.4721813 4.713458 9
      vertex 5.703658 4.5747156 9
    endloop
  endfacet
  facet normal 0 0 -1
    outer loop
      vertex 2.25 3.6499996 9
      vertex 5.255418 4.874221 9
      vertex 5.4721813 4.713458 9
    endloop
  endfacet
  facet normal 0 0 -1
    outer loop
      vertex 2.25 3.6499996 9
      vertex 5.055456 5.055456 9
      vertex 5.255418 4.874221 9
    endloop
  endfacet
  facet normal 0 0 -1
    outer loop
      vertex 4.5747156 5.703658 9
      vertex 2.25 3.6499996 9
      vertex 3.3999996 6.7 9
    endloop
  endfacet
  facet normal 0 0 -1
    outer loop
      vertex 1.5858097 0.35423565 9
      vertex 2.25 2.25 9
      vertex 1.8519497 0.22836113 9
    endloop
  endfacet
  facet normal 0 0 -1
    outer loop
      vertex 1.3332891 0.50559044 9
      vertex 2.25 2.25 9
      vertex 1.5858097 0.35423565 9
    endloop
  endfacet
  facet normal 0 0 -1
    outer loop
      vertex 1.0968199 0.6809683 9
      vertex 2.25 2.25 9
      vertex 1.3332891 0.50559044 9
    endloop
  endfacet
  facet normal 0 0 -1
    outer loop
      vertex 0.8786793 0.8786793 9
      vertex 2.25 2.25 9
      vertex 1.0968199 0.6809683 9
    endloop
  endfacet
  facet normal 0 0 -1
    outer loop
      vertex 0.6809683 1.0968199 9
      vertex 2.25 2.25 9
      vertex 0.8786793 0.8786793 9
    endloop
  endfacet
  facet normal 0 0 -1
    outer loop
      vertex 0.50559044 1.3332891 9
      vertex 2.25 2.25 9
      vertex 0.6809683 1.0968199 9
    endloop
  endfacet
  facet normal 0 0 -1
    outer loop
      vertex 0.35423565 1.5858097 9
      vertex 2.25 2.25 9
      vertex 0.50559044 1.3332891 9
    endloop
  endfacet
  facet normal 0 0 -1
    outer loop
      vertex 0.22836113 1.8519497 9
      vertex 2.25 2.25 9
      vertex 0.35423565 1.5858097 9
    endloop
  endfacet
  facet normal 0 0 -1
    outer loop
      vertex 0.12917805 2.1291456 9
      vertex 2.25 2.25 9
      vertex 0.22836113 1.8519497 9
    endloop
  endfacet
  facet normal 0 0 -1
    outer loop
      vertex 0.05764389 2.4147282 9
      vertex 2.25 2.25 9
      vertex 0.12917805 2.1291456 9
    endloop
  endfacet
  facet normal 0 0 -1
    outer loop
      vertex 0.014445305 2.7059479 9
      vertex 2.25 2.25 9
      vertex 0.05764389 2.4147282 9
    endloop
  endfacet
  facet normal 0 0 -1
    outer loop
      vertex 0 3 9
      vertex 2.25 2.25 9
      vertex 0.014445305 2.7059479 9
    endloop
  endfacet
  facet normal 0 0 -1
    outer loop
      vertex 2.25 2.25 9
      vertex 0 3 9
      vertex 2.25 3.6499996 9
    endloop
  endfacet
  facet normal 0 0 -1
    outer loop
      vertex 0 6.7 9
      vertex 2.25 3.6499996 9
      vertex 0 3 9
    endloop
  endfacet
  facet normal 0 0 -1
    outer loop
      vertex 2.25 3.6499996 9
      vertex 0 6.7 9
      vertex 3.3999996 6.7 9
    endloop
  endfacet
  facet normal 0 0 -1
    outer loop
      vertex 53.15 2.25 9
      vertex 55.4 3 9
      vertex 55.38555 2.7059479 9
    endloop
  endfacet
  facet normal 0 0 -1
    outer loop
      vertex 55.4 3 9
      vertex 53.15 3.6499996 9
      vertex 55.4 22.4 9
    endloop
  endfacet
  facet normal 0 0 -1
    outer loop
      vertex 53.15 2.25 9
      vertex 55.38555 2.7059479 9
      vertex 55.342354 2.4147282 9
    endloop
  endfacet
  facet normal 0 0 -1
    outer loop
      vertex 53.15 21.75 9
      vertex 55.4 22.4 9
      vertex 53.15 3.6499996 9
    endloop
  endfacet
  facet normal 0 0 -1
    outer loop
      vertex 53.15 2.25 9
      vertex 55.342354 2.4147282 9
      vertex 55.27082 2.1291456 9
    endloop
  endfacet
  facet normal 0 0 -1
    outer loop
      vertex 53.15 23.15 9
      vertex 55.4 22.4 9
      vertex 53.15 21.75 9
    endloop
  endfacet
  facet normal 0 0 -1
    outer loop
      vertex 53.15 2.25 9
      vertex 55.27082 2.1291456 9
      vertex 55.17164 1.8519497 9
    endloop
  endfacet
  facet normal 0 0 -1
    outer loop
      vertex 55.4 22.4 9
      vertex 53.15 23.15 9
      vertex 55.38555 22.69405 9
    endloop
  endfacet
  facet normal 0 0 -1
    outer loop
      vertex 53.15 2.25 9
      vertex 55.17164 1.8519497 9
      vertex 55.04576 1.5858097 9
    endloop
  endfacet
  facet normal 0 0 -1
    outer loop
      vertex 55.38555 22.69405 9
      vertex 53.15 23.15 9
      vertex 55.342354 22.985271 9
    endloop
  endfacet
  facet normal 0 0 -1
    outer loop
      vertex 53.15 2.25 9
      vertex 55.04576 1.5858097 9
      vertex 54.89441 1.3332891 9
    endloop
  endfacet
  facet normal 0 0 -1
    outer loop
      vertex 55.342354 22.985271 9
      vertex 53.15 23.15 9
      vertex 55.27082 23.270855 9
    endloop
  endfacet
  facet normal 0 0 -1
    outer loop
      vertex 53.15 2.25 9
      vertex 54.89441 1.3332891 9
      vertex 54.719032 1.0968199 9
    endloop
  endfacet
  facet normal 0 0 -1
    outer loop
      vertex 55.27082 23.270855 9
      vertex 53.15 23.15 9
      vertex 55.17164 23.54805 9
    endloop
  endfacet
  facet normal 0 0 -1
    outer loop
      vertex 53.15 2.25 9
      vertex 54.719032 1.0968199 9
      vertex 54.52132 0.8786793 9
    endloop
  endfacet
  facet normal 0 0 -1
    outer loop
      vertex 55.17164 23.54805 9
      vertex 53.15 23.15 9
      vertex 55.04576 23.81419 9
    endloop
  endfacet
  facet normal 0 0 -1
    outer loop
      vertex 53.15 2.25 9
      vertex 54.52132 0.8786793 9
      vertex 54.30318 0.6809683 9
    endloop
  endfacet
  facet normal 0 0 -1
    outer loop
      vertex 55.04576 23.81419 9
      vertex 53.15 23.15 9
      vertex 54.89441 24.066711 9
    endloop
  endfacet
  facet normal 0 0 -1
    outer loop
      vertex 53.15 2.25 9
      vertex 54.30318 0.6809683 9
      vertex 54.06671 0.50559044 9
    endloop
  endfacet
  facet normal 0 0 -1
    outer loop
      vertex 54.89441 24.066711 9
      vertex 53.15 23.15 9
      vertex 54.719032 24.30318 9
    endloop
  endfacet
  facet normal 0 0 -1
    outer loop
      vertex 53.15 2.25 9
      vertex 54.06671 0.50559044 9
      vertex 53.81419 0.35423565 9
    endloop
  endfacet
  facet normal 0 0 -1
    outer loop
      vertex 54.719032 24.30318 9
      vertex 53.15 23.15 9
      vertex 54.52132 24.52132 9
    endloop
  endfacet
  facet normal 0 0 -1
    outer loop
      vertex 53.15 2.25 9
      vertex 53.81419 0.35423565 9
      vertex 53.54805 0.22836113 9
    endloop
  endfacet
  facet normal 0 0 -1
    outer loop
      vertex 54.52132 24.52132 9
      vertex 53.15 23.15 9
      vertex 54.30318 24.719032 9
    endloop
  endfacet
  facet normal 0 0 -1
    outer loop
      vertex 53.15 2.25 9
      vertex 53.54805 0.22836113 9
      vertex 53.270855 0.12917805 9
    endloop
  endfacet
  facet normal 0 0 -1
    outer loop
      vertex 54.30318 24.719032 9
      vertex 53.15 23.15 9
      vertex 54.06671 24.89441 9
    endloop
  endfacet
  facet normal 0 0 -1
    outer loop
      vertex 55.4 3 9
      vertex 53.15 2.25 9
      vertex 53.15 3.6499996 9
    endloop
  endfacet
  facet normal 0 0 -1
    outer loop
      vertex 52.98527 0.05764389 9
      vertex 53.15 2.25 9
      vertex 53.270855 0.12917805 9
    endloop
  endfacet
  facet normal 0 0 -1
    outer loop
      vertex 52.69405 0.014445305 9
      vertex 53.15 2.25 9
      vertex 52.98527 0.05764389 9
    endloop
  endfacet
  facet normal 0 0 -1
    outer loop
      vertex 52.4 0 9
      vertex 53.15 2.25 9
      vertex 52.69405 0.014445305 9
    endloop
  endfacet
  facet normal 0 0 -1
    outer loop
      vertex 3 0 9
      vertex 53.15 2.25 9
      vertex 52.4 0 9
    endloop
  endfacet
  facet normal 0 0 -1
    outer loop
      vertex 2.25 2.25 9
      vertex 3 0 9
      vertex 2.7059479 0.014445305 9
    endloop
  endfacet
  facet normal 0 0 -1
    outer loop
      vertex 2.25 2.25 9
      vertex 2.7059479 0.014445305 9
      vertex 2.4147282 0.05764389 9
    endloop
  endfacet
  facet normal 0 0 -1
    outer loop
      vertex 3 0 9
      vertex 2.25 2.25 9
      vertex 53.15 2.25 9
    endloop
  endfacet
  facet normal 0 0 -1
    outer loop
      vertex 1.8519497 0.22836113 9
      vertex 2.25 2.25 9
      vertex 2.1291456 0.12917805 9
    endloop
  endfacet
  facet normal 0 0 -1
    outer loop
      vertex 2.1291456 0.12917805 9
      vertex 2.25 2.25 9
      vertex 2.4147282 0.05764389 9
    endloop
  endfacet
  facet normal 0 0 -1
    outer loop
      vertex 54.06671 24.89441 9
      vertex 53.15 23.15 9
      vertex 53.81419 25.045763 9
    endloop
  endfacet
  facet normal 0 0 -1
    outer loop
      vertex 53.81419 25.045763 9
      vertex 53.15 23.15 9
      vertex 53.54805 25.171638 9
    endloop
  endfacet
  facet normal 0 0 -1
    outer loop
      vertex 53.54805 25.171638 9
      vertex 53.15 23.15 9
      vertex 53.270855 25.27082 9
    endloop
  endfacet
  facet normal 0 0 -1
    outer loop
      vertex 53.15 23.15 9
      vertex 52.98527 25.342356 9
      vertex 53.270855 25.27082 9
    endloop
  endfacet
  facet normal 0 0 -1
    outer loop
      vertex 53.15 23.15 9
      vertex 52.69405 25.385553 9
      vertex 52.98527 25.342356 9
    endloop
  endfacet
  facet normal 0 0 -1
    outer loop
      vertex 53.15 23.15 9
      vertex 52.4 25.4 9
      vertex 52.69405 25.385553 9
    endloop
  endfacet
  facet normal 0 0 -1
    outer loop
      vertex 53.15 23.15 9
      vertex 3 25.4 9
      vertex 52.4 25.4 9
    endloop
  endfacet
  facet normal 0 0 -1
    outer loop
      vertex 2.25 23.15 9
      vertex 3 25.4 9
      vertex 53.15 23.15 9
    endloop
  endfacet
  facet normal 0 0 -1
    outer loop
      vertex 3 25.4 9
      vertex 2.25 23.15 9
      vertex 2.7059479 25.385553 9
    endloop
  endfacet
  facet normal 0 0 -1
    outer loop
      vertex 2.7059479 25.385553 9
      vertex 2.25 23.15 9
      vertex 2.4147282 25.342356 9
    endloop
  endfacet
  facet normal 0 0 -1
    outer loop
      vertex 2.4147282 25.342356 9
      vertex 2.25 23.15 9
      vertex 2.1291456 25.27082 9
    endloop
  endfacet
  facet normal 0 0 -1
    outer loop
      vertex 53.15 3.6499996 9
      vertex 52.489998 10.259999 9
      vertex 53.15 21.75 9
    endloop
  endfacet
  facet normal 0 0 -1
    outer loop
      vertex 52.489998 15.139999 9
      vertex 53.15 21.75 9
      vertex 52.489998 10.259999 9
    endloop
  endfacet
  facet normal 0 0 -1
    outer loop
      vertex 52.489998 21.54 9
      vertex 53.15 21.75 9
      vertex 52.489998 15.139999 9
    endloop
  endfacet
  facet normal 0 0 -1
    outer loop
      vertex 46.09 21.54 9
      vertex 53.15 21.75 9
      vertex 52.489998 21.54 9
    endloop
  endfacet
  facet normal 0 0 -1
    outer loop
      vertex 39.79 21.54 9
      vertex 46.09 21.54 9
      vertex 39.79 15.139999 9
    endloop
  endfacet
  facet normal 0 0 -1
    outer loop
      vertex 39.79 21.54 9
      vertex 53.15 21.75 9
      vertex 46.09 21.54 9
    endloop
  endfacet
  facet normal 0 0 -1
    outer loop
      vertex 33.39 21.54 9
      vertex 53.15 21.75 9
      vertex 39.79 21.54 9
    endloop
  endfacet
  facet normal 0 0 -1
    outer loop
      vertex 9.697159 7.536498 9
      vertex 33.39 15.139999 9
      vertex 9.736757 7.2695465 9
    endloop
  endfacet
  facet normal 0 0 -1
    outer loop
      vertex 9.631585 7.7982826 9
      vertex 33.39 15.139999 9
      vertex 9.697159 7.536498 9
    endloop
  endfacet
  facet normal 0 0 -1
    outer loop
      vertex 9.5406685 8.052379 9
      vertex 33.39 15.139999 9
      vertex 9.631585 7.7982826 9
    endloop
  endfacet
  facet normal 0 0 -1
    outer loop
      vertex 9.425283 8.296341 9
      vertex 33.39 15.139999 9
      vertex 9.5406685 8.052379 9
    endloop
  endfacet
  facet normal 0 0 -1
    outer loop
      vertex 9.286541 8.527818 9
      vertex 33.39 15.139999 9
      vertex 9.425283 8.296341 9
    endloop
  endfacet
  facet normal 0 0 -1
    outer loop
      vertex 9.125778 8.744581 9
      vertex 33.39 15.139999 9
      vertex 9.286541 8.527818 9
    endloop
  endfacet
  facet normal 0 0 -1
    outer loop
      vertex 33.39 15.139999 9
      vertex 9.125778 8.744581 9
      vertex 33.39 21.54 9
    endloop
  endfacet
  facet normal 0 0 -1
    outer loop
      vertex 8.944543 8.944543 9
      vertex 33.39 21.54 9
      vertex 9.125778 8.744581 9
    endloop
  endfacet
  facet normal 0 0 -1
    outer loop
      vertex 8.744581 9.125778 9
      vertex 33.39 21.54 9
      vertex 8.944543 8.944543 9
    endloop
  endfacet
  facet normal 0 0 -1
    outer loop
      vertex 3.3999996 18.7 9
      vertex 8.744581 9.125778 9
      vertex 8.527818 9.286541 9
    endloop
  endfacet
  facet normal 0 0 -1
    outer loop
      vertex 3.3999996 18.7 9
      vertex 8.527818 9.286541 9
      vertex 8.296341 9.425283 9
    endloop
  endfacet
  facet normal 0 0 -1
    outer loop
      vertex 3.3999996 18.7 9
      vertex 8.296341 9.425283 9
      vertex 8.052379 9.5406685 9
    endloop
  endfacet
  facet normal 0 0 -1
    outer loop
      vertex 3.3999996 18.7 9
      vertex 8.052379 9.5406685 9
      vertex 7.7982826 9.631585 9
    endloop
  endfacet
  facet normal 0 0 -1
    outer loop
      vertex 3.3999996 18.7 9
      vertex 7.7982826 9.631585 9
      vertex 7.536498 9.697159 9
    endloop
  endfacet
  facet normal 0 0 -1
    outer loop
      vertex 3.3999996 18.7 9
      vertex 7.536498 9.697159 9
      vertex 7.2695465 9.736757 9
    endloop
  endfacet
  facet normal 0 0 -1
    outer loop
      vertex 3.3999996 18.7 9
      vertex 7.2695465 9.736757 9
      vertex 7 9.75 9
    endloop
  endfacet
  facet normal 0 0 -1
    outer loop
      vertex 3.3999996 18.7 9
      vertex 7 9.75 9
      vertex 6.7304525 9.736757 9
    endloop
  endfacet
  facet normal 0 0 -1
    outer loop
      vertex 3.3999996 18.7 9
      vertex 6.7304525 9.736757 9
      vertex 6.463501 9.697159 9
    endloop
  endfacet
  facet normal 0 0 -1
    outer loop
      vertex 3.3999996 18.7 9
      vertex 6.463501 9.697159 9
      vertex 6.2017164 9.631585 9
    endloop
  endfacet
  facet normal 0 0 -1
    outer loop
      vertex 3.3999996 18.7 9
      vertex 6.2017164 9.631585 9
      vertex 5.9476204 9.5406685 9
    endloop
  endfacet
  facet normal 0 0 -1
    outer loop
      vertex 3.3999996 6.7 9
      vertex 4.263242 7.2695465 9
      vertex 4.25 7 9
    endloop
  endfacet
  facet normal 0 0 -1
    outer loop
      vertex 3.3999996 6.7 9
      vertex 4.30284 7.536498 9
      vertex 4.263242 7.2695465 9
    endloop
  endfacet
  facet normal 0 0 -1
    outer loop
      vertex 3.3999996 6.7 9
      vertex 4.368414 7.7982826 9
      vertex 4.30284 7.536498 9
    endloop
  endfacet
  facet normal 0 0 -1
    outer loop
      vertex 3.3999996 6.7 9
      vertex 4.4593306 8.052379 9
      vertex 4.368414 7.7982826 9
    endloop
  endfacet
  facet normal 0 0 -1
    outer loop
      vertex 3.3999996 6.7 9
      vertex 4.5747156 8.296341 9
      vertex 4.4593306 8.052379 9
    endloop
  endfacet
  facet normal 0 0 -1
    outer loop
      vertex 3.3999996 18.7 9
      vertex 4.5747156 8.296341 9
      vertex 3.3999996 6.7 9
    endloop
  endfacet
  facet normal 0 0 -1
    outer loop
      vertex 4.5747156 8.296341 9
      vertex 3.3999996 18.7 9
      vertex 4.713458 8.527818 9
    endloop
  endfacet
  facet normal 0 0 -1
    outer loop
      vertex 3.3999996 18.7 9
      vertex 4.874221 8.744581 9
      vertex 4.713458 8.527818 9
    endloop
  endfacet
  facet normal 0 0 -1
    outer loop
      vertex 3.3999996 18.7 9
      vertex 5.055456 8.944543 9
      vertex 4.874221 8.744581 9
    endloop
  endfacet
  facet normal 0 0 -1
    outer loop
      vertex 3.3999996 18.7 9
      vertex 5.255418 9.125778 9
      vertex 5.055456 8.944543 9
    endloop
  endfacet
  facet normal 0 0 -1
    outer loop
      vertex 3.3999996 18.7 9
      vertex 5.4721813 9.286541 9
      vertex 5.255418 9.125778 9
    endloop
  endfacet
  facet normal 0 0 -1
    outer loop
      vertex 3.3999996 18.7 9
      vertex 5.703658 9.425283 9
      vertex 5.4721813 9.286541 9
    endloop
  endfacet
  facet normal 0 0 -1
    outer loop
      vertex 3.3999996 18.7 9
      vertex 5.9476204 9.5406685 9
      vertex 5.703658 9.425283 9
    endloop
  endfacet
  facet normal 0 0 -1
    outer loop
      vertex 8.744581 9.125778 9
      vertex 3.3999996 18.7 9
      vertex 33.39 21.54 9
    endloop
  endfacet
  facet normal 0 0 -1
    outer loop
      vertex 33.39 21.54 9
      vertex 2.25 21.75 9
      vertex 53.15 21.75 9
    endloop
  endfacet
  facet normal 0 0 -1
    outer loop
      vertex 3.3999996 18.7 9
      vertex 2.25 21.75 9
      vertex 33.39 21.54 9
    endloop
  endfacet
  facet normal 0 0 -1
    outer loop
      vertex 0 22.4 9
      vertex 2.25 23.15 9
      vertex 2.25 21.75 9
    endloop
  endfacet
  facet normal 0 0 -1
    outer loop
      vertex 2.25 23.15 9
      vertex 1.8519497 25.171638 9
      vertex 2.1291456 25.27082 9
    endloop
  endfacet
  facet normal 0 0 -1
    outer loop
      vertex 2.25 23.15 9
      vertex 1.5858097 25.045763 9
      vertex 1.8519497 25.171638 9
    endloop
  endfacet
  facet normal 0 0 -1
    outer loop
      vertex 2.25 23.15 9
      vertex 1.3332891 24.89441 9
      vertex 1.5858097 25.045763 9
    endloop
  endfacet
  facet normal 0 0 -1
    outer loop
      vertex 2.25 23.15 9
      vertex 1.0968199 24.719032 9
      vertex 1.3332891 24.89441 9
    endloop
  endfacet
  facet normal 0 0 -1
    outer loop
      vertex 0 18.7 9
      vertex 2.25 21.75 9
      vertex 3.3999996 18.7 9
    endloop
  endfacet
  facet normal 0 0 -1
    outer loop
      vertex 2.25 23.15 9
      vertex 0 22.4 9
      vertex 0.014445305 22.69405 9
    endloop
  endfacet
  facet normal 0 0 -1
    outer loop
      vertex 2.25 23.15 9
      vertex 0.8786793 24.52132 9
      vertex 1.0968199 24.719032 9
    endloop
  endfacet
  facet normal 0 0 -1
    outer loop
      vertex 2.25 23.15 9
      vertex 0.6809683 24.30318 9
      vertex 0.8786793 24.52132 9
    endloop
  endfacet
  facet normal 0 0 -1
    outer loop
      vertex 2.25 23.15 9
      vertex 0.50559044 24.066711 9
      vertex 0.6809683 24.30318 9
    endloop
  endfacet
  facet normal 0 0 -1
    outer loop
      vertex 2.25 23.15 9
      vertex 0.35423565 23.81419 9
      vertex 0.50559044 24.066711 9
    endloop
  endfacet
  facet normal 0 0 -1
    outer loop
      vertex 2.25 23.15 9
      vertex 0.22836113 23.54805 9
      vertex 0.35423565 23.81419 9
    endloop
  endfacet
  facet normal 0 0 -1
    outer loop
      vertex 2.25 23.15 9
      vertex 0.12917805 23.270855 9
      vertex 0.22836113 23.54805 9
    endloop
  endfacet
  facet normal 0 0 -1
    outer loop
      vertex 2.25 23.15 9
      vertex 0.05764389 22.985271 9
      vertex 0.12917805 23.270855 9
    endloop
  endfacet
  facet normal 0 0 -1
    outer loop
      vertex 2.25 21.75 9
      vertex 0 18.7 9
      vertex 0 22.4 9
    endloop
  endfacet
  facet normal 0 0 -1
    outer loop
      vertex 2.25 23.15 9
      vertex 0.014445305 22.69405 9
      vertex 0.05764389 22.985271 9
    endloop
  endfacet
  facet normal 0 0 -1
    outer loop
      vertex 0 6.7 9
      vertex 3.3999996 18.7 9
      vertex 3.3999996 6.7 9
    endloop
  endfacet
  facet normal 0 0 -1
    outer loop
      vertex 3.3999996 18.7 9
      vertex 0 6.7 9
      vertex 0 18.7 9
    endloop
  endfacet
  facet normal 0 0 -1
    outer loop
      vertex 2.25 2.25 4.799999
      vertex 53.15 3.6499996 4.799999
      vertex 53.15 2.25 4.799999
    endloop
  endfacet
  facet normal 0 0 -1
    outer loop
      vertex 53.15 3.6499996 4.799999
      vertex 2.25 2.25 4.799999
      vertex 2.25 3.6499996 4.799999
    endloop
  endfacet
  facet normal -1 0 0
    outer loop
      vertex 2.25 2.25 4.799999
      vertex 2.25 3.6499996 9
      vertex 2.25 3.6499996 4.799999
    endloop
  endfacet
  facet normal -1 0 0
    outer loop
      vertex 2.25 3.6499996 9
      vertex 2.25 2.25 4.799999
      vertex 2.25 2.25 9
    endloop
  endfacet
  facet normal 0 1 0
    outer loop
      vertex 53.15 3.6499996 4.799999
      vertex 2.25 3.6499996 9
      vertex 53.15 3.6499996 9
    endloop
  endfacet
  facet normal 0 1 0
    outer loop
      vertex 2.25 3.6499996 9
      vertex 53.15 3.6499996 4.799999
      vertex 2.25 3.6499996 4.799999
    endloop
  endfacet
  facet normal 0 -1 0
    outer loop
      vertex 2.25 2.25 9
      vertex 5 2.25 6.045477
      vertex 53.15 2.25 9
    endloop
  endfacet
  facet normal 0 -1 0
    outer loop
      vertex 2.25 2.25 4.799999
      vertex 5 2.25 6.045477
      vertex 2.25 2.25 9
    endloop
  endfacet
  facet normal 0 -1 0
    outer loop
      vertex 5 2.25 5.154522
      vertex 2.25 2.25 4.799999
      vertex 50.4 2.25 5.154522
    endloop
  endfacet
  facet normal 0 -1 0
    outer loop
      vertex 5 2.25 6.045477
      vertex 2.25 2.25 4.799999
      vertex 5 2.25 5.154522
    endloop
  endfacet
  facet normal 0 -1 0
    outer loop
      vertex 50.4 2.25 6.045477
      vertex 53.15 2.25 9
      vertex 5 2.25 6.045477
    endloop
  endfacet
  facet normal 0 -1 0
    outer loop
      vertex 53.15 2.25 4.799999
      vertex 50.4 2.25 6.045477
      vertex 50.4 2.25 5.154522
    endloop
  endfacet
  facet normal 0 -1 0
    outer loop
      vertex 50.4 2.25 6.045477
      vertex 53.15 2.25 4.799999
      vertex 53.15 2.25 9
    endloop
  endfacet
  facet normal 0 -1 0
    outer loop
      vertex 53.15 2.25 4.799999
      vertex 50.4 2.25 5.154522
      vertex 2.25 2.25 4.799999
    endloop
  endfacet
  facet normal 1 0 0
    outer loop
      vertex 53.15 21.75 9
      vertex 53.15 23.15 4.799999
      vertex 53.15 23.15 9
    endloop
  endfacet
  facet normal 1 0 0
    outer loop
      vertex 53.15 23.15 4.799999
      vertex 53.15 21.75 9
      vertex 53.15 21.75 4.799999
    endloop
  endfacet
  facet normal 0 0 -1
    outer loop
      vertex 2.25 21.75 4.799999
      vertex 53.15 23.15 4.799999
      vertex 53.15 21.75 4.799999
    endloop
  endfacet
  facet normal 0 0 -1
    outer loop
      vertex 53.15 23.15 4.799999
      vertex 2.25 21.75 4.799999
      vertex 2.25 23.15 4.799999
    endloop
  endfacet
  facet normal -1 0 0
    outer loop
      vertex 2.25 21.75 4.799999
      vertex 2.25 23.15 9
      vertex 2.25 23.15 4.799999
    endloop
  endfacet
  facet normal -1 0 0
    outer loop
      vertex 2.25 23.15 9
      vertex 2.25 21.75 4.799999
      vertex 2.25 21.75 9
    endloop
  endfacet
  facet normal 0 1 0
    outer loop
      vertex 53.15 23.15 9
      vertex 50.4 23.15 6.045477
      vertex 2.25 23.15 9
    endloop
  endfacet
  facet normal 0 1 0
    outer loop
      vertex 53.15 23.15 4.799999
      vertex 50.4 23.15 6.045477
      vertex 53.15 23.15 9
    endloop
  endfacet
  facet normal 0 1 0
    outer loop
      vertex 50.4 23.15 5.154522
      vertex 53.15 23.15 4.799999
      vertex 5 23.15 5.154522
    endloop
  endfacet
  facet normal 0 1 0
    outer loop
      vertex 50.4 23.15 6.045477
      vertex 53.15 23.15 4.799999
      vertex 50.4 23.15 5.154522
    endloop
  endfacet
  facet normal 0 1 0
    outer loop
      vertex 5 23.15 6.045477
      vertex 2.25 23.15 9
      vertex 50.4 23.15 6.045477
    endloop
  endfacet
  facet normal 0 1 0
    outer loop
      vertex 2.25 23.15 4.799999
      vertex 5 23.15 6.045477
      vertex 5 23.15 5.154522
    endloop
  endfacet
  facet normal 0 1 0
    outer loop
      vertex 5 23.15 6.045477
      vertex 2.25 23.15 4.799999
      vertex 2.25 23.15 9
    endloop
  endfacet
  facet normal 0 1 0
    outer loop
      vertex 2.25 23.15 4.799999
      vertex 5 23.15 5.154522
      vertex 53.15 23.15 4.799999
    endloop
  endfacet
  facet normal 0 -1 0
    outer loop
      vertex 2.25 21.75 4.799999
      vertex 53.15 21.75 9
      vertex 2.25 21.75 9
    endloop
  endfacet
  facet normal 0 -1 0
    outer loop
      vertex 53.15 21.75 9
      vertex 2.25 21.75 4.799999
      vertex 53.15 21.75 4.799999
    endloop
  endfacet
  facet normal 0 -0.70710677 0.70710677
    outer loop
      vertex 5 1.8045225 5.5999994
      vertex 50.4 2.25 6.045477
      vertex 5 2.25 6.045477
    endloop
  endfacet
  facet normal 0 -0.70710677 0.70710677
    outer loop
      vertex 50.4 2.25 6.045477
      vertex 5 1.8045225 5.5999994
      vertex 50.4 1.8045225 5.5999994
    endloop
  endfacet
  facet normal 1 0 0
    outer loop
      vertex 50.4 2.25 6.045477
      vertex 50.4 1.8045225 5.5999994
      vertex 50.4 2.25 5.154522
    endloop
  endfacet
  facet normal -1 0 0
    outer loop
      vertex 5 2.25 5.154522
      vertex 5 1.8045225 5.5999994
      vertex 5 2.25 6.045477
    endloop
  endfacet
  facet normal 0 -0.70710677 -0.70710677
    outer loop
      vertex 5 2.25 5.154522
      vertex 50.4 1.8045225 5.5999994
      vertex 5 1.8045225 5.5999994
    endloop
  endfacet
  facet normal 0 -0.70710677 -0.70710677
    outer loop
      vertex 50.4 1.8045225 5.5999994
      vertex 5 2.25 5.154522
      vertex 50.4 2.25 5.154522
    endloop
  endfacet
  facet normal -1 0 0
    outer loop
      vertex 5 23.595478 5.5999994
      vertex 5 23.15 5.154522
      vertex 5 23.15 6.045477
    endloop
  endfacet
  facet normal 1 0 0
    outer loop
      vertex 50.4 23.15 6.045477
      vertex 50.4 23.15 5.154522
      vertex 50.4 23.595478 5.5999994
    endloop
  endfacet
  facet normal 0 0.70710605 -0.70710754
    outer loop
      vertex 5 23.15 5.154522
      vertex 50.4 23.595478 5.5999994
      vertex 50.4 23.15 5.154522
    endloop
  endfacet
  facet normal 0 0.70710605 -0.70710754
    outer loop
      vertex 50.4 23.595478 5.5999994
      vertex 5 23.15 5.154522
      vertex 5 23.595478 5.5999994
    endloop
  endfacet
  facet normal 0 0.70710605 0.70710754
    outer loop
      vertex 5 23.595478 5.5999994
      vertex 50.4 23.15 6.045477
      vertex 50.4 23.595478 5.5999994
    endloop
  endfacet
  facet normal 0 0.70710605 0.70710754
    outer loop
      vertex 50.4 23.15 6.045477
      vertex 5 23.595478 5.5999994
      vertex 5 23.15 6.045477
    endloop
  endfacet
  facet normal -1 0 0
    outer loop
      vertex 0 18.7 9
      vertex 0 22.4 10.599999
      vertex 0 22.4 9
    endloop
  endfacet
  facet normal -1 0 0
    outer loop
      vertex 0 6.7 9
      vertex 0 22.4 10.599999
      vertex 0 18.7 9
    endloop
  endfacet
  facet normal -1 0 0
    outer loop
      vertex 0 3 10.599999
      vertex 0 6.7 9
      vertex 0 3 9
    endloop
  endfacet
  facet normal -1 0 0
    outer loop
      vertex 0 6.7 9
      vertex 0 3 10.599999
      vertex 0 22.4 10.599999
    endloop
  endfacet
  facet normal -0.74094987 0.67156035 0
    outer loop
      vertex 0.6809683 24.30318 9
      vertex 0.8786793 24.52132 10.599999
      vertex 0.8786793 24.52132 9
    endloop
  endfacet
  facet normal -0.74094987 0.67156035 0
    outer loop
      vertex 0.8786793 24.52132 10.599999
      vertex 0.6809683 24.30318 9
      vertex 0.6809683 24.30318 10.599999
    endloop
  endfacet
  facet normal 0.67156035 -0.74094987 0
    outer loop
      vertex 54.30318 0.6809683 9
      vertex 54.52132 0.8786793 10.599999
      vertex 54.30318 0.6809683 10.599999
    endloop
  endfacet
  facet normal 0.67156035 -0.74094987 0
    outer loop
      vertex 54.52132 0.8786793 10.599999
      vertex 54.30318 0.6809683 9
      vertex 54.52132 0.8786793 9
    endloop
  endfacet
  facet normal 0.5141008 -0.8577298 0
    outer loop
      vertex 53.81419 0.35423565 9
      vertex 54.06671 0.50559044 10.599999
      vertex 53.81419 0.35423565 10.599999
    endloop
  endfacet
  facet normal 0.5141008 -0.8577298 0
    outer loop
      vertex 54.06671 0.50559044 10.599999
      vertex 53.81419 0.35423565 9
      vertex 54.06671 0.50559044 9
    endloop
  endfacet
  facet normal -0.74095136 -0.67155874 0
    outer loop
      vertex 0.8786793 0.8786793 9
      vertex 0.6809683 1.0968199 10.599999
      vertex 0.6809683 1.0968199 9
    endloop
  endfacet
  facet normal -0.74095136 -0.67155874 0
    outer loop
      vertex 0.6809683 1.0968199 10.599999
      vertex 0.8786793 0.8786793 9
      vertex 0.8786793 0.8786793 10.599999
    endloop
  endfacet
  facet normal -0.9700317 -0.24297844 0
    outer loop
      vertex 0.12917805 2.1291456 9
      vertex 0.05764389 2.4147282 10.599999
      vertex 0.05764389 2.4147282 9
    endloop
  endfacet
  facet normal -0.9700317 -0.24297844 0
    outer loop
      vertex 0.05764389 2.4147282 10.599999
      vertex 0.12917805 2.1291456 9
      vertex 0.12917805 2.1291456 10.599999
    endloop
  endfacet
  facet normal -0.67155874 -0.74095136 0
    outer loop
      vertex 0.8786793 0.8786793 9
      vertex 1.0968199 0.6809683 10.599999
      vertex 0.8786793 0.8786793 10.599999
    endloop
  endfacet
  facet normal -0.67155874 -0.74095136 0
    outer loop
      vertex 1.0968199 0.6809683 10.599999
      vertex 0.8786793 0.8786793 9
      vertex 1.0968199 0.6809683 9
    endloop
  endfacet
  facet normal -0.94154286 0.33689326 0
    outer loop
      vertex 0.12917805 23.270855 9
      vertex 0.22836113 23.54805 10.599999
      vertex 0.22836113 23.54805 9
    endloop
  endfacet
  facet normal -0.94154286 0.33689326 0
    outer loop
      vertex 0.22836113 23.54805 10.599999
      vertex 0.12917805 23.270855 9
      vertex 0.12917805 23.270855 10.599999
    endloop
  endfacet
  facet normal -0.5956999 -0.8032071 0
    outer loop
      vertex 1.0968199 0.6809683 9
      vertex 1.3332891 0.50559044 10.599999
      vertex 1.0968199 0.6809683 10.599999
    endloop
  endfacet
  facet normal -0.5956999 -0.8032071 0
    outer loop
      vertex 1.3332891 0.50559044 10.599999
      vertex 1.0968199 0.6809683 9
      vertex 1.3332891 0.50559044 9
    endloop
  endfacet
  facet normal -0.24297844 -0.9700317 0
    outer loop
      vertex 2.1291456 0.12917805 9
      vertex 2.4147282 0.05764389 10.599999
      vertex 2.1291456 0.12917805 10.599999
    endloop
  endfacet
  facet normal -0.24297844 -0.9700317 0
    outer loop
      vertex 2.4147282 0.05764389 10.599999
      vertex 2.1291456 0.12917805 9
      vertex 2.4147282 0.05764389 9
    endloop
  endfacet
  facet normal 0.67156214 0.74094826 0
    outer loop
      vertex 54.52132 24.52132 9
      vertex 54.30318 24.719032 10.599999
      vertex 54.52132 24.52132 10.599999
    endloop
  endfacet
  facet normal 0.67156214 0.74094826 0
    outer loop
      vertex 54.30318 24.719032 10.599999
      vertex 54.52132 24.52132 9
      vertex 54.30318 24.719032 9
    endloop
  endfacet
  facet normal 0.80320865 -0.5956978 0
    outer loop
      vertex 54.719032 1.0968199 10.599999
      vertex 54.89441 1.3332891 9
      vertex 54.89441 1.3332891 10.599999
    endloop
  endfacet
  facet normal 0.80320865 -0.5956978 0
    outer loop
      vertex 54.89441 1.3332891 9
      vertex 54.719032 1.0968199 10.599999
      vertex 54.719032 1.0968199 9
    endloop
  endfacet
  facet normal 0.74094975 -0.6715605 0
    outer loop
      vertex 54.52132 0.8786793 10.599999
      vertex 54.719032 1.0968199 9
      vertex 54.719032 1.0968199 10.599999
    endloop
  endfacet
  facet normal 0.74094975 -0.6715605 0
    outer loop
      vertex 54.719032 1.0968199 9
      vertex 54.52132 0.8786793 10.599999
      vertex 54.52132 0.8786793 9
    endloop
  endfacet
  facet normal 0.049069677 0.99879533 0
    outer loop
      vertex 52.69405 25.385553 9
      vertex 52.4 25.4 10.599999
      vertex 52.69405 25.385553 10.599999
    endloop
  endfacet
  facet normal 0.049069677 0.99879533 0
    outer loop
      vertex 52.4 25.4 10.599999
      vertex 52.69405 25.385553 9
      vertex 52.4 25.4 9
    endloop
  endfacet
  facet normal 0.049066447 -0.9987955 0
    outer loop
      vertex 52.4 0 9
      vertex 52.69405 0.014445305 10.599999
      vertex 52.4 0 10.599999
    endloop
  endfacet
  facet normal 0.049066447 -0.9987955 0
    outer loop
      vertex 52.69405 0.014445305 10.599999
      vertex 52.4 0 9
      vertex 52.69405 0.014445305 9
    endloop
  endfacet
  facet normal -0.42755684 0.9039885 0
    outer loop
      vertex 1.8519497 25.171638 9
      vertex 1.5858097 25.045763 10.599999
      vertex 1.8519497 25.171638 10.599999
    endloop
  endfacet
  facet normal -0.42755684 0.9039885 0
    outer loop
      vertex 1.5858097 25.045763 10.599999
      vertex 1.8519497 25.171638 9
      vertex 1.5858097 25.045763 9
    endloop
  endfacet
  facet normal 0.94154423 -0.33688936 0
    outer loop
      vertex 55.17164 1.8519497 10.599999
      vertex 55.27082 2.1291456 9
      vertex 55.27082 2.1291456 10.599999
    endloop
  endfacet
  facet normal 0.94154423 -0.33688936 0
    outer loop
      vertex 55.27082 2.1291456 9
      vertex 55.17164 1.8519497 10.599999
      vertex 55.17164 1.8519497 9
    endloop
  endfacet
  facet normal 0 -1 0
    outer loop
      vertex 3 0 9
      vertex 52.4 0 10.599999
      vertex 3 0 10.599999
    endloop
  endfacet
  facet normal 0 -1 0
    outer loop
      vertex 52.4 0 10.599999
      vertex 3 0 9
      vertex 52.4 0 9
    endloop
  endfacet
  facet normal -0.8577298 0.5141008 0
    outer loop
      vertex 0.35423565 23.81419 9
      vertex 0.50559044 24.066711 10.599999
      vertex 0.50559044 24.066711 9
    endloop
  endfacet
  facet normal -0.8577298 0.5141008 0
    outer loop
      vertex 0.50559044 24.066711 10.599999
      vertex 0.35423565 23.81419 9
      vertex 0.35423565 23.81419 10.599999
    endloop
  endfacet
  facet normal 1 0 0
    outer loop
      vertex 55.4 3 10.599999
      vertex 55.4 22.4 9
      vertex 55.4 22.4 10.599999
    endloop
  endfacet
  facet normal 1 0 0
    outer loop
      vertex 55.4 22.4 9
      vertex 55.4 3 10.599999
      vertex 55.4 3 9
    endloop
  endfacet
  facet normal 0.97003245 -0.24297538 0
    outer loop
      vertex 55.27082 2.1291456 10.599999
      vertex 55.342354 2.4147282 9
      vertex 55.342354 2.4147282 10.599999
    endloop
  endfacet
  facet normal 0.97003245 -0.24297538 0
    outer loop
      vertex 55.342354 2.4147282 9
      vertex 55.27082 2.1291456 10.599999
      vertex 55.27082 2.1291456 9
    endloop
  endfacet
  facet normal 0.8577341 0.51409364 0
    outer loop
      vertex 55.04576 23.81419 10.599999
      vertex 54.89441 24.066711 9
      vertex 54.89441 24.066711 10.599999
    endloop
  endfacet
  facet normal 0.8577341 0.51409364 0
    outer loop
      vertex 54.89441 24.066711 9
      vertex 55.04576 23.81419 10.599999
      vertex 55.04576 23.81419 9
    endloop
  endfacet
  facet normal 0.99879473 0.049082287 0
    outer loop
      vertex 55.4 22.4 10.599999
      vertex 55.38555 22.69405 9
      vertex 55.38555 22.69405 10.599999
    endloop
  endfacet
  facet normal 0.99879473 0.049082287 0
    outer loop
      vertex 55.38555 22.69405 9
      vertex 55.4 22.4 10.599999
      vertex 55.4 22.4 9
    endloop
  endfacet
  facet normal 0.74094826 0.67156214 0
    outer loop
      vertex 54.719032 24.30318 10.599999
      vertex 54.52132 24.52132 9
      vertex 54.52132 24.52132 10.599999
    endloop
  endfacet
  facet normal 0.74094826 0.67156214 0
    outer loop
      vertex 54.52132 24.52132 9
      vertex 54.719032 24.30318 10.599999
      vertex 54.719032 24.30318 9
    endloop
  endfacet
  facet normal -0.5141022 -0.8577289 0
    outer loop
      vertex 1.3332891 0.50559044 9
      vertex 1.5858097 0.35423565 10.599999
      vertex 1.3332891 0.50559044 10.599999
    endloop
  endfacet
  facet normal -0.5141022 -0.8577289 0
    outer loop
      vertex 1.5858097 0.35423565 10.599999
      vertex 1.3332891 0.50559044 9
      vertex 1.5858097 0.35423565 9
    endloop
  endfacet
  facet normal 0.24298072 0.97003114 0
    outer loop
      vertex 53.270855 25.27082 9
      vertex 52.98527 25.342356 10.599999
      vertex 53.270855 25.27082 10.599999
    endloop
  endfacet
  facet normal 0.24298072 0.97003114 0
    outer loop
      vertex 52.98527 25.342356 10.599999
      vertex 53.270855 25.27082 9
      vertex 52.98527 25.342356 9
    endloop
  endfacet
  facet normal -0.9415432 -0.33689225 0
    outer loop
      vertex 0.22836113 1.8519497 9
      vertex 0.12917805 2.1291456 10.599999
      vertex 0.12917805 2.1291456 9
    endloop
  endfacet
  facet normal -0.9415432 -0.33689225 0
    outer loop
      vertex 0.12917805 2.1291456 10.599999
      vertex 0.22836113 1.8519497 9
      vertex 0.22836113 1.8519497 10.599999
    endloop
  endfacet
  facet normal -0.90398973 -0.42755422 0
    outer loop
      vertex 0.35423565 1.5858097 9
      vertex 0.22836113 1.8519497 10.599999
      vertex 0.22836113 1.8519497 9
    endloop
  endfacet
  facet normal -0.90398973 -0.42755422 0
    outer loop
      vertex 0.22836113 1.8519497 10.599999
      vertex 0.35423565 1.5858097 9
      vertex 0.35423565 1.5858097 10.599999
    endloop
  endfacet
  facet normal 0.903986 -0.42756215 0
    outer loop
      vertex 55.04576 1.5858097 10.599999
      vertex 55.17164 1.8519497 9
      vertex 55.17164 1.8519497 10.599999
    endloop
  endfacet
  facet normal 0.903986 -0.42756215 0
    outer loop
      vertex 55.17164 1.8519497 9
      vertex 55.04576 1.5858097 10.599999
      vertex 55.04576 1.5858097 9
    endloop
  endfacet
  facet normal -0.33689225 -0.9415432 0
    outer loop
      vertex 1.8519497 0.22836113 9
      vertex 2.1291456 0.12917805 10.599999
      vertex 1.8519497 0.22836113 10.599999
    endloop
  endfacet
  facet normal -0.33689225 -0.9415432 0
    outer loop
      vertex 2.1291456 0.12917805 10.599999
      vertex 1.8519497 0.22836113 9
      vertex 2.1291456 0.12917805 9
    endloop
  endfacet
  facet normal 0.14673027 -0.9891765 0
    outer loop
      vertex 52.69405 0.014445305 9
      vertex 52.98527 0.05764389 10.599999
      vertex 52.69405 0.014445305 10.599999
    endloop
  endfacet
  facet normal 0.14673027 -0.9891765 0
    outer loop
      vertex 52.98527 0.05764389 10.599999
      vertex 52.69405 0.014445305 9
      vertex 52.98527 0.05764389 9
    endloop
  endfacet
  facet normal -0.9891765 0.14673027 0
    outer loop
      vertex 0.014445305 22.69405 9
      vertex 0.05764389 22.985271 10.599999
      vertex 0.05764389 22.985271 9
    endloop
  endfacet
  facet normal -0.9891765 0.14673027 0
    outer loop
      vertex 0.05764389 22.985271 10.599999
      vertex 0.014445305 22.69405 9
      vertex 0.014445305 22.69405 10.599999
    endloop
  endfacet
  facet normal 0.98917687 -0.14672804 0
    outer loop
      vertex 55.342354 2.4147282 10.599999
      vertex 55.38555 2.7059479 9
      vertex 55.38555 2.7059479 10.599999
    endloop
  endfacet
  facet normal 0.98917687 -0.14672804 0
    outer loop
      vertex 55.38555 2.7059479 9
      vertex 55.342354 2.4147282 10.599999
      vertex 55.342354 2.4147282 9
    endloop
  endfacet
  facet normal 0 1 0
    outer loop
      vertex 52.4 25.4 9
      vertex 3 25.4 10.599999
      vertex 52.4 25.4 10.599999
    endloop
  endfacet
  facet normal 0 1 0
    outer loop
      vertex 3 25.4 10.599999
      vertex 52.4 25.4 9
      vertex 3 25.4 9
    endloop
  endfacet
  facet normal -0.8577289 -0.5141022 0
    outer loop
      vertex 0.50559044 1.3332891 9
      vertex 0.35423565 1.5858097 10.599999
      vertex 0.35423565 1.5858097 9
    endloop
  endfacet
  facet normal -0.8577289 -0.5141022 0
    outer loop
      vertex 0.35423565 1.5858097 10.599999
      vertex 0.50559044 1.3332891 9
      vertex 0.50559044 1.3332891 10.599999
    endloop
  endfacet
  facet normal 0.5956999 -0.8032071 0
    outer loop
      vertex 54.06671 0.50559044 9
      vertex 54.30318 0.6809683 10.599999
      vertex 54.06671 0.50559044 10.599999
    endloop
  endfacet
  facet normal 0.5956999 -0.8032071 0
    outer loop
      vertex 54.30318 0.6809683 10.599999
      vertex 54.06671 0.50559044 9
      vertex 54.30318 0.6809683 9
    endloop
  endfacet
  facet normal -0.14672804 0.98917687 0
    outer loop
      vertex 2.7059479 25.385553 9
      vertex 2.4147282 25.342356 10.599999
      vertex 2.7059479 25.385553 10.599999
    endloop
  endfacet
  facet normal -0.14672804 0.98917687 0
    outer loop
      vertex 2.4147282 25.342356 10.599999
      vertex 2.7059479 25.385553 9
      vertex 2.4147282 25.342356 9
    endloop
  endfacet
  facet normal -0.049065813 -0.99879557 0
    outer loop
      vertex 2.7059479 0.014445305 9
      vertex 3 0 10.599999
      vertex 2.7059479 0.014445305 10.599999
    endloop
  endfacet
  facet normal -0.049065813 -0.99879557 0
    outer loop
      vertex 3 0 10.599999
      vertex 2.7059479 0.014445305 9
      vertex 3 0 9
    endloop
  endfacet
  facet normal -0.6715605 0.74094975 0
    outer loop
      vertex 1.0968199 24.719032 9
      vertex 0.8786793 24.52132 10.599999
      vertex 1.0968199 24.719032 10.599999
    endloop
  endfacet
  facet normal -0.6715605 0.74094975 0
    outer loop
      vertex 0.8786793 24.52132 10.599999
      vertex 1.0968199 24.719032 9
      vertex 0.8786793 24.52132 9
    endloop
  endfacet
  facet normal -0.24298148 0.9700309 0
    outer loop
      vertex 2.4147282 25.342356 9
      vertex 2.1291456 25.27082 10.599999
      vertex 2.4147282 25.342356 10.599999
    endloop
  endfacet
  facet normal -0.24298148 0.9700309 0
    outer loop
      vertex 2.1291456 25.27082 10.599999
      vertex 2.4147282 25.342356 9
      vertex 2.1291456 25.27082 9
    endloop
  endfacet
  facet normal -0.42755422 -0.90398973 0
    outer loop
      vertex 1.5858097 0.35423565 9
      vertex 1.8519497 0.22836113 10.599999
      vertex 1.5858097 0.35423565 10.599999
    endloop
  endfacet
  facet normal -0.42755422 -0.90398973 0
    outer loop
      vertex 1.8519497 0.22836113 10.599999
      vertex 1.5858097 0.35423565 9
      vertex 1.8519497 0.22836113 9
    endloop
  endfacet
  facet normal 0.97003263 0.24297462 0
    outer loop
      vertex 55.342354 22.985271 10.599999
      vertex 55.27082 23.270855 9
      vertex 55.27082 23.270855 10.599999
    endloop
  endfacet
  facet normal 0.97003263 0.24297462 0
    outer loop
      vertex 55.27082 23.270855 9
      vertex 55.342354 22.985271 10.599999
      vertex 55.342354 22.985271 9
    endloop
  endfacet
  facet normal -0.8032071 -0.5956999 0
    outer loop
      vertex 0.6809683 1.0968199 9
      vertex 0.50559044 1.3332891 10.599999
      vertex 0.50559044 1.3332891 9
    endloop
  endfacet
  facet normal -0.8032071 -0.5956999 0
    outer loop
      vertex 0.50559044 1.3332891 10.599999
      vertex 0.6809683 1.0968199 9
      vertex 0.6809683 1.0968199 10.599999
    endloop
  endfacet
  facet normal 0.99879473 -0.04908197 0
    outer loop
      vertex 55.38555 2.7059479 10.599999
      vertex 55.4 3 9
      vertex 55.4 3 10.599999
    endloop
  endfacet
  facet normal 0.99879473 -0.04908197 0
    outer loop
      vertex 55.4 3 9
      vertex 55.38555 2.7059479 10.599999
      vertex 55.38555 2.7059479 9
    endloop
  endfacet
  facet normal 0.8577332 -0.51409507 0
    outer loop
      vertex 54.89441 1.3332891 10.599999
      vertex 55.04576 1.5858097 9
      vertex 55.04576 1.5858097 10.599999
    endloop
  endfacet
  facet normal 0.8577332 -0.51409507 0
    outer loop
      vertex 55.04576 1.5858097 9
      vertex 54.89441 1.3332891 10.599999
      vertex 54.89441 1.3332891 9
    endloop
  endfacet
  facet normal -0.97003186 0.24297766 0
    outer loop
      vertex 0.05764389 22.985271 9
      vertex 0.12917805 23.270855 10.599999
      vertex 0.12917805 23.270855 9
    endloop
  endfacet
  facet normal -0.97003186 0.24297766 0
    outer loop
      vertex 0.12917805 23.270855 10.599999
      vertex 0.05764389 22.985271 9
      vertex 0.05764389 22.985271 10.599999
    endloop
  endfacet
  facet normal 0.42755422 -0.90398973 0
    outer loop
      vertex 53.54805 0.22836113 9
      vertex 53.81419 0.35423565 10.599999
      vertex 53.54805 0.22836113 10.599999
    endloop
  endfacet
  facet normal 0.42755422 -0.90398973 0
    outer loop
      vertex 53.81419 0.35423565 10.599999
      vertex 53.54805 0.22836113 9
      vertex 53.81419 0.35423565 9
    endloop
  endfacet
  facet normal 0.80320865 0.5956978 0
    outer loop
      vertex 54.89441 24.066711 10.599999
      vertex 54.719032 24.30318 9
      vertex 54.719032 24.30318 10.599999
    endloop
  endfacet
  facet normal 0.80320865 0.5956978 0
    outer loop
      vertex 54.719032 24.30318 9
      vertex 54.89441 24.066711 10.599999
      vertex 54.89441 24.066711 9
    endloop
  endfacet
  facet normal 0.33689326 -0.94154286 0
    outer loop
      vertex 53.270855 0.12917805 9
      vertex 53.54805 0.22836113 10.599999
      vertex 53.270855 0.12917805 10.599999
    endloop
  endfacet
  facet normal 0.33689326 -0.94154286 0
    outer loop
      vertex 53.54805 0.22836113 10.599999
      vertex 53.270855 0.12917805 9
      vertex 53.54805 0.22836113 9
    endloop
  endfacet
  facet normal 0.1467271 0.989177 0
    outer loop
      vertex 52.98527 25.342356 9
      vertex 52.69405 25.385553 10.599999
      vertex 52.98527 25.342356 10.599999
    endloop
  endfacet
  facet normal 0.1467271 0.989177 0
    outer loop
      vertex 52.69405 25.385553 10.599999
      vertex 52.98527 25.342356 9
      vertex 52.69405 25.385553 9
    endloop
  endfacet
  facet normal 0.5956978 0.80320865 0
    outer loop
      vertex 54.30318 24.719032 9
      vertex 54.06671 24.89441 10.599999
      vertex 54.30318 24.719032 10.599999
    endloop
  endfacet
  facet normal 0.5956978 0.80320865 0
    outer loop
      vertex 54.06671 24.89441 10.599999
      vertex 54.30318 24.719032 9
      vertex 54.06671 24.89441 9
    endloop
  endfacet
  facet normal -0.99879557 -0.049065813 0
    outer loop
      vertex 0.014445305 2.7059479 9
      vertex 0 3 10.599999
      vertex 0 3 9
    endloop
  endfacet
  facet normal -0.99879557 -0.049065813 0
    outer loop
      vertex 0 3 10.599999
      vertex 0.014445305 2.7059479 9
      vertex 0.014445305 2.7059479 10.599999
    endloop
  endfacet
  facet normal -0.5956978 0.80320865 0
    outer loop
      vertex 1.3332891 24.89441 9
      vertex 1.0968199 24.719032 10.599999
      vertex 1.3332891 24.89441 10.599999
    endloop
  endfacet
  facet normal -0.5956978 0.80320865 0
    outer loop
      vertex 1.0968199 24.719032 10.599999
      vertex 1.3332891 24.89441 9
      vertex 1.0968199 24.719032 9
    endloop
  endfacet
  facet normal -0.51409984 0.8577303 0
    outer loop
      vertex 1.5858097 25.045763 9
      vertex 1.3332891 24.89441 10.599999
      vertex 1.5858097 25.045763 10.599999
    endloop
  endfacet
  facet normal -0.51409984 0.8577303 0
    outer loop
      vertex 1.3332891 24.89441 10.599999
      vertex 1.5858097 25.045763 9
      vertex 1.3332891 24.89441 9
    endloop
  endfacet
  facet normal 0.24297766 -0.97003186 0
    outer loop
      vertex 52.98527 0.05764389 9
      vertex 53.270855 0.12917805 10.599999
      vertex 52.98527 0.05764389 10.599999
    endloop
  endfacet
  facet normal 0.24297766 -0.97003186 0
    outer loop
      vertex 53.270855 0.12917805 10.599999
      vertex 52.98527 0.05764389 9
      vertex 53.270855 0.12917805 9
    endloop
  endfacet
  facet normal -0.33688936 0.94154423 0
    outer loop
      vertex 2.1291456 25.27082 9
      vertex 1.8519497 25.171638 10.599999
      vertex 2.1291456 25.27082 10.599999
    endloop
  endfacet
  facet normal -0.33688936 0.94154423 0
    outer loop
      vertex 1.8519497 25.171638 10.599999
      vertex 2.1291456 25.27082 9
      vertex 1.8519497 25.171638 9
    endloop
  endfacet
  facet normal -0.9987955 0.04906613 0
    outer loop
      vertex 0 22.4 9
      vertex 0.014445305 22.69405 10.599999
      vertex 0.014445305 22.69405 9
    endloop
  endfacet
  facet normal -0.9987955 0.04906613 0
    outer loop
      vertex 0.014445305 22.69405 10.599999
      vertex 0 22.4 9
      vertex 0 22.4 10.599999
    endloop
  endfacet
  facet normal 0.42755684 0.9039885 0
    outer loop
      vertex 53.81419 25.045763 9
      vertex 53.54805 25.171638 10.599999
      vertex 53.81419 25.045763 10.599999
    endloop
  endfacet
  facet normal 0.42755684 0.9039885 0
    outer loop
      vertex 53.54805 25.171638 10.599999
      vertex 53.81419 25.045763 9
      vertex 53.54805 25.171638 9
    endloop
  endfacet
  facet normal -0.049069043 0.9987954 0
    outer loop
      vertex 3 25.4 9
      vertex 2.7059479 25.385553 10.599999
      vertex 3 25.4 10.599999
    endloop
  endfacet
  facet normal -0.049069043 0.9987954 0
    outer loop
      vertex 2.7059479 25.385553 10.599999
      vertex 3 25.4 9
      vertex 2.7059479 25.385553 9
    endloop
  endfacet
  facet normal -0.9891764 -0.14673121 0
    outer loop
      vertex 0.05764389 2.4147282 9
      vertex 0.014445305 2.7059479 10.599999
      vertex 0.014445305 2.7059479 9
    endloop
  endfacet
  facet normal -0.9891764 -0.14673121 0
    outer loop
      vertex 0.014445305 2.7059479 10.599999
      vertex 0.05764389 2.4147282 9
      vertex 0.05764389 2.4147282 10.599999
    endloop
  endfacet
  facet normal 0.3368904 0.9415439 0
    outer loop
      vertex 53.54805 25.171638 9
      vertex 53.270855 25.27082 10.599999
      vertex 53.54805 25.171638 10.599999
    endloop
  endfacet
  facet normal 0.3368904 0.9415439 0
    outer loop
      vertex 53.270855 25.27082 10.599999
      vertex 53.54805 25.171638 9
      vertex 53.270855 25.27082 9
    endloop
  endfacet
  facet normal -0.14673121 -0.9891764 0
    outer loop
      vertex 2.4147282 0.05764389 9
      vertex 2.7059479 0.014445305 10.599999
      vertex 2.4147282 0.05764389 10.599999
    endloop
  endfacet
  facet normal -0.14673121 -0.9891764 0
    outer loop
      vertex 2.7059479 0.014445305 10.599999
      vertex 2.4147282 0.05764389 9
      vertex 2.7059479 0.014445305 9
    endloop
  endfacet
  facet normal 0.903986 0.42756215 0
    outer loop
      vertex 55.17164 23.54805 10.599999
      vertex 55.04576 23.81419 9
      vertex 55.04576 23.81419 10.599999
    endloop
  endfacet
  facet normal 0.903986 0.42756215 0
    outer loop
      vertex 55.04576 23.81419 9
      vertex 55.17164 23.54805 10.599999
      vertex 55.17164 23.54805 9
    endloop
  endfacet
  facet normal 0 0 1
    outer loop
      vertex 51.299576 17.730402 10.599999
      vertex 55.4 22.4 10.599999
      vertex 51.349648 17.93031 10.599999
    endloop
  endfacet
  facet normal 0 0 1
    outer loop
      vertex 55.4 3 10.599999
      vertex 51.379887 7.265836 10.599999
      vertex 51.39 7.0599995 10.599999
    endloop
  endfacet
  facet normal 0 0 1
    outer loop
      vertex 51.23015 17.536366 10.599999
      vertex 55.4 22.4 10.599999
      vertex 51.299576 17.730402 10.599999
    endloop
  endfacet
  facet normal 0 0 1
    outer loop
      vertex 55.4 3 10.599999
      vertex 51.349648 7.4696894 10.599999
      vertex 51.379887 7.265836 10.599999
    endloop
  endfacet
  facet normal 0 0 1
    outer loop
      vertex 55.4 22.4 10.599999
      vertex 51.23015 17.536366 10.599999
      vertex 55.4 3 10.599999
    endloop
  endfacet
  facet normal 0 0 1
    outer loop
      vertex 55.4 3 10.599999
      vertex 51.299576 7.6695976 10.599999
      vertex 51.349648 7.4696894 10.599999
    endloop
  endfacet
  facet normal 0 0 1
    outer loop
      vertex 51.23015 7.863635 10.599999
      vertex 55.4 3 10.599999
      vertex 51.23015 17.536366 10.599999
    endloop
  endfacet
  facet normal 0 0 1
    outer loop
      vertex 55.4 3 10.599999
      vertex 51.23015 7.863635 10.599999
      vertex 51.299576 7.6695976 10.599999
    endloop
  endfacet
  facet normal 0 0 1
    outer loop
      vertex 51.142036 17.350067 10.599999
      vertex 51.23015 7.863635 10.599999
      vertex 51.23015 17.536366 10.599999
    endloop
  endfacet
  facet normal 0 0 1
    outer loop
      vertex 51.142036 17.350067 10.599999
      vertex 51.142036 8.0499325 10.599999
      vertex 51.23015 7.863635 10.599999
    endloop
  endfacet
  facet normal 0 0 1
    outer loop
      vertex 51.036087 17.173302 10.599999
      vertex 51.142036 8.0499325 10.599999
      vertex 51.142036 17.350067 10.599999
    endloop
  endfacet
  facet normal 0 0 1
    outer loop
      vertex 51.036087 17.173302 10.599999
      vertex 51.036087 8.226697 10.599999
      vertex 51.142036 8.0499325 10.599999
    endloop
  endfacet
  facet normal 0 0 1
    outer loop
      vertex 50.913322 17.007774 10.599999
      vertex 51.036087 8.226697 10.599999
      vertex 51.036087 17.173302 10.599999
    endloop
  endfacet
  facet normal 0 0 1
    outer loop
      vertex 50.913322 17.007774 10.599999
      vertex 50.913322 8.392225 10.599999
      vertex 51.036087 8.226697 10.599999
    endloop
  endfacet
  facet normal 0 0 1
    outer loop
      vertex 50.774925 16.855076 10.599999
      vertex 50.913322 8.392225 10.599999
      vertex 50.913322 17.007774 10.599999
    endloop
  endfacet
  facet normal 0 0 1
    outer loop
      vertex 50.774925 16.855076 10.599999
      vertex 50.774925 8.544924 10.599999
      vertex 50.913322 8.392225 10.599999
    endloop
  endfacet
  facet normal 0 0 1
    outer loop
      vertex 50.622227 16.716679 10.599999
      vertex 50.774925 8.544924 10.599999
      vertex 50.774925 16.855076 10.599999
    endloop
  endfacet
  facet normal 0 0 1
    outer loop
      vertex 50.622227 16.716679 10.599999
      vertex 50.622227 8.683321 10.599999
      vertex 50.774925 8.544924 10.599999
    endloop
  endfacet
  facet normal 0 0 1
    outer loop
      vertex 50.456696 16.593914 10.599999
      vertex 50.622227 8.683321 10.599999
      vertex 50.622227 16.716679 10.599999
    endloop
  endfacet
  facet normal 0 0 1
    outer loop
      vertex 50.456696 16.593914 10.599999
      vertex 50.456696 8.806086 10.599999
      vertex 50.622227 8.683321 10.599999
    endloop
  endfacet
  facet normal 0 0 1
    outer loop
      vertex 50.279934 16.487965 10.599999
      vertex 50.456696 8.806086 10.599999
      vertex 50.456696 16.593914 10.599999
    endloop
  endfacet
  facet normal 0 0 1
    outer loop
      vertex 50.279934 16.487965 10.599999
      vertex 50.279934 8.912034 10.599999
      vertex 50.456696 8.806086 10.599999
    endloop
  endfacet
  facet normal 0 0 1
    outer loop
      vertex 50.093636 16.399853 10.599999
      vertex 50.279934 8.912034 10.599999
      vertex 50.279934 16.487965 10.599999
    endloop
  endfacet
  facet normal 0 0 1
    outer loop
      vertex 50.093636 16.399853 10.599999
      vertex 50.093636 9.000147 10.599999
      vertex 50.279934 8.912034 10.599999
    endloop
  endfacet
  facet normal 0 0 1
    outer loop
      vertex 49.899597 16.330425 10.599999
      vertex 50.093636 9.000147 10.599999
      vertex 50.093636 16.399853 10.599999
    endloop
  endfacet
  facet normal 0 0 1
    outer loop
      vertex 49.899597 16.330425 10.599999
      vertex 49.899597 9.069574 10.599999
      vertex 50.093636 9.000147 10.599999
    endloop
  endfacet
  facet normal 0 0 1
    outer loop
      vertex 49.699688 16.28035 10.599999
      vertex 49.899597 9.069574 10.599999
      vertex 49.899597 16.330425 10.599999
    endloop
  endfacet
  facet normal 0 0 1
    outer loop
      vertex 49.699688 16.28035 10.599999
      vertex 49.699688 9.119649 10.599999
      vertex 49.899597 9.069574 10.599999
    endloop
  endfacet
  facet normal 0 0 1
    outer loop
      vertex 49.495834 16.25011 10.599999
      vertex 49.699688 9.119649 10.599999
      vertex 49.699688 16.28035 10.599999
    endloop
  endfacet
  facet normal 0 0 1
    outer loop
      vertex 49.495834 16.25011 10.599999
      vertex 49.495834 9.149887 10.599999
      vertex 49.699688 9.119649 10.599999
    endloop
  endfacet
  facet normal 0 0 1
    outer loop
      vertex 49.29 16.24 10.599999
      vertex 49.495834 9.149887 10.599999
      vertex 49.495834 16.25011 10.599999
    endloop
  endfacet
  facet normal 0 0 1
    outer loop
      vertex 49.29 16.24 10.599999
      vertex 49.29 9.16 10.599999
      vertex 49.495834 9.149887 10.599999
    endloop
  endfacet
  facet normal 0 0 1
    outer loop
      vertex 49.084164 16.25011 10.599999
      vertex 49.29 9.16 10.599999
      vertex 49.29 16.24 10.599999
    endloop
  endfacet
  facet normal 0 0 1
    outer loop
      vertex 49.084164 16.25011 10.599999
      vertex 49.084164 9.149887 10.599999
      vertex 49.29 9.16 10.599999
    endloop
  endfacet
  facet normal 0 0 1
    outer loop
      vertex 48.88031 16.28035 10.599999
      vertex 49.084164 9.149887 10.599999
      vertex 49.084164 16.25011 10.599999
    endloop
  endfacet
  facet normal 0 0 1
    outer loop
      vertex 48.88031 16.28035 10.599999
      vertex 48.88031 9.119649 10.599999
      vertex 49.084164 9.149887 10.599999
    endloop
  endfacet
  facet normal 0 0 1
    outer loop
      vertex 48.6804 16.330425 10.599999
      vertex 48.88031 9.119649 10.599999
      vertex 48.88031 16.28035 10.599999
    endloop
  endfacet
  facet normal 0 0 1
    outer loop
      vertex 48.6804 16.330425 10.599999
      vertex 48.6804 9.069574 10.599999
      vertex 48.88031 9.119649 10.599999
    endloop
  endfacet
  facet normal 0 0 1
    outer loop
      vertex 48.486366 16.399853 10.599999
      vertex 48.6804 9.069574 10.599999
      vertex 48.6804 16.330425 10.599999
    endloop
  endfacet
  facet normal 0 0 1
    outer loop
      vertex 48.486366 16.399853 10.599999
      vertex 48.486366 9.000147 10.599999
      vertex 48.6804 9.069574 10.599999
    endloop
  endfacet
  facet normal 0 0 1
    outer loop
      vertex 48.300064 16.487965 10.599999
      vertex 48.486366 9.000147 10.599999
      vertex 48.486366 16.399853 10.599999
    endloop
  endfacet
  facet normal 0 0 1
    outer loop
      vertex 48.300064 16.487965 10.599999
      vertex 48.300064 8.912034 10.599999
      vertex 48.486366 9.000147 10.599999
    endloop
  endfacet
  facet normal 0 0 1
    outer loop
      vertex 48.123302 16.593914 10.599999
      vertex 48.300064 8.912034 10.599999
      vertex 48.300064 16.487965 10.599999
    endloop
  endfacet
  facet normal 0 0 1
    outer loop
      vertex 48.123302 16.593914 10.599999
      vertex 48.123302 8.806086 10.599999
      vertex 48.300064 8.912034 10.599999
    endloop
  endfacet
  facet normal 0 0 1
    outer loop
      vertex 47.95777 16.716679 10.599999
      vertex 48.123302 8.806086 10.599999
      vertex 48.123302 16.593914 10.599999
    endloop
  endfacet
  facet normal 0 0 1
    outer loop
      vertex 47.95777 16.716679 10.599999
      vertex 47.95777 8.683321 10.599999
      vertex 48.123302 8.806086 10.599999
    endloop
  endfacet
  facet normal 0 0 1
    outer loop
      vertex 47.805077 16.855076 10.599999
      vertex 47.95777 8.683321 10.599999
      vertex 47.95777 16.716679 10.599999
    endloop
  endfacet
  facet normal 0 0 1
    outer loop
      vertex 47.805077 16.855076 10.599999
      vertex 47.805077 8.544924 10.599999
      vertex 47.95777 8.683321 10.599999
    endloop
  endfacet
  facet normal 0 0 1
    outer loop
      vertex 47.66668 17.007774 10.599999
      vertex 47.805077 8.544924 10.599999
      vertex 47.805077 16.855076 10.599999
    endloop
  endfacet
  facet normal 0 0 1
    outer loop
      vertex 47.66668 17.007774 10.599999
      vertex 47.66668 8.392225 10.599999
      vertex 47.805077 8.544924 10.599999
    endloop
  endfacet
  facet normal 0 0 1
    outer loop
      vertex 38.21332 17.007774 10.599999
      vertex 47.66668 17.007774 10.599999
      vertex 47.543915 17.173302 10.599999
    endloop
  endfacet
  facet normal 0 0 1
    outer loop
      vertex 47.66668 17.007774 10.599999
      vertex 38.21332 17.007774 10.599999
      vertex 47.66668 8.392225 10.599999
    endloop
  endfacet
  facet normal 0 0 1
    outer loop
      vertex 38.336086 17.173302 10.599999
      vertex 47.543915 17.173302 10.599999
      vertex 47.437965 17.350067 10.599999
    endloop
  endfacet
  facet normal 0 0 1
    outer loop
      vertex 38.074924 16.855076 10.599999
      vertex 47.66668 8.392225 10.599999
      vertex 38.21332 17.007774 10.599999
    endloop
  endfacet
  facet normal 0 0 1
    outer loop
      vertex 38.44203 17.350067 10.599999
      vertex 47.437965 17.350067 10.599999
      vertex 47.349854 17.536366 10.599999
    endloop
  endfacet
  facet normal 0 0 1
    outer loop
      vertex 47.66668 8.392225 10.599999
      vertex 38.074924 16.855076 10.599999
      vertex 47.543915 8.226697 10.599999
    endloop
  endfacet
  facet normal 0 0 1
    outer loop
      vertex 38.530148 17.536366 10.599999
      vertex 47.349854 17.536366 10.599999
      vertex 47.280426 17.730402 10.599999
    endloop
  endfacet
  facet normal 0 0 1
    outer loop
      vertex 37.922226 16.716679 10.599999
      vertex 47.543915 8.226697 10.599999
      vertex 38.074924 16.855076 10.599999
    endloop
  endfacet
  facet normal 0 0 1
    outer loop
      vertex 38.599575 17.730402 10.599999
      vertex 47.280426 17.730402 10.599999
      vertex 47.23035 17.93031 10.599999
    endloop
  endfacet
  facet normal 0 0 1
    outer loop
      vertex 47.543915 8.226697 10.599999
      vertex 37.922226 16.716679 10.599999
      vertex 47.437965 8.0499325 10.599999
    endloop
  endfacet
  facet normal 0 0 1
    outer loop
      vertex 38.64965 17.93031 10.599999
      vertex 47.23035 17.93031 10.599999
      vertex 47.20011 18.134163 10.599999
    endloop
  endfacet
  facet normal 0 0 1
    outer loop
      vertex 37.7567 16.593914 10.599999
      vertex 47.437965 8.0499325 10.599999
      vertex 37.922226 16.716679 10.599999
    endloop
  endfacet
  facet normal 0 0 1
    outer loop
      vertex 38.679886 18.134163 10.599999
      vertex 47.20011 18.134163 10.599999
      vertex 47.19 18.34 10.599999
    endloop
  endfacet
  facet normal 0 0 1
    outer loop
      vertex 47.437965 8.0499325 10.599999
      vertex 37.7567 16.593914 10.599999
      vertex 47.349854 7.863635 10.599999
    endloop
  endfacet
  facet normal 0 0 1
    outer loop
      vertex 50.622227 19.963322 10.599999
      vertex 55.4 22.4 10.599999
      vertex 55.38555 22.69405 10.599999
    endloop
  endfacet
  facet normal 0 0 1
    outer loop
      vertex 51.379887 18.134163 10.599999
      vertex 55.4 22.4 10.599999
      vertex 51.39 18.34 10.599999
    endloop
  endfacet
  facet normal 0 0 1
    outer loop
      vertex 50.622227 19.963322 10.599999
      vertex 55.38555 22.69405 10.599999
      vertex 55.342354 22.985271 10.599999
    endloop
  endfacet
  facet normal 0 0 1
    outer loop
      vertex 51.349648 17.93031 10.599999
      vertex 55.4 22.4 10.599999
      vertex 51.379887 18.134163 10.599999
    endloop
  endfacet
  facet normal 0 0 1
    outer loop
      vertex 50.622227 19.963322 10.599999
      vertex 55.342354 22.985271 10.599999
      vertex 55.27082 23.270855 10.599999
    endloop
  endfacet
  facet normal 0 0 1
    outer loop
      vertex 51.379887 6.854163 10.599999
      vertex 55.4 3 10.599999
      vertex 51.39 7.0599995 10.599999
    endloop
  endfacet
  facet normal 0 0 1
    outer loop
      vertex 50.622227 19.963322 10.599999
      vertex 55.27082 23.270855 10.599999
      vertex 55.17164 23.54805 10.599999
    endloop
  endfacet
  facet normal 0 0 1
    outer loop
      vertex 51.349648 6.6503096 10.599999
      vertex 55.4 3 10.599999
      vertex 51.379887 6.854163 10.599999
    endloop
  endfacet
  facet normal 0 0 1
    outer loop
      vertex 50.622227 19.963322 10.599999
      vertex 55.17164 23.54805 10.599999
      vertex 55.04576 23.81419 10.599999
    endloop
  endfacet
  facet normal 0 0 1
    outer loop
      vertex 51.299576 6.4504013 10.599999
      vertex 55.4 3 10.599999
      vertex 51.349648 6.6503096 10.599999
    endloop
  endfacet
  facet normal 0 0 1
    outer loop
      vertex 50.622227 19.963322 10.599999
      vertex 55.04576 23.81419 10.599999
      vertex 54.89441 24.066711 10.599999
    endloop
  endfacet
  facet normal 0 0 1
    outer loop
      vertex 51.23015 6.256364 10.599999
      vertex 55.4 3 10.599999
      vertex 51.299576 6.4504013 10.599999
    endloop
  endfacet
  facet normal 0 0 1
    outer loop
      vertex 50.622227 19.963322 10.599999
      vertex 54.89441 24.066711 10.599999
      vertex 54.719032 24.30318 10.599999
    endloop
  endfacet
  facet normal 0 0 1
    outer loop
      vertex 51.142036 6.0700665 10.599999
      vertex 55.4 3 10.599999
      vertex 51.23015 6.256364 10.599999
    endloop
  endfacet
  facet normal 0 0 1
    outer loop
      vertex 50.622227 19.963322 10.599999
      vertex 54.719032 24.30318 10.599999
      vertex 54.52132 24.52132 10.599999
    endloop
  endfacet
  facet normal 0 0 1
    outer loop
      vertex 51.036087 5.893302 10.599999
      vertex 55.4 3 10.599999
      vertex 51.142036 6.0700665 10.599999
    endloop
  endfacet
  facet normal 0 0 1
    outer loop
      vertex 50.622227 19.963322 10.599999
      vertex 54.52132 24.52132 10.599999
      vertex 54.30318 24.719032 10.599999
    endloop
  endfacet
  facet normal 0 0 1
    outer loop
      vertex 50.913322 5.7277737 10.599999
      vertex 55.4 3 10.599999
      vertex 51.036087 5.893302 10.599999
    endloop
  endfacet
  facet normal 0 0 1
    outer loop
      vertex 50.622227 19.963322 10.599999
      vertex 54.30318 24.719032 10.599999
      vertex 54.06671 24.89441 10.599999
    endloop
  endfacet
  facet normal 0 0 1
    outer loop
      vertex 50.774925 5.575075 10.599999
      vertex 55.4 3 10.599999
      vertex 50.913322 5.7277737 10.599999
    endloop
  endfacet
  facet normal 0 0 1
    outer loop
      vertex 50.622227 19.963322 10.599999
      vertex 54.06671 24.89441 10.599999
      vertex 53.81419 25.045763 10.599999
    endloop
  endfacet
  facet normal 0 0 1
    outer loop
      vertex 50.622227 5.436678 10.599999
      vertex 55.4 3 10.599999
      vertex 50.774925 5.575075 10.599999
    endloop
  endfacet
  facet normal 0 0 1
    outer loop
      vertex 50.622227 19.963322 10.599999
      vertex 53.81419 25.045763 10.599999
      vertex 53.54805 25.171638 10.599999
    endloop
  endfacet
  facet normal 0 0 1
    outer loop
      vertex 55.4 3 10.599999
      vertex 50.622227 5.436678 10.599999
      vertex 55.38555 2.7059479 10.599999
    endloop
  endfacet
  facet normal 0 0 1
    outer loop
      vertex 50.622227 19.963322 10.599999
      vertex 53.54805 25.171638 10.599999
      vertex 53.270855 25.27082 10.599999
    endloop
  endfacet
  facet normal 0 0 1
    outer loop
      vertex 55.38555 2.7059479 10.599999
      vertex 50.622227 5.436678 10.599999
      vertex 55.342354 2.4147282 10.599999
    endloop
  endfacet
  facet normal 0 0 1
    outer loop
      vertex 50.622227 19.963322 10.599999
      vertex 53.270855 25.27082 10.599999
      vertex 52.98527 25.342356 10.599999
    endloop
  endfacet
  facet normal 0 0 1
    outer loop
      vertex 55.342354 2.4147282 10.599999
      vertex 50.622227 5.436678 10.599999
      vertex 55.27082 2.1291456 10.599999
    endloop
  endfacet
  facet normal 0 0 1
    outer loop
      vertex 50.622227 19.963322 10.599999
      vertex 52.98527 25.342356 10.599999
      vertex 52.69405 25.385553 10.599999
    endloop
  endfacet
  facet normal 0 0 1
    outer loop
      vertex 55.27082 2.1291456 10.599999
      vertex 50.622227 5.436678 10.599999
      vertex 55.17164 1.8519497 10.599999
    endloop
  endfacet
  facet normal 0 0 1
    outer loop
      vertex 50.622227 19.963322 10.599999
      vertex 52.69405 25.385553 10.599999
      vertex 52.4 25.4 10.599999
    endloop
  endfacet
  facet normal 0 0 1
    outer loop
      vertex 55.17164 1.8519497 10.599999
      vertex 50.622227 5.436678 10.599999
      vertex 55.04576 1.5858097 10.599999
    endloop
  endfacet
  facet normal 0 0 1
    outer loop
      vertex 55.04576 1.5858097 10.599999
      vertex 50.622227 5.436678 10.599999
      vertex 54.89441 1.3332891 10.599999
    endloop
  endfacet
  facet normal 0 0 1
    outer loop
      vertex 55.4 22.4 10.599999
      vertex 51.379887 18.545835 10.599999
      vertex 51.39 18.34 10.599999
    endloop
  endfacet
  facet normal 0 0 1
    outer loop
      vertex 55.4 22.4 10.599999
      vertex 51.349648 18.74969 10.599999
      vertex 51.379887 18.545835 10.599999
    endloop
  endfacet
  facet normal 0 0 1
    outer loop
      vertex 55.4 22.4 10.599999
      vertex 51.299576 18.949596 10.599999
      vertex 51.349648 18.74969 10.599999
    endloop
  endfacet
  facet normal 0 0 1
    outer loop
      vertex 55.4 22.4 10.599999
      vertex 51.23015 19.143635 10.599999
      vertex 51.299576 18.949596 10.599999
    endloop
  endfacet
  facet normal 0 0 1
    outer loop
      vertex 55.4 22.4 10.599999
      vertex 51.142036 19.329933 10.599999
      vertex 51.23015 19.143635 10.599999
    endloop
  endfacet
  facet normal 0 0 1
    outer loop
      vertex 55.4 22.4 10.599999
      vertex 51.036087 19.506697 10.599999
      vertex 51.142036 19.329933 10.599999
    endloop
  endfacet
  facet normal 0 0 1
    outer loop
      vertex 55.4 22.4 10.599999
      vertex 50.913322 19.672226 10.599999
      vertex 51.036087 19.506697 10.599999
    endloop
  endfacet
  facet normal 0 0 1
    outer loop
      vertex 55.4 22.4 10.599999
      vertex 50.774925 19.824924 10.599999
      vertex 50.913322 19.672226 10.599999
    endloop
  endfacet
  facet normal 0 0 1
    outer loop
      vertex 55.4 22.4 10.599999
      vertex 50.622227 19.963322 10.599999
      vertex 50.774925 19.824924 10.599999
    endloop
  endfacet
  facet normal 0 0 1
    outer loop
      vertex 52.4 25.4 10.599999
      vertex 50.456696 20.086086 10.599999
      vertex 50.622227 19.963322 10.599999
    endloop
  endfacet
  facet normal 0 0 1
    outer loop
      vertex 52.4 25.4 10.599999
      vertex 50.279934 20.192034 10.599999
      vertex 50.456696 20.086086 10.599999
    endloop
  endfacet
  facet normal 0 0 1
    outer loop
      vertex 52.4 25.4 10.599999
      vertex 50.093636 20.280148 10.599999
      vertex 50.279934 20.192034 10.599999
    endloop
  endfacet
  facet normal 0 0 1
    outer loop
      vertex 52.4 25.4 10.599999
      vertex 49.899597 20.349575 10.599999
      vertex 50.093636 20.280148 10.599999
    endloop
  endfacet
  facet normal 0 0 1
    outer loop
      vertex 52.4 25.4 10.599999
      vertex 49.699688 20.399649 10.599999
      vertex 49.899597 20.349575 10.599999
    endloop
  endfacet
  facet normal 0 0 1
    outer loop
      vertex 52.4 25.4 10.599999
      vertex 49.495834 20.429888 10.599999
      vertex 49.699688 20.399649 10.599999
    endloop
  endfacet
  facet normal 0 0 1
    outer loop
      vertex 52.4 25.4 10.599999
      vertex 49.29 20.439999 10.599999
      vertex 49.495834 20.429888 10.599999
    endloop
  endfacet
  facet normal 0 0 1
    outer loop
      vertex 52.4 25.4 10.599999
      vertex 49.084164 20.429888 10.599999
      vertex 49.29 20.439999 10.599999
    endloop
  endfacet
  facet normal 0 0 1
    outer loop
      vertex 52.4 25.4 10.599999
      vertex 48.88031 20.399649 10.599999
      vertex 49.084164 20.429888 10.599999
    endloop
  endfacet
  facet normal 0 0 1
    outer loop
      vertex 52.4 25.4 10.599999
      vertex 48.6804 20.349575 10.599999
      vertex 48.88031 20.399649 10.599999
    endloop
  endfacet
  facet normal 0 0 1
    outer loop
      vertex 52.4 25.4 10.599999
      vertex 48.486366 20.280148 10.599999
      vertex 48.6804 20.349575 10.599999
    endloop
  endfacet
  facet normal 0 0 1
    outer loop
      vertex 52.4 25.4 10.599999
      vertex 48.300064 20.192034 10.599999
      vertex 48.486366 20.280148 10.599999
    endloop
  endfacet
  facet normal 0 0 1
    outer loop
      vertex 52.4 25.4 10.599999
      vertex 48.123302 20.086086 10.599999
      vertex 48.300064 20.192034 10.599999
    endloop
  endfacet
  facet normal 0 0 1
    outer loop
      vertex 37.7567 20.086086 10.599999
      vertex 48.123302 20.086086 10.599999
      vertex 52.4 25.4 10.599999
    endloop
  endfacet
  facet normal 0 0 1
    outer loop
      vertex 48.123302 20.086086 10.599999
      vertex 37.7567 20.086086 10.599999
      vertex 47.95777 19.963322 10.599999
    endloop
  endfacet
  facet normal 0 0 1
    outer loop
      vertex 37.922226 19.963322 10.599999
      vertex 47.95777 19.963322 10.599999
      vertex 37.7567 20.086086 10.599999
    endloop
  endfacet
  facet normal 0 0 1
    outer loop
      vertex 38.679886 18.134163 10.599999
      vertex 47.19 18.34 10.599999
      vertex 38.69 18.34 10.599999
    endloop
  endfacet
  facet normal 0 0 1
    outer loop
      vertex 47.20011 18.545835 10.599999
      vertex 38.69 18.34 10.599999
      vertex 47.19 18.34 10.599999
    endloop
  endfacet
  facet normal 0 0 1
    outer loop
      vertex 38.679886 18.545835 10.599999
      vertex 47.20011 18.545835 10.599999
      vertex 47.23035 18.74969 10.599999
    endloop
  endfacet
  facet normal 0 0 1
    outer loop
      vertex 38.64965 18.74969 10.599999
      vertex 47.23035 18.74969 10.599999
      vertex 47.280426 18.949596 10.599999
    endloop
  endfacet
  facet normal 0 0 1
    outer loop
      vertex 38.599575 18.949596 10.599999
      vertex 47.280426 18.949596 10.599999
      vertex 47.349854 19.143635 10.599999
    endloop
  endfacet
  facet normal 0 0 1
    outer loop
      vertex 38.530148 19.143635 10.599999
      vertex 47.349854 19.143635 10.599999
      vertex 47.437965 19.329933 10.599999
    endloop
  endfacet
  facet normal 0 0 1
    outer loop
      vertex 38.44203 19.329933 10.599999
      vertex 47.437965 19.329933 10.599999
      vertex 47.543915 19.506697 10.599999
    endloop
  endfacet
  facet normal 0 0 1
    outer loop
      vertex 38.336086 19.506697 10.599999
      vertex 47.543915 19.506697 10.599999
      vertex 47.66668 19.672226 10.599999
    endloop
  endfacet
  facet normal 0 0 1
    outer loop
      vertex 47.95777 19.963322 10.599999
      vertex 37.922226 19.963322 10.599999
      vertex 47.805077 19.824924 10.599999
    endloop
  endfacet
  facet normal 0 0 1
    outer loop
      vertex 47.20011 18.545835 10.599999
      vertex 38.679886 18.545835 10.599999
      vertex 38.69 18.34 10.599999
    endloop
  endfacet
  facet normal 0 0 1
    outer loop
      vertex 47.23035 18.74969 10.599999
      vertex 38.64965 18.74969 10.599999
      vertex 38.679886 18.545835 10.599999
    endloop
  endfacet
  facet normal 0 0 1
    outer loop
      vertex 47.280426 18.949596 10.599999
      vertex 38.599575 18.949596 10.599999
      vertex 38.64965 18.74969 10.599999
    endloop
  endfacet
  facet normal 0 0 1
    outer loop
      vertex 47.349854 19.143635 10.599999
      vertex 38.530148 19.143635 10.599999
      vertex 38.599575 18.949596 10.599999
    endloop
  endfacet
  facet normal 0 0 1
    outer loop
      vertex 47.437965 19.329933 10.599999
      vertex 38.44203 19.329933 10.599999
      vertex 38.530148 19.143635 10.599999
    endloop
  endfacet
  facet normal 0 0 1
    outer loop
      vertex 47.543915 19.506697 10.599999
      vertex 38.336086 19.506697 10.599999
      vertex 38.44203 19.329933 10.599999
    endloop
  endfacet
  facet normal 0 0 1
    outer loop
      vertex 47.66668 19.672226 10.599999
      vertex 38.21332 19.672226 10.599999
      vertex 38.336086 19.506697 10.599999
    endloop
  endfacet
  facet normal 0 0 1
    outer loop
      vertex 47.66668 19.672226 10.599999
      vertex 38.074924 19.824924 10.599999
      vertex 38.21332 19.672226 10.599999
    endloop
  endfacet
  facet normal 0 0 1
    outer loop
      vertex 47.805077 19.824924 10.599999
      vertex 38.074924 19.824924 10.599999
      vertex 47.66668 19.672226 10.599999
    endloop
  endfacet
  facet normal 0 0 1
    outer loop
      vertex 38.074924 19.824924 10.599999
      vertex 47.805077 19.824924 10.599999
      vertex 37.922226 19.963322 10.599999
    endloop
  endfacet
  facet normal 0 0 1
    outer loop
      vertex 52.4 25.4 10.599999
      vertex 37.579933 20.192034 10.599999
      vertex 37.7567 20.086086 10.599999
    endloop
  endfacet
  facet normal 0 0 1
    outer loop
      vertex 52.4 25.4 10.599999
      vertex 37.393635 20.280148 10.599999
      vertex 37.579933 20.192034 10.599999
    endloop
  endfacet
  facet normal 0 0 1
    outer loop
      vertex 52.4 25.4 10.599999
      vertex 37.199596 20.349575 10.599999
      vertex 37.393635 20.280148 10.599999
    endloop
  endfacet
  facet normal 0 0 1
    outer loop
      vertex 52.4 25.4 10.599999
      vertex 36.999687 20.399649 10.599999
      vertex 37.199596 20.349575 10.599999
    endloop
  endfacet
  facet normal 0 0 1
    outer loop
      vertex 52.4 25.4 10.599999
      vertex 36.795837 20.429888 10.599999
      vertex 36.999687 20.399649 10.599999
    endloop
  endfacet
  facet normal 0 0 1
    outer loop
      vertex 52.4 25.4 10.599999
      vertex 36.59 20.439999 10.599999
      vertex 36.795837 20.429888 10.599999
    endloop
  endfacet
  facet normal 0 0 1
    outer loop
      vertex 52.4 25.4 10.599999
      vertex 36.384163 20.429888 10.599999
      vertex 36.59 20.439999 10.599999
    endloop
  endfacet
  facet normal 0 0 1
    outer loop
      vertex 52.4 25.4 10.599999
      vertex 36.18031 20.399649 10.599999
      vertex 36.384163 20.429888 10.599999
    endloop
  endfacet
  facet normal 0 0 1
    outer loop
      vertex 3 25.4 10.599999
      vertex 36.18031 20.399649 10.599999
      vertex 52.4 25.4 10.599999
    endloop
  endfacet
  facet normal 0 0 1
    outer loop
      vertex 34.50011 18.545835 10.599999
      vertex 3 25.4 10.599999
      vertex 34.489998 18.34 10.599999
    endloop
  endfacet
  facet normal 0 0 1
    outer loop
      vertex 34.53035 18.74969 10.599999
      vertex 3 25.4 10.599999
      vertex 34.50011 18.545835 10.599999
    endloop
  endfacet
  facet normal 0 0 1
    outer loop
      vertex 34.580425 18.949596 10.599999
      vertex 3 25.4 10.599999
      vertex 34.53035 18.74969 10.599999
    endloop
  endfacet
  facet normal 0 0 1
    outer loop
      vertex 34.649853 19.143635 10.599999
      vertex 3 25.4 10.599999
      vertex 34.580425 18.949596 10.599999
    endloop
  endfacet
  facet normal 0 0 1
    outer loop
      vertex 34.737965 19.329933 10.599999
      vertex 3 25.4 10.599999
      vertex 34.649853 19.143635 10.599999
    endloop
  endfacet
  facet normal 0 0 1
    outer loop
      vertex 34.843914 19.506697 10.599999
      vertex 3 25.4 10.599999
      vertex 34.737965 19.329933 10.599999
    endloop
  endfacet
  facet normal 0 0 1
    outer loop
      vertex 34.96668 19.672226 10.599999
      vertex 3 25.4 10.599999
      vertex 34.843914 19.506697 10.599999
    endloop
  endfacet
  facet normal 0 0 1
    outer loop
      vertex 35.105076 19.824924 10.599999
      vertex 3 25.4 10.599999
      vertex 34.96668 19.672226 10.599999
    endloop
  endfacet
  facet normal 0 0 1
    outer loop
      vertex 35.257774 19.963322 10.599999
      vertex 3 25.4 10.599999
      vertex 35.105076 19.824924 10.599999
    endloop
  endfacet
  facet normal 0 0 1
    outer loop
      vertex 35.4233 20.086086 10.599999
      vertex 3 25.4 10.599999
      vertex 35.257774 19.963322 10.599999
    endloop
  endfacet
  facet normal 0 0 1
    outer loop
      vertex 35.600067 20.192034 10.599999
      vertex 3 25.4 10.599999
      vertex 35.4233 20.086086 10.599999
    endloop
  endfacet
  facet normal 0 0 1
    outer loop
      vertex 35.786366 20.280148 10.599999
      vertex 3 25.4 10.599999
      vertex 35.600067 20.192034 10.599999
    endloop
  endfacet
  facet normal 0 0 1
    outer loop
      vertex 35.9804 20.349575 10.599999
      vertex 3 25.4 10.599999
      vertex 35.786366 20.280148 10.599999
    endloop
  endfacet
  facet normal 0 0 1
    outer loop
      vertex 36.18031 20.399649 10.599999
      vertex 3 25.4 10.599999
      vertex 35.9804 20.349575 10.599999
    endloop
  endfacet
  facet normal 0 0 1
    outer loop
      vertex 54.89441 1.3332891 10.599999
      vertex 50.622227 5.436678 10.599999
      vertex 54.719032 1.0968199 10.599999
    endloop
  endfacet
  facet normal 0 0 1
    outer loop
      vertex 54.719032 1.0968199 10.599999
      vertex 50.622227 5.436678 10.599999
      vertex 54.52132 0.8786793 10.599999
    endloop
  endfacet
  facet normal 0 0 1
    outer loop
      vertex 54.52132 0.8786793 10.599999
      vertex 50.622227 5.436678 10.599999
      vertex 54.30318 0.6809683 10.599999
    endloop
  endfacet
  facet normal 0 0 1
    outer loop
      vertex 54.30318 0.6809683 10.599999
      vertex 50.622227 5.436678 10.599999
      vertex 54.06671 0.50559044 10.599999
    endloop
  endfacet
  facet normal 0 0 1
    outer loop
      vertex 54.06671 0.50559044 10.599999
      vertex 50.622227 5.436678 10.599999
      vertex 53.81419 0.35423565 10.599999
    endloop
  endfacet
  facet normal 0 0 1
    outer loop
      vertex 53.81419 0.35423565 10.599999
      vertex 50.622227 5.436678 10.599999
      vertex 53.54805 0.22836113 10.599999
    endloop
  endfacet
  facet normal 0 0 1
    outer loop
      vertex 53.54805 0.22836113 10.599999
      vertex 50.622227 5.436678 10.599999
      vertex 53.270855 0.12917805 10.599999
    endloop
  endfacet
  facet normal 0 0 1
    outer loop
      vertex 53.270855 0.12917805 10.599999
      vertex 50.622227 5.436678 10.599999
      vertex 52.98527 0.05764389 10.599999
    endloop
  endfacet
  facet normal 0 0 1
    outer loop
      vertex 52.98527 0.05764389 10.599999
      vertex 50.622227 5.436678 10.599999
      vertex 52.69405 0.014445305 10.599999
    endloop
  endfacet
  facet normal 0 0 1
    outer loop
      vertex 52.69405 0.014445305 10.599999
      vertex 50.622227 5.436678 10.599999
      vertex 52.4 0 10.599999
    endloop
  endfacet
  facet normal 0 0 1
    outer loop
      vertex 50.456696 5.3139133 10.599999
      vertex 52.4 0 10.599999
      vertex 50.622227 5.436678 10.599999
    endloop
  endfacet
  facet normal 0 0 1
    outer loop
      vertex 50.279934 5.207965 10.599999
      vertex 52.4 0 10.599999
      vertex 50.456696 5.3139133 10.599999
    endloop
  endfacet
  facet normal 0 0 1
    outer loop
      vertex 50.093636 5.119852 10.599999
      vertex 52.4 0 10.599999
      vertex 50.279934 5.207965 10.599999
    endloop
  endfacet
  facet normal 0 0 1
    outer loop
      vertex 49.899597 5.0504246 10.599999
      vertex 52.4 0 10.599999
      vertex 50.093636 5.119852 10.599999
    endloop
  endfacet
  facet normal 0 0 1
    outer loop
      vertex 49.699688 5.00035 10.599999
      vertex 52.4 0 10.599999
      vertex 49.899597 5.0504246 10.599999
    endloop
  endfacet
  facet normal 0 0 1
    outer loop
      vertex 49.495834 4.970112 10.599999
      vertex 52.4 0 10.599999
      vertex 49.699688 5.00035 10.599999
    endloop
  endfacet
  facet normal 0 0 1
    outer loop
      vertex 49.29 4.959999 10.599999
      vertex 52.4 0 10.599999
      vertex 49.495834 4.970112 10.599999
    endloop
  endfacet
  facet normal 0 0 1
    outer loop
      vertex 49.084164 4.970112 10.599999
      vertex 52.4 0 10.599999
      vertex 49.29 4.959999 10.599999
    endloop
  endfacet
  facet normal 0 0 1
    outer loop
      vertex 48.88031 5.00035 10.599999
      vertex 52.4 0 10.599999
      vertex 49.084164 4.970112 10.599999
    endloop
  endfacet
  facet normal 0 0 1
    outer loop
      vertex 48.6804 5.0504246 10.599999
      vertex 52.4 0 10.599999
      vertex 48.88031 5.00035 10.599999
    endloop
  endfacet
  facet normal 0 0 1
    outer loop
      vertex 48.486366 5.119852 10.599999
      vertex 52.4 0 10.599999
      vertex 48.6804 5.0504246 10.599999
    endloop
  endfacet
  facet normal 0 0 1
    outer loop
      vertex 48.300064 5.207965 10.599999
      vertex 52.4 0 10.599999
      vertex 48.486366 5.119852 10.599999
    endloop
  endfacet
  facet normal 0 0 1
    outer loop
      vertex 48.123302 5.3139133 10.599999
      vertex 52.4 0 10.599999
      vertex 48.300064 5.207965 10.599999
    endloop
  endfacet
  facet normal 0 0 1
    outer loop
      vertex 47.95777 5.436678 10.599999
      vertex 52.4 0 10.599999
      vertex 48.123302 5.3139133 10.599999
    endloop
  endfacet
  facet normal 0 0 1
    outer loop
      vertex 47.805077 5.575075 10.599999
      vertex 52.4 0 10.599999
      vertex 47.95777 5.436678 10.599999
    endloop
  endfacet
  facet normal 0 0 1
    outer loop
      vertex 3 0 10.599999
      vertex 47.805077 5.575075 10.599999
      vertex 47.66668 5.7277737 10.599999
    endloop
  endfacet
  facet normal 0 0 1
    outer loop
      vertex 47.20011 18.134163 10.599999
      vertex 38.679886 18.134163 10.599999
      vertex 38.64965 17.93031 10.599999
    endloop
  endfacet
  facet normal 0 0 1
    outer loop
      vertex 47.23035 17.93031 10.599999
      vertex 38.64965 17.93031 10.599999
      vertex 38.599575 17.730402 10.599999
    endloop
  endfacet
  facet normal 0 0 1
    outer loop
      vertex 47.280426 17.730402 10.599999
      vertex 38.599575 17.730402 10.599999
      vertex 38.530148 17.536366 10.599999
    endloop
  endfacet
  facet normal 0 0 1
    outer loop
      vertex 47.349854 17.536366 10.599999
      vertex 38.530148 17.536366 10.599999
      vertex 38.44203 17.350067 10.599999
    endloop
  endfacet
  facet normal 0 0 1
    outer loop
      vertex 47.437965 17.350067 10.599999
      vertex 38.44203 17.350067 10.599999
      vertex 38.336086 17.173302 10.599999
    endloop
  endfacet
  facet normal 0 0 1
    outer loop
      vertex 47.543915 17.173302 10.599999
      vertex 38.336086 17.173302 10.599999
      vertex 38.21332 17.007774 10.599999
    endloop
  endfacet
  facet normal 0 0 1
    outer loop
      vertex 37.579933 16.487965 10.599999
      vertex 47.349854 7.863635 10.599999
      vertex 37.7567 16.593914 10.599999
    endloop
  endfacet
  facet normal 0 0 1
    outer loop
      vertex 47.349854 7.863635 10.599999
      vertex 37.579933 16.487965 10.599999
      vertex 47.280426 7.6695976 10.599999
    endloop
  endfacet
  facet normal 0 0 1
    outer loop
      vertex 37.393635 16.399853 10.599999
      vertex 47.280426 7.6695976 10.599999
      vertex 37.579933 16.487965 10.599999
    endloop
  endfacet
  facet normal 0 0 1
    outer loop
      vertex 47.280426 7.6695976 10.599999
      vertex 37.393635 16.399853 10.599999
      vertex 47.23035 7.4696894 10.599999
    endloop
  endfacet
  facet normal 0 0 1
    outer loop
      vertex 37.199596 16.330425 10.599999
      vertex 47.23035 7.4696894 10.599999
      vertex 37.393635 16.399853 10.599999
    endloop
  endfacet
  facet normal 0 0 1
    outer loop
      vertex 47.23035 7.4696894 10.599999
      vertex 37.199596 16.330425 10.599999
      vertex 47.20011 7.265836 10.599999
    endloop
  endfacet
  facet normal 0 0 1
    outer loop
      vertex 36.999687 16.28035 10.599999
      vertex 47.20011 7.265836 10.599999
      vertex 37.199596 16.330425 10.599999
    endloop
  endfacet
  facet normal 0 0 1
    outer loop
      vertex 47.20011 7.265836 10.599999
      vertex 36.999687 16.28035 10.599999
      vertex 47.19 7.0599995 10.599999
    endloop
  endfacet
  facet normal 0 0 1
    outer loop
      vertex 36.795837 16.25011 10.599999
      vertex 47.19 7.0599995 10.599999
      vertex 36.999687 16.28035 10.599999
    endloop
  endfacet
  facet normal 0 0 1
    outer loop
      vertex 47.19 7.0599995 10.599999
      vertex 36.795837 16.25011 10.599999
      vertex 47.20011 6.854163 10.599999
    endloop
  endfacet
  facet normal 0 0 1
    outer loop
      vertex 36.59 16.24 10.599999
      vertex 47.20011 6.854163 10.599999
      vertex 36.795837 16.25011 10.599999
    endloop
  endfacet
  facet normal 0 0 1
    outer loop
      vertex 47.20011 6.854163 10.599999
      vertex 36.59 16.24 10.599999
      vertex 47.23035 6.6503096 10.599999
    endloop
  endfacet
  facet normal 0 0 1
    outer loop
      vertex 36.384163 16.25011 10.599999
      vertex 47.23035 6.6503096 10.599999
      vertex 36.59 16.24 10.599999
    endloop
  endfacet
  facet normal 0 0 1
    outer loop
      vertex 47.23035 6.6503096 10.599999
      vertex 36.384163 16.25011 10.599999
      vertex 47.280426 6.4504013 10.599999
    endloop
  endfacet
  facet normal 0 0 1
    outer loop
      vertex 36.18031 16.28035 10.599999
      vertex 47.280426 6.4504013 10.599999
      vertex 36.384163 16.25011 10.599999
    endloop
  endfacet
  facet normal 0 0 1
    outer loop
      vertex 47.280426 6.4504013 10.599999
      vertex 36.18031 16.28035 10.599999
      vertex 47.349854 6.256364 10.599999
    endloop
  endfacet
  facet normal 0 0 1
    outer loop
      vertex 35.9804 16.330425 10.599999
      vertex 47.349854 6.256364 10.599999
      vertex 36.18031 16.28035 10.599999
    endloop
  endfacet
  facet normal 0 0 1
    outer loop
      vertex 47.349854 6.256364 10.599999
      vertex 35.9804 16.330425 10.599999
      vertex 47.437965 6.0700665 10.599999
    endloop
  endfacet
  facet normal 0 0 1
    outer loop
      vertex 35.786366 16.399853 10.599999
      vertex 47.437965 6.0700665 10.599999
      vertex 35.9804 16.330425 10.599999
    endloop
  endfacet
  facet normal 0 0 1
    outer loop
      vertex 3 0 10.599999
      vertex 47.437965 6.0700665 10.599999
      vertex 35.786366 16.399853 10.599999
    endloop
  endfacet
  facet normal 0 0 1
    outer loop
      vertex 47.437965 6.0700665 10.599999
      vertex 3 0 10.599999
      vertex 47.543915 5.893302 10.599999
    endloop
  endfacet
  facet normal 0 0 1
    outer loop
      vertex 47.543915 5.893302 10.599999
      vertex 3 0 10.599999
      vertex 47.66668 5.7277737 10.599999
    endloop
  endfacet
  facet normal 0 0 1
    outer loop
      vertex 3 0 10.599999
      vertex 35.786366 16.399853 10.599999
      vertex 35.600067 16.487965 10.599999
    endloop
  endfacet
  facet normal 0 0 1
    outer loop
      vertex 3 0 10.599999
      vertex 35.600067 16.487965 10.599999
      vertex 35.4233 16.593914 10.599999
    endloop
  endfacet
  facet normal 0 0 1
    outer loop
      vertex 3 0 10.599999
      vertex 35.4233 16.593914 10.599999
      vertex 35.257774 16.716679 10.599999
    endloop
  endfacet
  facet normal 0 0 1
    outer loop
      vertex 3 0 10.599999
      vertex 35.257774 16.716679 10.599999
      vertex 35.105076 16.855076 10.599999
    endloop
  endfacet
  facet normal 0 0 1
    outer loop
      vertex 3 25.4 10.599999
      vertex 34.50011 18.134163 10.599999
      vertex 34.489998 18.34 10.599999
    endloop
  endfacet
  facet normal 0 0 1
    outer loop
      vertex 3 25.4 10.599999
      vertex 34.53035 17.93031 10.599999
      vertex 34.50011 18.134163 10.599999
    endloop
  endfacet
  facet normal 0 0 1
    outer loop
      vertex 3 25.4 10.599999
      vertex 34.580425 17.730402 10.599999
      vertex 34.53035 17.93031 10.599999
    endloop
  endfacet
  facet normal 0 0 1
    outer loop
      vertex 3 0 10.599999
      vertex 34.580425 17.730402 10.599999
      vertex 3 25.4 10.599999
    endloop
  endfacet
  facet normal 0 0 1
    outer loop
      vertex 34.580425 17.730402 10.599999
      vertex 3 0 10.599999
      vertex 34.649853 17.536366 10.599999
    endloop
  endfacet
  facet normal 0 0 1
    outer loop
      vertex 34.649853 17.536366 10.599999
      vertex 3 0 10.599999
      vertex 34.737965 17.350067 10.599999
    endloop
  endfacet
  facet normal 0 0 1
    outer loop
      vertex 34.737965 17.350067 10.599999
      vertex 3 0 10.599999
      vertex 34.843914 17.173302 10.599999
    endloop
  endfacet
  facet normal 0 0 1
    outer loop
      vertex 34.843914 17.173302 10.599999
      vertex 3 0 10.599999
      vertex 34.96668 17.007774 10.599999
    endloop
  endfacet
  facet normal 0 0 1
    outer loop
      vertex 34.96668 17.007774 10.599999
      vertex 3 0 10.599999
      vertex 35.105076 16.855076 10.599999
    endloop
  endfacet
  facet normal 0 0 1
    outer loop
      vertex 47.805077 5.575075 10.599999
      vertex 3 0 10.599999
      vertex 52.4 0 10.599999
    endloop
  endfacet
  facet normal 0 0 1
    outer loop
      vertex 0 22.4 10.599999
      vertex 3 25.4 10.599999
      vertex 2.7059479 25.385553 10.599999
    endloop
  endfacet
  facet normal 0 0 1
    outer loop
      vertex 3 25.4 10.599999
      vertex 0 22.4 10.599999
      vertex 3 0 10.599999
    endloop
  endfacet
  facet normal 0 0 1
    outer loop
      vertex 0 22.4 10.599999
      vertex 2.7059479 25.385553 10.599999
      vertex 2.4147282 25.342356 10.599999
    endloop
  endfacet
  facet normal 0 0 1
    outer loop
      vertex 0 3 10.599999
      vertex 3 0 10.599999
      vertex 0 22.4 10.599999
    endloop
  endfacet
  facet normal 0 0 1
    outer loop
      vertex 0 22.4 10.599999
      vertex 2.4147282 25.342356 10.599999
      vertex 2.1291456 25.27082 10.599999
    endloop
  endfacet
  facet normal 0 0 1
    outer loop
      vertex 3 0 10.599999
      vertex 0 3 10.599999
      vertex 2.7059479 0.014445305 10.599999
    endloop
  endfacet
  facet normal 0 0 1
    outer loop
      vertex 0 22.4 10.599999
      vertex 2.1291456 25.27082 10.599999
      vertex 1.8519497 25.171638 10.599999
    endloop
  endfacet
  facet normal 0 0 1
    outer loop
      vertex 2.7059479 0.014445305 10.599999
      vertex 0 3 10.599999
      vertex 2.4147282 0.05764389 10.599999
    endloop
  endfacet
  facet normal 0 0 1
    outer loop
      vertex 0 22.4 10.599999
      vertex 1.8519497 25.171638 10.599999
      vertex 1.5858097 25.045763 10.599999
    endloop
  endfacet
  facet normal 0 0 1
    outer loop
      vertex 2.4147282 0.05764389 10.599999
      vertex 0 3 10.599999
      vertex 2.1291456 0.12917805 10.599999
    endloop
  endfacet
  facet normal 0 0 1
    outer loop
      vertex 0 22.4 10.599999
      vertex 1.5858097 25.045763 10.599999
      vertex 1.3332891 24.89441 10.599999
    endloop
  endfacet
  facet normal 0 0 1
    outer loop
      vertex 2.1291456 0.12917805 10.599999
      vertex 0 3 10.599999
      vertex 1.8519497 0.22836113 10.599999
    endloop
  endfacet
  facet normal 0 0 1
    outer loop
      vertex 0 22.4 10.599999
      vertex 1.3332891 24.89441 10.599999
      vertex 1.0968199 24.719032 10.599999
    endloop
  endfacet
  facet normal 0 0 1
    outer loop
      vertex 1.8519497 0.22836113 10.599999
      vertex 0 3 10.599999
      vertex 1.5858097 0.35423565 10.599999
    endloop
  endfacet
  facet normal 0 0 1
    outer loop
      vertex 0 22.4 10.599999
      vertex 1.0968199 24.719032 10.599999
      vertex 0.8786793 24.52132 10.599999
    endloop
  endfacet
  facet normal 0 0 1
    outer loop
      vertex 1.5858097 0.35423565 10.599999
      vertex 0 3 10.599999
      vertex 1.3332891 0.50559044 10.599999
    endloop
  endfacet
  facet normal 0 0 1
    outer loop
      vertex 0 22.4 10.599999
      vertex 0.8786793 24.52132 10.599999
      vertex 0.6809683 24.30318 10.599999
    endloop
  endfacet
  facet normal 0 0 1
    outer loop
      vertex 1.3332891 0.50559044 10.599999
      vertex 0 3 10.599999
      vertex 1.0968199 0.6809683 10.599999
    endloop
  endfacet
  facet normal 0 0 1
    outer loop
      vertex 0 22.4 10.599999
      vertex 0.6809683 24.30318 10.599999
      vertex 0.50559044 24.066711 10.599999
    endloop
  endfacet
  facet normal 0 0 1
    outer loop
      vertex 1.0968199 0.6809683 10.599999
      vertex 0 3 10.599999
      vertex 0.8786793 0.8786793 10.599999
    endloop
  endfacet
  facet normal 0 0 1
    outer loop
      vertex 0 22.4 10.599999
      vertex 0.50559044 24.066711 10.599999
      vertex 0.35423565 23.81419 10.599999
    endloop
  endfacet
  facet normal 0 0 1
    outer loop
      vertex 0.8786793 0.8786793 10.599999
      vertex 0 3 10.599999
      vertex 0.6809683 1.0968199 10.599999
    endloop
  endfacet
  facet normal 0 0 1
    outer loop
      vertex 0 22.4 10.599999
      vertex 0.35423565 23.81419 10.599999
      vertex 0.22836113 23.54805 10.599999
    endloop
  endfacet
  facet normal 0 0 1
    outer loop
      vertex 0.6809683 1.0968199 10.599999
      vertex 0 3 10.599999
      vertex 0.50559044 1.3332891 10.599999
    endloop
  endfacet
  facet normal 0 0 1
    outer loop
      vertex 0 22.4 10.599999
      vertex 0.22836113 23.54805 10.599999
      vertex 0.12917805 23.270855 10.599999
    endloop
  endfacet
  facet normal 0 0 1
    outer loop
      vertex 0.50559044 1.3332891 10.599999
      vertex 0 3 10.599999
      vertex 0.35423565 1.5858097 10.599999
    endloop
  endfacet
  facet normal 0 0 1
    outer loop
      vertex 0 22.4 10.599999
      vertex 0.12917805 23.270855 10.599999
      vertex 0.05764389 22.985271 10.599999
    endloop
  endfacet
  facet normal 0 0 1
    outer loop
      vertex 0.35423565 1.5858097 10.599999
      vertex 0 3 10.599999
      vertex 0.22836113 1.8519497 10.599999
    endloop
  endfacet
  facet normal 0 0 1
    outer loop
      vertex 0 22.4 10.599999
      vertex 0.05764389 22.985271 10.599999
      vertex 0.014445305 22.69405 10.599999
    endloop
  endfacet
  facet normal 0 0 1
    outer loop
      vertex 0.22836113 1.8519497 10.599999
      vertex 0 3 10.599999
      vertex 0.12917805 2.1291456 10.599999
    endloop
  endfacet
  facet normal 0 0 1
    outer loop
      vertex 0.12917805 2.1291456 10.599999
      vertex 0 3 10.599999
      vertex 0.05764389 2.4147282 10.599999
    endloop
  endfacet
  facet normal 0 0 1
    outer loop
      vertex 0.05764389 2.4147282 10.599999
      vertex 0 3 10.599999
      vertex 0.014445305 2.7059479 10.599999
    endloop
  endfacet
  facet normal 0.5140984 0.8577312 0
    outer loop
      vertex 54.06671 24.89441 9
      vertex 53.81419 25.045763 10.599999
      vertex 54.06671 24.89441 10.599999
    endloop
  endfacet
  facet normal 0.5140984 0.8577312 0
    outer loop
      vertex 53.81419 25.045763 10.599999
      vertex 54.06671 24.89441 9
      vertex 53.81419 25.045763 9
    endloop
  endfacet
  facet normal -0.90398973 0.42755422 0
    outer loop
      vertex 0.22836113 23.54805 9
      vertex 0.35423565 23.81419 10.599999
      vertex 0.35423565 23.81419 9
    endloop
  endfacet
  facet normal -0.90398973 0.42755422 0
    outer loop
      vertex 0.35423565 23.81419 10.599999
      vertex 0.22836113 23.54805 9
      vertex 0.22836113 23.54805 10.599999
    endloop
  endfacet
  facet normal 0.9415439 0.3368904 0
    outer loop
      vertex 55.27082 23.270855 10.599999
      vertex 55.17164 23.54805 9
      vertex 55.17164 23.54805 10.599999
    endloop
  endfacet
  facet normal 0.9415439 0.3368904 0
    outer loop
      vertex 55.17164 23.54805 9
      vertex 55.27082 23.270855 10.599999
      vertex 55.27082 23.270855 9
    endloop
  endfacet
  facet normal 0.989177 0.1467271 0
    outer loop
      vertex 55.38555 22.69405 10.599999
      vertex 55.342354 22.985271 9
      vertex 55.342354 22.985271 10.599999
    endloop
  endfacet
  facet normal 0.989177 0.1467271 0
    outer loop
      vertex 55.342354 22.985271 9
      vertex 55.38555 22.69405 10.599999
      vertex 55.38555 22.69405 9
    endloop
  endfacet
  facet normal -0.8032071 0.5956999 0
    outer loop
      vertex 0.50559044 24.066711 9
      vertex 0.6809683 24.30318 10.599999
      vertex 0.6809683 24.30318 9
    endloop
  endfacet
  facet normal -0.8032071 0.5956999 0
    outer loop
      vertex 0.6809683 24.30318 10.599999
      vertex 0.50559044 24.066711 9
      vertex 0.50559044 24.066711 10.599999
    endloop
  endfacet
  facet normal -0.9987953 -0.049070936 0
    outer loop
      vertex 51.39 7.0599995 9.099999
      vertex 51.379887 7.265836 10.599999
      vertex 51.379887 7.265836 9.099999
    endloop
  endfacet
  facet normal -0.9987953 -0.049070936 0
    outer loop
      vertex 51.379887 7.265836 10.599999
      vertex 51.39 7.0599995 9.099999
      vertex 51.39 7.0599995 10.599999
    endloop
  endfacet
  facet normal 0.5141085 -0.8577252 0
    outer loop
      vertex 48.123302 8.806086 9.099999
      vertex 48.300064 8.912034 10.599999
      vertex 48.123302 8.806086 10.599999
    endloop
  endfacet
  facet normal 0.5141085 -0.8577252 0
    outer loop
      vertex 48.300064 8.912034 10.599999
      vertex 48.123302 8.806086 9.099999
      vertex 48.300064 8.912034 9.099999
    endloop
  endfacet
  facet normal -0.97003436 -0.24296787 0
    outer loop
      vertex 51.349648 7.4696894 9.099999
      vertex 51.299576 7.6695976 10.599999
      vertex 51.299576 7.6695976 9.099999
    endloop
  endfacet
  facet normal -0.97003436 -0.24296787 0
    outer loop
      vertex 51.299576 7.6695976 10.599999
      vertex 51.349648 7.4696894 9.099999
      vertex 51.349648 7.4696894 10.599999
    endloop
  endfacet
  facet normal 0.24297984 -0.9700313 0
    outer loop
      vertex 48.6804 9.069574 9.099999
      vertex 48.88031 9.119649 10.599999
      vertex 48.6804 9.069574 10.599999
    endloop
  endfacet
  facet normal 0.24297984 -0.9700313 0
    outer loop
      vertex 48.88031 9.119649 10.599999
      vertex 48.6804 9.069574 9.099999
      vertex 48.88031 9.119649 9.099999
    endloop
  endfacet
  facet normal -0.14672728 -0.989177 0
    outer loop
      vertex 49.495834 9.149887 9.099999
      vertex 49.699688 9.119649 10.599999
      vertex 49.495834 9.149887 10.599999
    endloop
  endfacet
  facet normal -0.14672728 -0.989177 0
    outer loop
      vertex 49.699688 9.119649 10.599999
      vertex 49.495834 9.149887 9.099999
      vertex 49.699688 9.119649 9.099999
    endloop
  endfacet
  facet normal -0.049071617 -0.9987953 0
    outer loop
      vertex 49.29 9.16 9.099999
      vertex 49.495834 9.149887 10.599999
      vertex 49.29 9.16 10.599999
    endloop
  endfacet
  facet normal -0.049071617 -0.9987953 0
    outer loop
      vertex 49.495834 9.149887 10.599999
      vertex 49.29 9.16 9.099999
      vertex 49.495834 9.149887 9.099999
    endloop
  endfacet
  facet normal 0.6715664 0.7409443 0
    outer loop
      vertex 47.95777 5.436678 9.099999
      vertex 47.805077 5.575075 10.599999
      vertex 47.95777 5.436678 10.599999
    endloop
  endfacet
  facet normal 0.6715664 0.7409443 0
    outer loop
      vertex 47.805077 5.575075 10.599999
      vertex 47.95777 5.436678 9.099999
      vertex 47.805077 5.575075 9.099999
    endloop
  endfacet
  facet normal -0.8577268 0.51410574 0
    outer loop
      vertex 51.036087 5.893302 9.099999
      vertex 51.142036 6.0700665 10.599999
      vertex 51.142036 6.0700665 9.099999
    endloop
  endfacet
  facet normal -0.8577268 0.51410574 0
    outer loop
      vertex 51.142036 6.0700665 10.599999
      vertex 51.036087 5.893302 9.099999
      vertex 51.036087 5.893302 10.599999
    endloop
  endfacet
  facet normal -0.5141085 0.8577252 0
    outer loop
      vertex 50.456696 5.3139133 9.099999
      vertex 50.279934 5.207965 10.599999
      vertex 50.456696 5.3139133 10.599999
    endloop
  endfacet
  facet normal -0.5141085 0.8577252 0
    outer loop
      vertex 50.279934 5.207965 10.599999
      vertex 50.456696 5.3139133 9.099999
      vertex 50.279934 5.207965 9.099999
    endloop
  endfacet
  facet normal -0.90398973 0.42755416 0
    outer loop
      vertex 51.142036 6.0700665 9.099999
      vertex 51.23015 6.256364 10.599999
      vertex 51.23015 6.256364 9.099999
    endloop
  endfacet
  facet normal -0.90398973 0.42755416 0
    outer loop
      vertex 51.23015 6.256364 10.599999
      vertex 51.142036 6.0700665 9.099999
      vertex 51.142036 6.0700665 10.599999
    endloop
  endfacet
  facet normal 0.04907071 -0.99879533 0
    outer loop
      vertex 49.084164 9.149887 9.099999
      vertex 49.29 9.16 10.599999
      vertex 49.084164 9.149887 10.599999
    endloop
  endfacet
  facet normal 0.04907071 -0.99879533 0
    outer loop
      vertex 49.29 9.16 10.599999
      vertex 49.084164 9.149887 9.099999
      vertex 49.29 9.16 9.099999
    endloop
  endfacet
  facet normal 0.42754897 -0.9039922 0
    outer loop
      vertex 48.300064 8.912034 9.099999
      vertex 48.486366 9.000147 10.599999
      vertex 48.300064 8.912034 10.599999
    endloop
  endfacet
  facet normal 0.42754897 -0.9039922 0
    outer loop
      vertex 48.486366 9.000147 10.599999
      vertex 48.300064 8.912034 9.099999
      vertex 48.486366 9.000147 9.099999
    endloop
  endfacet
  facet normal -0.7409527 0.67155725 0
    outer loop
      vertex 50.774925 5.575075 9.099999
      vertex 50.913322 5.7277737 10.599999
      vertex 50.913322 5.7277737 9.099999
    endloop
  endfacet
  facet normal -0.7409527 0.67155725 0
    outer loop
      vertex 50.913322 5.7277737 10.599999
      vertex 50.774925 5.575075 9.099999
      vertex 50.774925 5.575075 10.599999
    endloop
  endfacet
  facet normal -0.9987953 0.049070936 0
    outer loop
      vertex 51.379887 6.854163 9.099999
      vertex 51.39 7.0599995 10.599999
      vertex 51.39 7.0599995 9.099999
    endloop
  endfacet
  facet normal -0.9987953 0.049070936 0
    outer loop
      vertex 51.39 7.0599995 10.599999
      vertex 51.379887 6.854163 9.099999
      vertex 51.379887 6.854163 10.599999
    endloop
  endfacet
  facet normal -0.98917633 -0.1467318 0
    outer loop
      vertex 51.379887 7.265836 9.099999
      vertex 51.349648 7.4696894 10.599999
      vertex 51.349648 7.4696894 9.099999
    endloop
  endfacet
  facet normal -0.98917633 -0.1467318 0
    outer loop
      vertex 51.349648 7.4696894 10.599999
      vertex 51.379887 7.265836 9.099999
      vertex 51.379887 7.265836 10.599999
    endloop
  endfacet
  facet normal -0.42755613 -0.9039888 0
    outer loop
      vertex 50.093636 9.000147 9.099999
      vertex 50.279934 8.912034 10.599999
      vertex 50.093636 9.000147 10.599999
    endloop
  endfacet
  facet normal -0.42755613 -0.9039888 0
    outer loop
      vertex 50.279934 8.912034 10.599999
      vertex 50.093636 9.000147 9.099999
      vertex 50.279934 8.912034 9.099999
    endloop
  endfacet
  facet normal -0.9415444 0.33688894 0
    outer loop
      vertex 51.23015 6.256364 9.099999
      vertex 51.299576 6.4504013 10.599999
      vertex 51.299576 6.4504013 9.099999
    endloop
  endfacet
  facet normal -0.9415444 0.33688894 0
    outer loop
      vertex 51.299576 6.4504013 10.599999
      vertex 51.23015 6.256364 9.099999
      vertex 51.23015 6.256364 10.599999
    endloop
  endfacet
  facet normal -0.049071617 0.9987953 0
    outer loop
      vertex 49.495834 4.970112 9.099999
      vertex 49.29 4.959999 10.599999
      vertex 49.495834 4.970112 10.599999
    endloop
  endfacet
  facet normal -0.049071617 0.9987953 0
    outer loop
      vertex 49.29 4.959999 10.599999
      vertex 49.495834 4.970112 9.099999
      vertex 49.29 4.959999 9.099999
    endloop
  endfacet
  facet normal 0.7409527 -0.67155725 0
    outer loop
      vertex 47.66668 8.392225 10.599999
      vertex 47.805077 8.544924 9.099999
      vertex 47.805077 8.544924 10.599999
    endloop
  endfacet
  facet normal 0.7409527 -0.67155725 0
    outer loop
      vertex 47.805077 8.544924 9.099999
      vertex 47.66668 8.392225 10.599999
      vertex 47.66668 8.392225 9.099999
    endloop
  endfacet
  facet normal -0.33688745 -0.94154495 0
    outer loop
      vertex 49.899597 9.069574 9.099999
      vertex 50.093636 9.000147 10.599999
      vertex 49.899597 9.069574 10.599999
    endloop
  endfacet
  facet normal -0.33688745 -0.94154495 0
    outer loop
      vertex 50.093636 9.000147 10.599999
      vertex 49.899597 9.069574 9.099999
      vertex 50.093636 9.000147 9.099999
    endloop
  endfacet
  facet normal 0.42754897 0.9039922 0
    outer loop
      vertex 48.486366 5.119852 9.099999
      vertex 48.300064 5.207965 10.599999
      vertex 48.486366 5.119852 10.599999
    endloop
  endfacet
  facet normal 0.42754897 0.9039922 0
    outer loop
      vertex 48.300064 5.207965 10.599999
      vertex 48.486366 5.119852 9.099999
      vertex 48.300064 5.207965 9.099999
    endloop
  endfacet
  facet normal -0.9415444 -0.33688894 0
    outer loop
      vertex 51.299576 7.6695976 9.099999
      vertex 51.23015 7.863635 10.599999
      vertex 51.23015 7.863635 9.099999
    endloop
  endfacet
  facet normal -0.9415444 -0.33688894 0
    outer loop
      vertex 51.23015 7.863635 10.599999
      vertex 51.299576 7.6695976 9.099999
      vertex 51.299576 7.6695976 10.599999
    endloop
  endfacet
  facet normal 0.7409527 0.67155725 0
    outer loop
      vertex 47.805077 5.575075 10.599999
      vertex 47.66668 5.7277737 9.099999
      vertex 47.66668 5.7277737 10.599999
    endloop
  endfacet
  facet normal 0.7409527 0.67155725 0
    outer loop
      vertex 47.66668 5.7277737 9.099999
      vertex 47.805077 5.575075 10.599999
      vertex 47.805077 5.575075 9.099999
    endloop
  endfacet
  facet normal -0.90398973 -0.42755416 0
    outer loop
      vertex 51.23015 7.863635 9.099999
      vertex 51.142036 8.0499325 10.599999
      vertex 51.142036 8.0499325 9.099999
    endloop
  endfacet
  facet normal -0.90398973 -0.42755416 0
    outer loop
      vertex 51.142036 8.0499325 10.599999
      vertex 51.23015 7.863635 9.099999
      vertex 51.23015 7.863635 10.599999
    endloop
  endfacet
  facet normal -0.24297984 -0.9700313 0
    outer loop
      vertex 49.699688 9.119649 9.099999
      vertex 49.899597 9.069574 10.599999
      vertex 49.699688 9.119649 10.599999
    endloop
  endfacet
  facet normal -0.24297984 -0.9700313 0
    outer loop
      vertex 49.899597 9.069574 10.599999
      vertex 49.699688 9.119649 9.099999
      vertex 49.899597 9.069574 9.099999
    endloop
  endfacet
  facet normal 0.6715664 -0.7409443 0
    outer loop
      vertex 47.805077 8.544924 9.099999
      vertex 47.95777 8.683321 10.599999
      vertex 47.805077 8.544924 10.599999
    endloop
  endfacet
  facet normal 0.6715664 -0.7409443 0
    outer loop
      vertex 47.95777 8.683321 10.599999
      vertex 47.805077 8.544924 9.099999
      vertex 47.95777 8.683321 9.099999
    endloop
  endfacet
  facet normal 0.14672728 -0.989177 0
    outer loop
      vertex 48.88031 9.119649 9.099999
      vertex 49.084164 9.149887 10.599999
      vertex 48.88031 9.119649 10.599999
    endloop
  endfacet
  facet normal 0.14672728 -0.989177 0
    outer loop
      vertex 49.084164 9.149887 10.599999
      vertex 48.88031 9.119649 9.099999
      vertex 49.084164 9.149887 9.099999
    endloop
  endfacet
  facet normal 0.9415444 -0.33688894 0
    outer loop
      vertex 47.280426 7.6695976 10.599999
      vertex 47.349854 7.863635 9.099999
      vertex 47.349854 7.863635 10.599999
    endloop
  endfacet
  facet normal 0.9415444 -0.33688894 0
    outer loop
      vertex 47.349854 7.863635 9.099999
      vertex 47.280426 7.6695976 10.599999
      vertex 47.280426 7.6695976 9.099999
    endloop
  endfacet
  facet normal -0.98917633 0.1467318 0
    outer loop
      vertex 51.349648 6.6503096 9.099999
      vertex 51.379887 6.854163 10.599999
      vertex 51.379887 6.854163 9.099999
    endloop
  endfacet
  facet normal -0.98917633 0.1467318 0
    outer loop
      vertex 51.379887 6.854163 10.599999
      vertex 51.349648 6.6503096 9.099999
      vertex 51.349648 6.6503096 10.599999
    endloop
  endfacet
  facet normal -0.97003436 0.24296787 0
    outer loop
      vertex 51.299576 6.4504013 9.099999
      vertex 51.349648 6.6503096 10.599999
      vertex 51.349648 6.6503096 9.099999
    endloop
  endfacet
  facet normal -0.97003436 0.24296787 0
    outer loop
      vertex 51.349648 6.6503096 10.599999
      vertex 51.299576 6.4504013 9.099999
      vertex 51.299576 6.4504013 10.599999
    endloop
  endfacet
  facet normal 0.9415444 0.33688894 0
    outer loop
      vertex 47.349854 6.256364 10.599999
      vertex 47.280426 6.4504013 9.099999
      vertex 47.280426 6.4504013 10.599999
    endloop
  endfacet
  facet normal 0.9415444 0.33688894 0
    outer loop
      vertex 47.280426 6.4504013 9.099999
      vertex 47.349854 6.256364 10.599999
      vertex 47.349854 6.256364 9.099999
    endloop
  endfacet
  facet normal -0.595694 -0.80321145 0
    outer loop
      vertex 50.456696 8.806086 9.099999
      vertex 50.622227 8.683321 10.599999
      vertex 50.456696 8.806086 10.599999
    endloop
  endfacet
  facet normal -0.595694 -0.80321145 0
    outer loop
      vertex 50.622227 8.683321 10.599999
      vertex 50.456696 8.806086 9.099999
      vertex 50.622227 8.683321 9.099999
    endloop
  endfacet
  facet normal 0.595694 0.80321145 0
    outer loop
      vertex 48.123302 5.3139133 9.099999
      vertex 47.95777 5.436678 10.599999
      vertex 48.123302 5.3139133 10.599999
    endloop
  endfacet
  facet normal 0.595694 0.80321145 0
    outer loop
      vertex 47.95777 5.436678 10.599999
      vertex 48.123302 5.3139133 9.099999
      vertex 47.95777 5.436678 9.099999
    endloop
  endfacet
  facet normal -0.8577268 -0.51410574 0
    outer loop
      vertex 51.142036 8.0499325 9.099999
      vertex 51.036087 8.226697 10.599999
      vertex 51.036087 8.226697 9.099999
    endloop
  endfacet
  facet normal -0.8577268 -0.51410574 0
    outer loop
      vertex 51.036087 8.226697 10.599999
      vertex 51.142036 8.0499325 9.099999
      vertex 51.142036 8.0499325 10.599999
    endloop
  endfacet
  facet normal -0.5141085 -0.8577252 0
    outer loop
      vertex 50.279934 8.912034 9.099999
      vertex 50.456696 8.806086 10.599999
      vertex 50.279934 8.912034 10.599999
    endloop
  endfacet
  facet normal -0.5141085 -0.8577252 0
    outer loop
      vertex 50.456696 8.806086 10.599999
      vertex 50.279934 8.912034 9.099999
      vertex 50.456696 8.806086 9.099999
    endloop
  endfacet
  facet normal 0.595694 -0.80321145 0
    outer loop
      vertex 47.95777 8.683321 9.099999
      vertex 48.123302 8.806086 10.599999
      vertex 47.95777 8.683321 10.599999
    endloop
  endfacet
  facet normal 0.595694 -0.80321145 0
    outer loop
      vertex 48.123302 8.806086 10.599999
      vertex 47.95777 8.683321 9.099999
      vertex 48.123302 8.806086 9.099999
    endloop
  endfacet
  facet normal -0.14672728 0.989177 0
    outer loop
      vertex 49.699688 5.00035 9.099999
      vertex 49.495834 4.970112 10.599999
      vertex 49.699688 5.00035 10.599999
    endloop
  endfacet
  facet normal -0.14672728 0.989177 0
    outer loop
      vertex 49.495834 4.970112 10.599999
      vertex 49.699688 5.00035 9.099999
      vertex 49.495834 4.970112 9.099999
    endloop
  endfacet
  facet normal 0.8577268 -0.51410574 0
    outer loop
      vertex 47.437965 8.0499325 10.599999
      vertex 47.543915 8.226697 9.099999
      vertex 47.543915 8.226697 10.599999
    endloop
  endfacet
  facet normal 0.8577268 -0.51410574 0
    outer loop
      vertex 47.543915 8.226697 9.099999
      vertex 47.437965 8.0499325 10.599999
      vertex 47.437965 8.0499325 9.099999
    endloop
  endfacet
  facet normal 0.98917633 0.1467318 0
    outer loop
      vertex 47.23035 6.6503096 10.599999
      vertex 47.20011 6.854163 9.099999
      vertex 47.20011 6.854163 10.599999
    endloop
  endfacet
  facet normal 0.98917633 0.1467318 0
    outer loop
      vertex 47.20011 6.854163 9.099999
      vertex 47.23035 6.6503096 10.599999
      vertex 47.23035 6.6503096 9.099999
    endloop
  endfacet
  facet normal 0.90398973 -0.42755416 0
    outer loop
      vertex 47.349854 7.863635 10.599999
      vertex 47.437965 8.0499325 9.099999
      vertex 47.437965 8.0499325 10.599999
    endloop
  endfacet
  facet normal 0.90398973 -0.42755416 0
    outer loop
      vertex 47.437965 8.0499325 9.099999
      vertex 47.349854 7.863635 10.599999
      vertex 47.349854 7.863635 9.099999
    endloop
  endfacet
  facet normal 0.8577268 0.51410574 0
    outer loop
      vertex 47.543915 5.893302 10.599999
      vertex 47.437965 6.0700665 9.099999
      vertex 47.437965 6.0700665 10.599999
    endloop
  endfacet
  facet normal 0.8577268 0.51410574 0
    outer loop
      vertex 47.437965 6.0700665 9.099999
      vertex 47.543915 5.893302 10.599999
      vertex 47.543915 5.893302 9.099999
    endloop
  endfacet
  facet normal -0.33688745 0.94154495 0
    outer loop
      vertex 50.093636 5.119852 9.099999
      vertex 49.899597 5.0504246 10.599999
      vertex 50.093636 5.119852 10.599999
    endloop
  endfacet
  facet normal -0.33688745 0.94154495 0
    outer loop
      vertex 49.899597 5.0504246 10.599999
      vertex 50.093636 5.119852 9.099999
      vertex 49.899597 5.0504246 9.099999
    endloop
  endfacet
  facet normal -0.8032065 -0.5957007 0
    outer loop
      vertex 51.036087 8.226697 9.099999
      vertex 50.913322 8.392225 10.599999
      vertex 50.913322 8.392225 9.099999
    endloop
  endfacet
  facet normal -0.8032065 -0.5957007 0
    outer loop
      vertex 50.913322 8.392225 10.599999
      vertex 51.036087 8.226697 9.099999
      vertex 51.036087 8.226697 10.599999
    endloop
  endfacet
  facet normal -0.42755613 0.9039888 0
    outer loop
      vertex 50.279934 5.207965 9.099999
      vertex 50.093636 5.119852 10.599999
      vertex 50.279934 5.207965 10.599999
    endloop
  endfacet
  facet normal -0.42755613 0.9039888 0
    outer loop
      vertex 50.093636 5.119852 10.599999
      vertex 50.279934 5.207965 9.099999
      vertex 50.093636 5.119852 9.099999
    endloop
  endfacet
  facet normal 0.33689332 -0.9415428 0
    outer loop
      vertex 48.486366 9.000147 9.099999
      vertex 48.6804 9.069574 10.599999
      vertex 48.486366 9.000147 10.599999
    endloop
  endfacet
  facet normal 0.33689332 -0.9415428 0
    outer loop
      vertex 48.6804 9.069574 10.599999
      vertex 48.486366 9.000147 9.099999
      vertex 48.6804 9.069574 9.099999
    endloop
  endfacet
  facet normal -0.7409527 -0.67155725 0
    outer loop
      vertex 50.913322 8.392225 9.099999
      vertex 50.774925 8.544924 10.599999
      vertex 50.774925 8.544924 9.099999
    endloop
  endfacet
  facet normal -0.7409527 -0.67155725 0
    outer loop
      vertex 50.774925 8.544924 10.599999
      vertex 50.913322 8.392225 9.099999
      vertex 50.913322 8.392225 10.599999
    endloop
  endfacet
  facet normal 0.97002995 0.2429853 0
    outer loop
      vertex 47.280426 6.4504013 10.599999
      vertex 47.23035 6.6503096 9.099999
      vertex 47.23035 6.6503096 10.599999
    endloop
  endfacet
  facet normal 0.97002995 0.2429853 0
    outer loop
      vertex 47.23035 6.6503096 9.099999
      vertex 47.280426 6.4504013 10.599999
      vertex 47.280426 6.4504013 9.099999
    endloop
  endfacet
  facet normal -0.595694 0.80321145 0
    outer loop
      vertex 50.622227 5.436678 9.099999
      vertex 50.456696 5.3139133 10.599999
      vertex 50.622227 5.436678 10.599999
    endloop
  endfacet
  facet normal -0.595694 0.80321145 0
    outer loop
      vertex 50.456696 5.3139133 10.599999
      vertex 50.622227 5.436678 9.099999
      vertex 50.456696 5.3139133 9.099999
    endloop
  endfacet
  facet normal -0.8032065 0.5957007 0
    outer loop
      vertex 50.913322 5.7277737 9.099999
      vertex 51.036087 5.893302 10.599999
      vertex 51.036087 5.893302 9.099999
    endloop
  endfacet
  facet normal -0.8032065 0.5957007 0
    outer loop
      vertex 51.036087 5.893302 10.599999
      vertex 50.913322 5.7277737 9.099999
      vertex 50.913322 5.7277737 10.599999
    endloop
  endfacet
  facet normal 0.90398973 0.42755416 0
    outer loop
      vertex 47.437965 6.0700665 10.599999
      vertex 47.349854 6.256364 9.099999
      vertex 47.349854 6.256364 10.599999
    endloop
  endfacet
  facet normal 0.90398973 0.42755416 0
    outer loop
      vertex 47.349854 6.256364 9.099999
      vertex 47.437965 6.0700665 10.599999
      vertex 47.437965 6.0700665 9.099999
    endloop
  endfacet
  facet normal 0.98917633 -0.1467318 0
    outer loop
      vertex 47.20011 7.265836 10.599999
      vertex 47.23035 7.4696894 9.099999
      vertex 47.23035 7.4696894 10.599999
    endloop
  endfacet
  facet normal 0.98917633 -0.1467318 0
    outer loop
      vertex 47.23035 7.4696894 9.099999
      vertex 47.20011 7.265836 10.599999
      vertex 47.20011 7.265836 9.099999
    endloop
  endfacet
  facet normal -0.67155725 -0.7409527 0
    outer loop
      vertex 50.622227 8.683321 9.099999
      vertex 50.774925 8.544924 10.599999
      vertex 50.622227 8.683321 10.599999
    endloop
  endfacet
  facet normal -0.67155725 -0.7409527 0
    outer loop
      vertex 50.774925 8.544924 10.599999
      vertex 50.622227 8.683321 9.099999
      vertex 50.774925 8.544924 9.099999
    endloop
  endfacet
  facet normal 0.33689332 0.9415428 0
    outer loop
      vertex 48.6804 5.0504246 9.099999
      vertex 48.486366 5.119852 10.599999
      vertex 48.6804 5.0504246 10.599999
    endloop
  endfacet
  facet normal 0.33689332 0.9415428 0
    outer loop
      vertex 48.486366 5.119852 10.599999
      vertex 48.6804 5.0504246 9.099999
      vertex 48.486366 5.119852 9.099999
    endloop
  endfacet
  facet normal -0.67155725 0.7409527 0
    outer loop
      vertex 50.774925 5.575075 9.099999
      vertex 50.622227 5.436678 10.599999
      vertex 50.774925 5.575075 10.599999
    endloop
  endfacet
  facet normal -0.67155725 0.7409527 0
    outer loop
      vertex 50.622227 5.436678 10.599999
      vertex 50.774925 5.575075 9.099999
      vertex 50.622227 5.436678 9.099999
    endloop
  endfacet
  facet normal 0.04907071 0.99879533 0
    outer loop
      vertex 49.29 4.959999 9.099999
      vertex 49.084164 4.970112 10.599999
      vertex 49.29 4.959999 10.599999
    endloop
  endfacet
  facet normal 0.04907071 0.99879533 0
    outer loop
      vertex 49.084164 4.970112 10.599999
      vertex 49.29 4.959999 9.099999
      vertex 49.084164 4.970112 9.099999
    endloop
  endfacet
  facet normal 0.14672728 0.989177 0
    outer loop
      vertex 49.084164 4.970112 9.099999
      vertex 48.88031 5.00035 10.599999
      vertex 49.084164 4.970112 10.599999
    endloop
  endfacet
  facet normal 0.14672728 0.989177 0
    outer loop
      vertex 48.88031 5.00035 10.599999
      vertex 49.084164 4.970112 9.099999
      vertex 48.88031 5.00035 9.099999
    endloop
  endfacet
  facet normal -0.24297984 0.9700313 0
    outer loop
      vertex 49.899597 5.0504246 9.099999
      vertex 49.699688 5.00035 10.599999
      vertex 49.899597 5.0504246 10.599999
    endloop
  endfacet
  facet normal -0.24297984 0.9700313 0
    outer loop
      vertex 49.699688 5.00035 10.599999
      vertex 49.899597 5.0504246 9.099999
      vertex 49.699688 5.00035 9.099999
    endloop
  endfacet
  facet normal 0.8032065 -0.5957007 0
    outer loop
      vertex 47.543915 8.226697 10.599999
      vertex 47.66668 8.392225 9.099999
      vertex 47.66668 8.392225 10.599999
    endloop
  endfacet
  facet normal 0.8032065 -0.5957007 0
    outer loop
      vertex 47.66668 8.392225 9.099999
      vertex 47.543915 8.226697 10.599999
      vertex 47.543915 8.226697 9.099999
    endloop
  endfacet
  facet normal 0.97002995 -0.2429853 0
    outer loop
      vertex 47.23035 7.4696894 10.599999
      vertex 47.280426 7.6695976 9.099999
      vertex 47.280426 7.6695976 10.599999
    endloop
  endfacet
  facet normal 0.97002995 -0.2429853 0
    outer loop
      vertex 47.280426 7.6695976 9.099999
      vertex 47.23035 7.4696894 10.599999
      vertex 47.23035 7.4696894 9.099999
    endloop
  endfacet
  facet normal 0.24297984 0.9700313 0
    outer loop
      vertex 48.88031 5.00035 9.099999
      vertex 48.6804 5.0504246 10.599999
      vertex 48.88031 5.00035 10.599999
    endloop
  endfacet
  facet normal 0.24297984 0.9700313 0
    outer loop
      vertex 48.6804 5.0504246 10.599999
      vertex 48.88031 5.00035 9.099999
      vertex 48.6804 5.0504246 9.099999
    endloop
  endfacet
  facet normal 0.9987953 -0.049070936 0
    outer loop
      vertex 47.19 7.0599995 10.599999
      vertex 47.20011 7.265836 9.099999
      vertex 47.20011 7.265836 10.599999
    endloop
  endfacet
  facet normal 0.9987953 -0.049070936 0
    outer loop
      vertex 47.20011 7.265836 9.099999
      vertex 47.19 7.0599995 10.599999
      vertex 47.19 7.0599995 9.099999
    endloop
  endfacet
  facet normal 0.9987953 0.049070936 0
    outer loop
      vertex 47.20011 6.854163 10.599999
      vertex 47.19 7.0599995 9.099999
      vertex 47.19 7.0599995 10.599999
    endloop
  endfacet
  facet normal 0.9987953 0.049070936 0
    outer loop
      vertex 47.19 7.0599995 9.099999
      vertex 47.20011 6.854163 10.599999
      vertex 47.20011 6.854163 9.099999
    endloop
  endfacet
  facet normal 0.8032065 0.5957007 0
    outer loop
      vertex 47.66668 5.7277737 10.599999
      vertex 47.543915 5.893302 9.099999
      vertex 47.543915 5.893302 10.599999
    endloop
  endfacet
  facet normal 0.8032065 0.5957007 0
    outer loop
      vertex 47.543915 5.893302 9.099999
      vertex 47.66668 5.7277737 10.599999
      vertex 47.66668 5.7277737 9.099999
    endloop
  endfacet
  facet normal 0.5141085 0.8577252 0
    outer loop
      vertex 48.300064 5.207965 9.099999
      vertex 48.123302 5.3139133 10.599999
      vertex 48.300064 5.207965 10.599999
    endloop
  endfacet
  facet normal 0.5141085 0.8577252 0
    outer loop
      vertex 48.123302 5.3139133 10.599999
      vertex 48.300064 5.207965 9.099999
      vertex 48.123302 5.3139133 9.099999
    endloop
  endfacet
  facet normal 0.6715664 0.7409443 0
    outer loop
      vertex 47.95777 16.716679 9.099999
      vertex 47.805077 16.855076 10.599999
      vertex 47.95777 16.716679 10.599999
    endloop
  endfacet
  facet normal 0.6715664 0.7409443 0
    outer loop
      vertex 47.805077 16.855076 10.599999
      vertex 47.95777 16.716679 9.099999
      vertex 47.805077 16.855076 9.099999
    endloop
  endfacet
  facet normal -0.9987953 -0.049071163 0
    outer loop
      vertex 51.39 18.34 9.099999
      vertex 51.379887 18.545835 10.599999
      vertex 51.379887 18.545835 9.099999
    endloop
  endfacet
  facet normal -0.9987953 -0.049071163 0
    outer loop
      vertex 51.379887 18.545835 10.599999
      vertex 51.39 18.34 9.099999
      vertex 51.39 18.34 10.599999
    endloop
  endfacet
  facet normal -0.97003406 -0.24296896 0
    outer loop
      vertex 51.349648 18.74969 9.099999
      vertex 51.299576 18.949596 10.599999
      vertex 51.299576 18.949596 9.099999
    endloop
  endfacet
  facet normal -0.97003406 -0.24296896 0
    outer loop
      vertex 51.299576 18.949596 10.599999
      vertex 51.349648 18.74969 9.099999
      vertex 51.349648 18.74969 10.599999
    endloop
  endfacet
  facet normal -0.2429842 0.97003025 0
    outer loop
      vertex 49.899597 16.330425 9.099999
      vertex 49.699688 16.28035 10.599999
      vertex 49.899597 16.330425 10.599999
    endloop
  endfacet
  facet normal -0.2429842 0.97003025 0
    outer loop
      vertex 49.699688 16.28035 10.599999
      vertex 49.899597 16.330425 9.099999
      vertex 49.699688 16.28035 9.099999
    endloop
  endfacet
  facet normal -0.94154495 -0.33688745 0
    outer loop
      vertex 51.299576 18.949596 9.099999
      vertex 51.23015 19.143635 10.599999
      vertex 51.23015 19.143635 9.099999
    endloop
  endfacet
  facet normal -0.94154495 -0.33688745 0
    outer loop
      vertex 51.23015 19.143635 10.599999
      vertex 51.299576 18.949596 9.099999
      vertex 51.299576 18.949596 10.599999
    endloop
  endfacet
  facet normal -0.98917633 -0.1467318 0
    outer loop
      vertex 51.379887 18.545835 9.099999
      vertex 51.349648 18.74969 10.599999
      vertex 51.349648 18.74969 9.099999
    endloop
  endfacet
  facet normal -0.98917633 -0.1467318 0
    outer loop
      vertex 51.349648 18.74969 10.599999
      vertex 51.379887 18.545835 9.099999
      vertex 51.379887 18.545835 10.599999
    endloop
  endfacet
  facet normal -0.8032049 0.5957029 0
    outer loop
      vertex 50.913322 17.007774 9.099999
      vertex 51.036087 17.173302 10.599999
      vertex 51.036087 17.173302 9.099999
    endloop
  endfacet
  facet normal -0.8032049 0.5957029 0
    outer loop
      vertex 51.036087 17.173302 10.599999
      vertex 50.913322 17.007774 9.099999
      vertex 50.913322 17.007774 10.599999
    endloop
  endfacet
  facet normal 0.595694 -0.80321145 0
    outer loop
      vertex 47.95777 19.963322 9.099999
      vertex 48.123302 20.086086 10.599999
      vertex 47.95777 19.963322 10.599999
    endloop
  endfacet
  facet normal 0.595694 -0.80321145 0
    outer loop
      vertex 48.123302 20.086086 10.599999
      vertex 47.95777 19.963322 9.099999
      vertex 48.123302 20.086086 9.099999
    endloop
  endfacet
  facet normal 0.98917633 0.1467318 0
    outer loop
      vertex 47.23035 17.93031 10.599999
      vertex 47.20011 18.134163 9.099999
      vertex 47.20011 18.134163 10.599999
    endloop
  endfacet
  facet normal 0.98917633 0.1467318 0
    outer loop
      vertex 47.20011 18.134163 9.099999
      vertex 47.23035 17.93031 10.599999
      vertex 47.23035 17.93031 9.099999
    endloop
  endfacet
  facet normal 0.857728 0.5141037 0
    outer loop
      vertex 47.543915 17.173302 10.599999
      vertex 47.437965 17.350067 9.099999
      vertex 47.437965 17.350067 10.599999
    endloop
  endfacet
  facet normal 0.857728 0.5141037 0
    outer loop
      vertex 47.437965 17.350067 9.099999
      vertex 47.543915 17.173302 10.599999
      vertex 47.543915 17.173302 9.099999
    endloop
  endfacet
  facet normal -0.049062382 -0.9987957 0
    outer loop
      vertex 49.29 20.439999 9.099999
      vertex 49.495834 20.429888 10.599999
      vertex 49.29 20.439999 10.599999
    endloop
  endfacet
  facet normal -0.049062382 -0.9987957 0
    outer loop
      vertex 49.495834 20.429888 10.599999
      vertex 49.29 20.439999 9.099999
      vertex 49.495834 20.429888 9.099999
    endloop
  endfacet
  facet normal -0.7409527 -0.67155725 0
    outer loop
      vertex 50.913322 19.672226 9.099999
      vertex 50.774925 19.824924 10.599999
      vertex 50.774925 19.824924 9.099999
    endloop
  endfacet
  facet normal -0.7409527 -0.67155725 0
    outer loop
      vertex 50.774925 19.824924 10.599999
      vertex 50.913322 19.672226 9.099999
      vertex 50.913322 19.672226 10.599999
    endloop
  endfacet
  facet normal 0.85772556 -0.5141078 0
    outer loop
      vertex 47.437965 19.329933 10.599999
      vertex 47.543915 19.506697 9.099999
      vertex 47.543915 19.506697 10.599999
    endloop
  endfacet
  facet normal 0.85772556 -0.5141078 0
    outer loop
      vertex 47.543915 19.506697 9.099999
      vertex 47.437965 19.329933 10.599999
      vertex 47.437965 19.329933 9.099999
    endloop
  endfacet
  facet normal 0.98917633 -0.1467318 0
    outer loop
      vertex 47.20011 18.545835 10.599999
      vertex 47.23035 18.74969 9.099999
      vertex 47.23035 18.74969 10.599999
    endloop
  endfacet
  facet normal 0.98917633 -0.1467318 0
    outer loop
      vertex 47.23035 18.74969 9.099999
      vertex 47.20011 18.545835 10.599999
      vertex 47.20011 18.545835 9.099999
    endloop
  endfacet
  facet normal 0.7409527 0.67155725 0
    outer loop
      vertex 47.805077 16.855076 10.599999
      vertex 47.66668 17.007774 9.099999
      vertex 47.66668 17.007774 10.599999
    endloop
  endfacet
  facet normal 0.7409527 0.67155725 0
    outer loop
      vertex 47.66668 17.007774 9.099999
      vertex 47.805077 16.855076 10.599999
      vertex 47.805077 16.855076 9.099999
    endloop
  endfacet
  facet normal 0.1467318 -0.98917633 0
    outer loop
      vertex 48.88031 20.399649 9.099999
      vertex 49.084164 20.429888 10.599999
      vertex 48.88031 20.399649 10.599999
    endloop
  endfacet
  facet normal 0.1467318 -0.98917633 0
    outer loop
      vertex 49.084164 20.429888 10.599999
      vertex 48.88031 20.399649 9.099999
      vertex 49.084164 20.429888 9.099999
    endloop
  endfacet
  facet normal -0.98917633 0.1467318 0
    outer loop
      vertex 51.349648 17.93031 9.099999
      vertex 51.379887 18.134163 10.599999
      vertex 51.379887 18.134163 9.099999
    endloop
  endfacet
  facet normal -0.98917633 0.1467318 0
    outer loop
      vertex 51.379887 18.134163 10.599999
      vertex 51.349648 17.93031 9.099999
      vertex 51.349648 17.93031 10.599999
    endloop
  endfacet
  facet normal -0.5141119 0.8577231 0
    outer loop
      vertex 50.456696 16.593914 9.099999
      vertex 50.279934 16.487965 10.599999
      vertex 50.456696 16.593914 10.599999
    endloop
  endfacet
  facet normal -0.5141119 0.8577231 0
    outer loop
      vertex 50.279934 16.487965 10.599999
      vertex 50.456696 16.593914 9.099999
      vertex 50.279934 16.487965 9.099999
    endloop
  endfacet
  facet normal -0.9415439 0.3368904 0
    outer loop
      vertex 51.23015 17.536366 9.099999
      vertex 51.299576 17.730402 10.599999
      vertex 51.299576 17.730402 9.099999
    endloop
  endfacet
  facet normal -0.9415439 0.3368904 0
    outer loop
      vertex 51.299576 17.730402 10.599999
      vertex 51.23015 17.536366 9.099999
      vertex 51.23015 17.536366 10.599999
    endloop
  endfacet
  facet normal -0.99879533 0.04907071 0
    outer loop
      vertex 51.379887 18.134163 9.099999
      vertex 51.39 18.34 10.599999
      vertex 51.39 18.34 9.099999
    endloop
  endfacet
  facet normal -0.99879533 0.04907071 0
    outer loop
      vertex 51.39 18.34 10.599999
      vertex 51.379887 18.134163 9.099999
      vertex 51.379887 18.134163 10.599999
    endloop
  endfacet
  facet normal 0.90399057 0.42755237 0
    outer loop
      vertex 47.437965 17.350067 10.599999
      vertex 47.349854 17.536366 9.099999
      vertex 47.349854 17.536366 10.599999
    endloop
  endfacet
  facet normal 0.90399057 0.42755237 0
    outer loop
      vertex 47.349854 17.536366 9.099999
      vertex 47.437965 17.350067 10.599999
      vertex 47.437965 17.350067 9.099999
    endloop
  endfacet
  facet normal -0.97003406 0.24296896 0
    outer loop
      vertex 51.299576 17.730402 9.099999
      vertex 51.349648 17.93031 10.599999
      vertex 51.349648 17.93031 9.099999
    endloop
  endfacet
  facet normal -0.97003406 0.24296896 0
    outer loop
      vertex 51.349648 17.93031 10.599999
      vertex 51.299576 17.730402 9.099999
      vertex 51.299576 17.730402 10.599999
    endloop
  endfacet
  facet normal -0.857728 0.5141037 0
    outer loop
      vertex 51.036087 17.173302 9.099999
      vertex 51.142036 17.350067 10.599999
      vertex 51.142036 17.350067 9.099999
    endloop
  endfacet
  facet normal -0.857728 0.5141037 0
    outer loop
      vertex 51.142036 17.350067 10.599999
      vertex 51.036087 17.173302 9.099999
      vertex 51.036087 17.173302 10.599999
    endloop
  endfacet
  facet normal -0.049062382 0.9987957 0
    outer loop
      vertex 49.495834 16.25011 9.099999
      vertex 49.29 16.24 10.599999
      vertex 49.495834 16.25011 10.599999
    endloop
  endfacet
  facet normal -0.049062382 0.9987957 0
    outer loop
      vertex 49.29 16.24 10.599999
      vertex 49.495834 16.25011 9.099999
      vertex 49.29 16.24 9.099999
    endloop
  endfacet
  facet normal -0.595694 -0.80321145 0
    outer loop
      vertex 50.456696 20.086086 9.099999
      vertex 50.622227 19.963322 10.599999
      vertex 50.456696 20.086086 10.599999
    endloop
  endfacet
  facet normal -0.595694 -0.80321145 0
    outer loop
      vertex 50.622227 19.963322 10.599999
      vertex 50.456696 20.086086 9.099999
      vertex 50.622227 19.963322 9.099999
    endloop
  endfacet
  facet normal 0.595694 0.80321145 0
    outer loop
      vertex 48.123302 16.593914 9.099999
      vertex 47.95777 16.716679 10.599999
      vertex 48.123302 16.593914 10.599999
    endloop
  endfacet
  facet normal 0.595694 0.80321145 0
    outer loop
      vertex 47.95777 16.716679 10.599999
      vertex 48.123302 16.593914 9.099999
      vertex 47.95777 16.716679 9.099999
    endloop
  endfacet
  facet normal 0.049061477 -0.99879575 0
    outer loop
      vertex 49.084164 20.429888 9.099999
      vertex 49.29 20.439999 10.599999
      vertex 49.084164 20.429888 10.599999
    endloop
  endfacet
  facet normal 0.049061477 -0.99879575 0
    outer loop
      vertex 49.29 20.439999 10.599999
      vertex 49.084164 20.429888 9.099999
      vertex 49.29 20.439999 9.099999
    endloop
  endfacet
  facet normal 0.90399057 -0.42755237 0
    outer loop
      vertex 47.349854 19.143635 10.599999
      vertex 47.437965 19.329933 9.099999
      vertex 47.437965 19.329933 10.599999
    endloop
  endfacet
  facet normal 0.90399057 -0.42755237 0
    outer loop
      vertex 47.437965 19.329933 9.099999
      vertex 47.349854 19.143635 10.599999
      vertex 47.349854 19.143635 9.099999
    endloop
  endfacet
  facet normal -0.7409527 0.67155725 0
    outer loop
      vertex 50.774925 16.855076 9.099999
      vertex 50.913322 17.007774 10.599999
      vertex 50.913322 17.007774 9.099999
    endloop
  endfacet
  facet normal -0.7409527 0.67155725 0
    outer loop
      vertex 50.913322 17.007774 10.599999
      vertex 50.774925 16.855076 9.099999
      vertex 50.774925 16.855076 10.599999
    endloop
  endfacet
  facet normal -0.90399057 0.42755237 0
    outer loop
      vertex 51.142036 17.350067 9.099999
      vertex 51.23015 17.536366 10.599999
      vertex 51.23015 17.536366 9.099999
    endloop
  endfacet
  facet normal -0.90399057 0.42755237 0
    outer loop
      vertex 51.23015 17.536366 10.599999
      vertex 51.142036 17.350067 9.099999
      vertex 51.142036 17.350067 10.599999
    endloop
  endfacet
  facet normal 0.5141051 -0.8577272 0
    outer loop
      vertex 48.123302 20.086086 9.099999
      vertex 48.300064 20.192034 10.599999
      vertex 48.123302 20.086086 10.599999
    endloop
  endfacet
  facet normal 0.5141051 -0.8577272 0
    outer loop
      vertex 48.300064 20.192034 10.599999
      vertex 48.123302 20.086086 9.099999
      vertex 48.300064 20.192034 9.099999
    endloop
  endfacet
  facet normal 0.8032082 -0.5956985 0
    outer loop
      vertex 47.543915 19.506697 10.599999
      vertex 47.66668 19.672226 9.099999
      vertex 47.66668 19.672226 10.599999
    endloop
  endfacet
  facet normal 0.8032082 -0.5956985 0
    outer loop
      vertex 47.66668 19.672226 9.099999
      vertex 47.543915 19.506697 10.599999
      vertex 47.543915 19.506697 9.099999
    endloop
  endfacet
  facet normal 0.7409527 -0.67155725 0
    outer loop
      vertex 47.66668 19.672226 10.599999
      vertex 47.805077 19.824924 9.099999
      vertex 47.805077 19.824924 10.599999
    endloop
  endfacet
  facet normal 0.7409527 -0.67155725 0
    outer loop
      vertex 47.805077 19.824924 9.099999
      vertex 47.66668 19.672226 10.599999
      vertex 47.66668 19.672226 9.099999
    endloop
  endfacet
  facet normal 0.33689332 -0.9415428 0
    outer loop
      vertex 48.486366 20.280148 9.099999
      vertex 48.6804 20.349575 10.599999
      vertex 48.486366 20.280148 10.599999
    endloop
  endfacet
  facet normal 0.33689332 -0.9415428 0
    outer loop
      vertex 48.6804 20.349575 10.599999
      vertex 48.486366 20.280148 9.099999
      vertex 48.6804 20.349575 9.099999
    endloop
  endfacet
  facet normal -0.42755237 0.90399057 0
    outer loop
      vertex 50.279934 16.487965 9.099999
      vertex 50.093636 16.399853 10.599999
      vertex 50.279934 16.487965 10.599999
    endloop
  endfacet
  facet normal -0.42755237 0.90399057 0
    outer loop
      vertex 50.093636 16.399853 10.599999
      vertex 50.279934 16.487965 9.099999
      vertex 50.093636 16.399853 9.099999
    endloop
  endfacet
  facet normal 0.9700297 -0.24298638 0
    outer loop
      vertex 47.23035 18.74969 10.599999
      vertex 47.280426 18.949596 9.099999
      vertex 47.280426 18.949596 10.599999
    endloop
  endfacet
  facet normal 0.9700297 -0.24298638 0
    outer loop
      vertex 47.280426 18.949596 9.099999
      vertex 47.23035 18.74969 10.599999
      vertex 47.23035 18.74969 9.099999
    endloop
  endfacet
  facet normal -0.85772556 -0.5141078 0
    outer loop
      vertex 51.142036 19.329933 9.099999
      vertex 51.036087 19.506697 10.599999
      vertex 51.036087 19.506697 9.099999
    endloop
  endfacet
  facet normal -0.85772556 -0.5141078 0
    outer loop
      vertex 51.036087 19.506697 10.599999
      vertex 51.142036 19.329933 9.099999
      vertex 51.142036 19.329933 10.599999
    endloop
  endfacet
  facet normal 0.9987953 -0.049071163 0
    outer loop
      vertex 47.19 18.34 10.599999
      vertex 47.20011 18.545835 9.099999
      vertex 47.20011 18.545835 10.599999
    endloop
  endfacet
  facet normal 0.9987953 -0.049071163 0
    outer loop
      vertex 47.20011 18.545835 9.099999
      vertex 47.19 18.34 10.599999
      vertex 47.19 18.34 9.099999
    endloop
  endfacet
  facet normal 0.5141119 0.8577231 0
    outer loop
      vertex 48.300064 16.487965 9.099999
      vertex 48.123302 16.593914 10.599999
      vertex 48.300064 16.487965 10.599999
    endloop
  endfacet
  facet normal 0.5141119 0.8577231 0
    outer loop
      vertex 48.123302 16.593914 10.599999
      vertex 48.300064 16.487965 9.099999
      vertex 48.123302 16.593914 9.099999
    endloop
  endfacet
  facet normal 0.9700297 0.24298638 0
    outer loop
      vertex 47.280426 17.730402 10.599999
      vertex 47.23035 17.93031 9.099999
      vertex 47.23035 17.93031 10.599999
    endloop
  endfacet
  facet normal 0.9700297 0.24298638 0
    outer loop
      vertex 47.23035 17.93031 9.099999
      vertex 47.280426 17.730402 10.599999
      vertex 47.280426 17.730402 9.099999
    endloop
  endfacet
  facet normal 0.24297549 -0.97003245 0
    outer loop
      vertex 48.6804 20.349575 9.099999
      vertex 48.88031 20.399649 10.599999
      vertex 48.6804 20.349575 10.599999
    endloop
  endfacet
  facet normal 0.24297549 -0.97003245 0
    outer loop
      vertex 48.88031 20.399649 10.599999
      vertex 48.6804 20.349575 9.099999
      vertex 48.88031 20.399649 9.099999
    endloop
  endfacet
  facet normal -0.67155725 -0.7409527 0
    outer loop
      vertex 50.622227 19.963322 9.099999
      vertex 50.774925 19.824924 10.599999
      vertex 50.622227 19.963322 10.599999
    endloop
  endfacet
  facet normal -0.67155725 -0.7409527 0
    outer loop
      vertex 50.774925 19.824924 10.599999
      vertex 50.622227 19.963322 9.099999
      vertex 50.774925 19.824924 9.099999
    endloop
  endfacet
  facet normal 0.42755276 -0.9039904 0
    outer loop
      vertex 48.300064 20.192034 9.099999
      vertex 48.486366 20.280148 10.599999
      vertex 48.300064 20.192034 10.599999
    endloop
  endfacet
  facet normal 0.42755276 -0.9039904 0
    outer loop
      vertex 48.486366 20.280148 10.599999
      vertex 48.300064 20.192034 9.099999
      vertex 48.486366 20.280148 9.099999
    endloop
  endfacet
  facet normal 0.99879533 0.04907071 0
    outer loop
      vertex 47.20011 18.134163 10.599999
      vertex 47.19 18.34 9.099999
      vertex 47.19 18.34 10.599999
    endloop
  endfacet
  facet normal 0.99879533 0.04907071 0
    outer loop
      vertex 47.19 18.34 9.099999
      vertex 47.20011 18.134163 10.599999
      vertex 47.20011 18.134163 9.099999
    endloop
  endfacet
  facet normal 0.94154495 -0.33688745 0
    outer loop
      vertex 47.280426 18.949596 10.599999
      vertex 47.349854 19.143635 9.099999
      vertex 47.349854 19.143635 10.599999
    endloop
  endfacet
  facet normal 0.94154495 -0.33688745 0
    outer loop
      vertex 47.349854 19.143635 9.099999
      vertex 47.280426 18.949596 10.599999
      vertex 47.280426 18.949596 9.099999
    endloop
  endfacet
  facet normal 0.9415439 0.3368904 0
    outer loop
      vertex 47.349854 17.536366 10.599999
      vertex 47.280426 17.730402 9.099999
      vertex 47.280426 17.730402 10.599999
    endloop
  endfacet
  facet normal 0.9415439 0.3368904 0
    outer loop
      vertex 47.280426 17.730402 9.099999
      vertex 47.349854 17.536366 10.599999
      vertex 47.349854 17.536366 9.099999
    endloop
  endfacet
  facet normal 0.42754522 0.90399396 0
    outer loop
      vertex 48.486366 16.399853 9.099999
      vertex 48.300064 16.487965 10.599999
      vertex 48.486366 16.399853 10.599999
    endloop
  endfacet
  facet normal 0.42754522 0.90399396 0
    outer loop
      vertex 48.300064 16.487965 10.599999
      vertex 48.486366 16.399853 9.099999
      vertex 48.300064 16.487965 9.099999
    endloop
  endfacet
  facet normal 0.2429842 0.97003025 0
    outer loop
      vertex 48.88031 16.28035 9.099999
      vertex 48.6804 16.330425 10.599999
      vertex 48.88031 16.28035 10.599999
    endloop
  endfacet
  facet normal 0.2429842 0.97003025 0
    outer loop
      vertex 48.6804 16.330425 10.599999
      vertex 48.88031 16.28035 9.099999
      vertex 48.6804 16.330425 9.099999
    endloop
  endfacet
  facet normal -0.67155725 0.7409527 0
    outer loop
      vertex 50.774925 16.855076 9.099999
      vertex 50.622227 16.716679 10.599999
      vertex 50.774925 16.855076 10.599999
    endloop
  endfacet
  facet normal -0.67155725 0.7409527 0
    outer loop
      vertex 50.622227 16.716679 10.599999
      vertex 50.774925 16.855076 9.099999
      vertex 50.622227 16.716679 9.099999
    endloop
  endfacet
  facet normal -0.5141051 -0.8577272 0
    outer loop
      vertex 50.279934 20.192034 9.099999
      vertex 50.456696 20.086086 10.599999
      vertex 50.279934 20.192034 10.599999
    endloop
  endfacet
  facet normal -0.5141051 -0.8577272 0
    outer loop
      vertex 50.456696 20.086086 10.599999
      vertex 50.279934 20.192034 9.099999
      vertex 50.456696 20.086086 9.099999
    endloop
  endfacet
  facet normal -0.1467318 -0.98917633 0
    outer loop
      vertex 49.495834 20.429888 9.099999
      vertex 49.699688 20.399649 10.599999
      vertex 49.495834 20.429888 10.599999
    endloop
  endfacet
  facet normal -0.1467318 -0.98917633 0
    outer loop
      vertex 49.699688 20.399649 10.599999
      vertex 49.495834 20.429888 9.099999
      vertex 49.699688 20.399649 9.099999
    endloop
  endfacet
  facet normal 0.33689332 0.9415428 0
    outer loop
      vertex 48.6804 16.330425 9.099999
      vertex 48.486366 16.399853 10.599999
      vertex 48.6804 16.330425 10.599999
    endloop
  endfacet
  facet normal 0.33689332 0.9415428 0
    outer loop
      vertex 48.486366 16.399853 10.599999
      vertex 48.6804 16.330425 9.099999
      vertex 48.486366 16.399853 9.099999
    endloop
  endfacet
  facet normal -0.8032082 -0.5956985 0
    outer loop
      vertex 51.036087 19.506697 9.099999
      vertex 50.913322 19.672226 10.599999
      vertex 50.913322 19.672226 9.099999
    endloop
  endfacet
  facet normal -0.8032082 -0.5956985 0
    outer loop
      vertex 50.913322 19.672226 10.599999
      vertex 51.036087 19.506697 9.099999
      vertex 51.036087 19.506697 10.599999
    endloop
  endfacet
  facet normal -0.24297549 -0.97003245 0
    outer loop
      vertex 49.699688 20.399649 9.099999
      vertex 49.899597 20.349575 10.599999
      vertex 49.699688 20.399649 10.599999
    endloop
  endfacet
  facet normal -0.24297549 -0.97003245 0
    outer loop
      vertex 49.899597 20.349575 10.599999
      vertex 49.699688 20.399649 9.099999
      vertex 49.899597 20.349575 9.099999
    endloop
  endfacet
  facet normal -0.1467318 0.98917633 0
    outer loop
      vertex 49.699688 16.28035 9.099999
      vertex 49.495834 16.25011 10.599999
      vertex 49.699688 16.28035 10.599999
    endloop
  endfacet
  facet normal -0.1467318 0.98917633 0
    outer loop
      vertex 49.495834 16.25011 10.599999
      vertex 49.699688 16.28035 9.099999
      vertex 49.495834 16.25011 9.099999
    endloop
  endfacet
  facet normal 0.8032049 0.5957029 0
    outer loop
      vertex 47.66668 17.007774 10.599999
      vertex 47.543915 17.173302 9.099999
      vertex 47.543915 17.173302 10.599999
    endloop
  endfacet
  facet normal 0.8032049 0.5957029 0
    outer loop
      vertex 47.543915 17.173302 9.099999
      vertex 47.66668 17.007774 10.599999
      vertex 47.66668 17.007774 9.099999
    endloop
  endfacet
  facet normal -0.595694 0.80321145 0
    outer loop
      vertex 50.622227 16.716679 9.099999
      vertex 50.456696 16.593914 10.599999
      vertex 50.622227 16.716679 10.599999
    endloop
  endfacet
  facet normal -0.595694 0.80321145 0
    outer loop
      vertex 50.456696 16.593914 10.599999
      vertex 50.622227 16.716679 9.099999
      vertex 50.456696 16.593914 9.099999
    endloop
  endfacet
  facet normal -0.90399057 -0.42755237 0
    outer loop
      vertex 51.23015 19.143635 9.099999
      vertex 51.142036 19.329933 10.599999
      vertex 51.142036 19.329933 9.099999
    endloop
  endfacet
  facet normal -0.90399057 -0.42755237 0
    outer loop
      vertex 51.142036 19.329933 10.599999
      vertex 51.23015 19.143635 9.099999
      vertex 51.23015 19.143635 10.599999
    endloop
  endfacet
  facet normal 0.6715664 -0.7409443 0
    outer loop
      vertex 47.805077 19.824924 9.099999
      vertex 47.95777 19.963322 10.599999
      vertex 47.805077 19.824924 10.599999
    endloop
  endfacet
  facet normal 0.6715664 -0.7409443 0
    outer loop
      vertex 47.95777 19.963322 10.599999
      vertex 47.805077 19.824924 9.099999
      vertex 47.95777 19.963322 9.099999
    endloop
  endfacet
  facet normal -0.33688745 -0.94154495 0
    outer loop
      vertex 49.899597 20.349575 9.099999
      vertex 50.093636 20.280148 10.599999
      vertex 49.899597 20.349575 10.599999
    endloop
  endfacet
  facet normal -0.33688745 -0.94154495 0
    outer loop
      vertex 50.093636 20.280148 10.599999
      vertex 49.899597 20.349575 9.099999
      vertex 50.093636 20.280148 9.099999
    endloop
  endfacet
  facet normal -0.4275599 -0.903987 0
    outer loop
      vertex 50.093636 20.280148 9.099999
      vertex 50.279934 20.192034 10.599999
      vertex 50.093636 20.280148 10.599999
    endloop
  endfacet
  facet normal -0.4275599 -0.903987 0
    outer loop
      vertex 50.279934 20.192034 10.599999
      vertex 50.093636 20.280148 9.099999
      vertex 50.279934 20.192034 9.099999
    endloop
  endfacet
  facet normal -0.33688745 0.94154495 0
    outer loop
      vertex 50.093636 16.399853 9.099999
      vertex 49.899597 16.330425 10.599999
      vertex 50.093636 16.399853 10.599999
    endloop
  endfacet
  facet normal -0.33688745 0.94154495 0
    outer loop
      vertex 49.899597 16.330425 10.599999
      vertex 50.093636 16.399853 9.099999
      vertex 49.899597 16.330425 9.099999
    endloop
  endfacet
  facet normal 0.1467318 0.98917633 0
    outer loop
      vertex 49.084164 16.25011 9.099999
      vertex 48.88031 16.28035 10.599999
      vertex 49.084164 16.25011 10.599999
    endloop
  endfacet
  facet normal 0.1467318 0.98917633 0
    outer loop
      vertex 48.88031 16.28035 10.599999
      vertex 49.084164 16.25011 9.099999
      vertex 48.88031 16.28035 9.099999
    endloop
  endfacet
  facet normal 0.049061477 0.99879575 0
    outer loop
      vertex 49.29 16.24 9.099999
      vertex 49.084164 16.25011 10.599999
      vertex 49.29 16.24 10.599999
    endloop
  endfacet
  facet normal 0.049061477 0.99879575 0
    outer loop
      vertex 49.084164 16.25011 10.599999
      vertex 49.29 16.24 9.099999
      vertex 49.084164 16.25011 9.099999
    endloop
  endfacet
  facet normal -0.989179 -0.14671369 0
    outer loop
      vertex 38.679886 18.545835 9.099999
      vertex 38.64965 18.74969 10.599999
      vertex 38.64965 18.74969 9.099999
    endloop
  endfacet
  facet normal -0.989179 -0.14671369 0
    outer loop
      vertex 38.64965 18.74969 10.599999
      vertex 38.679886 18.545835 9.099999
      vertex 38.679886 18.545835 10.599999
    endloop
  endfacet
  facet normal 0.7409527 -0.67155725 0
    outer loop
      vertex 34.96668 19.672226 10.599999
      vertex 35.105076 19.824924 9.099999
      vertex 35.105076 19.824924 10.599999
    endloop
  endfacet
  facet normal 0.7409527 -0.67155725 0
    outer loop
      vertex 35.105076 19.824924 9.099999
      vertex 34.96668 19.672226 10.599999
      vertex 34.96668 19.672226 9.099999
    endloop
  endfacet
  facet normal -0.9987953 -0.049071163 0
    outer loop
      vertex 38.69 18.34 9.099999
      vertex 38.679886 18.545835 10.599999
      vertex 38.679886 18.545835 9.099999
    endloop
  endfacet
  facet normal -0.9987953 -0.049071163 0
    outer loop
      vertex 38.679886 18.545835 10.599999
      vertex 38.69 18.34 9.099999
      vertex 38.69 18.34 10.599999
    endloop
  endfacet
  facet normal -0.8032049 0.5957029 0
    outer loop
      vertex 38.21332 17.007774 9.099999
      vertex 38.336086 17.173302 10.599999
      vertex 38.336086 17.173302 9.099999
    endloop
  endfacet
  facet normal -0.8032049 0.5957029 0
    outer loop
      vertex 38.336086 17.173302 10.599999
      vertex 38.21332 17.007774 9.099999
      vertex 38.21332 17.007774 10.599999
    endloop
  endfacet
  facet normal -0.7409527 -0.67155725 0
    outer loop
      vertex 38.21332 19.672226 9.099999
      vertex 38.074924 19.824924 10.599999
      vertex 38.074924 19.824924 9.099999
    endloop
  endfacet
  facet normal -0.7409527 -0.67155725 0
    outer loop
      vertex 38.074924 19.824924 10.599999
      vertex 38.21332 19.672226 9.099999
      vertex 38.21332 19.672226 10.599999
    endloop
  endfacet
  facet normal -0.9700297 -0.24298638 0
    outer loop
      vertex 38.64965 18.74969 9.099999
      vertex 38.599575 18.949596 10.599999
      vertex 38.599575 18.949596 9.099999
    endloop
  endfacet
  facet normal -0.9700297 -0.24298638 0
    outer loop
      vertex 38.599575 18.949596 10.599999
      vertex 38.64965 18.74969 9.099999
      vertex 38.64965 18.74969 10.599999
    endloop
  endfacet
  facet normal 0.67155725 0.7409527 0
    outer loop
      vertex 35.257774 16.716679 9.099999
      vertex 35.105076 16.855076 10.599999
      vertex 35.257774 16.716679 10.599999
    endloop
  endfacet
  facet normal 0.67155725 0.7409527 0
    outer loop
      vertex 35.105076 16.855076 10.599999
      vertex 35.257774 16.716679 9.099999
      vertex 35.105076 16.855076 9.099999
    endloop
  endfacet
  facet normal 0.9987953 -0.049071163 0
    outer loop
      vertex 34.489998 18.34 10.599999
      vertex 34.50011 18.545835 9.099999
      vertex 34.50011 18.545835 10.599999
    endloop
  endfacet
  facet normal 0.9987953 -0.049071163 0
    outer loop
      vertex 34.50011 18.545835 9.099999
      vertex 34.489998 18.34 10.599999
      vertex 34.489998 18.34 9.099999
    endloop
  endfacet
  facet normal -0.049061477 -0.99879575 0
    outer loop
      vertex 36.59 20.439999 9.099999
      vertex 36.795837 20.429888 10.599999
      vertex 36.59 20.439999 10.599999
    endloop
  endfacet
  facet normal -0.049061477 -0.99879575 0
    outer loop
      vertex 36.795837 20.429888 10.599999
      vertex 36.59 20.439999 9.099999
      vertex 36.795837 20.429888 9.099999
    endloop
  endfacet
  facet normal 0.9700297 0.24298638 0
    outer loop
      vertex 34.580425 17.730402 10.599999
      vertex 34.53035 17.93031 9.099999
      vertex 34.53035 17.93031 10.599999
    endloop
  endfacet
  facet normal 0.9700297 0.24298638 0
    outer loop
      vertex 34.53035 17.93031 9.099999
      vertex 34.580425 17.730402 10.599999
      vertex 34.580425 17.730402 9.099999
    endloop
  endfacet
  facet normal 0.94154495 -0.33688745 0
    outer loop
      vertex 34.580425 18.949596 10.599999
      vertex 34.649853 19.143635 9.099999
      vertex 34.649853 19.143635 10.599999
    endloop
  endfacet
  facet normal 0.94154495 -0.33688745 0
    outer loop
      vertex 34.649853 19.143635 9.099999
      vertex 34.580425 18.949596 10.599999
      vertex 34.580425 18.949596 9.099999
    endloop
  endfacet
  facet normal 0.2429842 0.97003025 0
    outer loop
      vertex 36.18031 16.28035 9.099999
      vertex 35.9804 16.330425 10.599999
      vertex 36.18031 16.28035 10.599999
    endloop
  endfacet
  facet normal 0.2429842 0.97003025 0
    outer loop
      vertex 35.9804 16.330425 10.599999
      vertex 36.18031 16.28035 9.099999
      vertex 35.9804 16.330425 9.099999
    endloop
  endfacet
  facet normal -0.989179 0.14671369 0
    outer loop
      vertex 38.64965 17.93031 9.099999
      vertex 38.679886 18.134163 10.599999
      vertex 38.679886 18.134163 9.099999
    endloop
  endfacet
  facet normal -0.989179 0.14671369 0
    outer loop
      vertex 38.679886 18.134163 10.599999
      vertex 38.64965 17.93031 9.099999
      vertex 38.64965 17.93031 10.599999
    endloop
  endfacet
  facet normal -0.67155725 -0.7409527 0
    outer loop
      vertex 37.922226 19.963322 9.099999
      vertex 38.074924 19.824924 10.599999
      vertex 37.922226 19.963322 10.599999
    endloop
  endfacet
  facet normal -0.67155725 -0.7409527 0
    outer loop
      vertex 38.074924 19.824924 10.599999
      vertex 37.922226 19.963322 9.099999
      vertex 38.074924 19.824924 9.099999
    endloop
  endfacet
  facet normal 0.049061477 -0.99879575 0
    outer loop
      vertex 36.384163 20.429888 9.099999
      vertex 36.59 20.439999 10.599999
      vertex 36.384163 20.429888 10.599999
    endloop
  endfacet
  facet normal 0.049061477 -0.99879575 0
    outer loop
      vertex 36.59 20.439999 10.599999
      vertex 36.384163 20.429888 9.099999
      vertex 36.59 20.439999 9.099999
    endloop
  endfacet
  facet normal -0.9039834 0.42756748 0
    outer loop
      vertex 38.44203 17.350067 9.099999
      vertex 38.530148 17.536366 10.599999
      vertex 38.530148 17.536366 9.099999
    endloop
  endfacet
  facet normal -0.9039834 0.42756748 0
    outer loop
      vertex 38.530148 17.536366 10.599999
      vertex 38.44203 17.350067 9.099999
      vertex 38.44203 17.350067 10.599999
    endloop
  endfacet
  facet normal -0.7409527 0.67155725 0
    outer loop
      vertex 38.074924 16.855076 9.099999
      vertex 38.21332 17.007774 10.599999
      vertex 38.21332 17.007774 9.099999
    endloop
  endfacet
  facet normal -0.7409527 0.67155725 0
    outer loop
      vertex 38.21332 17.007774 10.599999
      vertex 38.074924 16.855076 9.099999
      vertex 38.074924 16.855076 10.599999
    endloop
  endfacet
  facet normal -0.8577337 -0.5140942 0
    outer loop
      vertex 38.44203 19.329933 9.099999
      vertex 38.336086 19.506697 10.599999
      vertex 38.336086 19.506697 9.099999
    endloop
  endfacet
  facet normal -0.8577337 -0.5140942 0
    outer loop
      vertex 38.336086 19.506697 10.599999
      vertex 38.44203 19.329933 9.099999
      vertex 38.44203 19.329933 10.599999
    endloop
  endfacet
  facet normal 0.85772556 -0.5141078 0
    outer loop
      vertex 34.737965 19.329933 10.599999
      vertex 34.843914 19.506697 9.099999
      vertex 34.843914 19.506697 10.599999
    endloop
  endfacet
  facet normal 0.85772556 -0.5141078 0
    outer loop
      vertex 34.843914 19.506697 9.099999
      vertex 34.737965 19.329933 10.599999
      vertex 34.737965 19.329933 9.099999
    endloop
  endfacet
  facet normal -0.4275599 -0.903987 0
    outer loop
      vertex 37.393635 20.280148 9.099999
      vertex 37.579933 20.192034 10.599999
      vertex 37.393635 20.280148 10.599999
    endloop
  endfacet
  facet normal -0.4275599 -0.903987 0
    outer loop
      vertex 37.579933 20.192034 10.599999
      vertex 37.393635 20.280148 9.099999
      vertex 37.579933 20.192034 9.099999
    endloop
  endfacet
  facet normal -0.9415439 0.3368904 0
    outer loop
      vertex 38.530148 17.536366 9.099999
      vertex 38.599575 17.730402 10.599999
      vertex 38.599575 17.730402 9.099999
    endloop
  endfacet
  facet normal -0.9415439 0.3368904 0
    outer loop
      vertex 38.599575 17.730402 10.599999
      vertex 38.530148 17.536366 9.099999
      vertex 38.530148 17.536366 10.599999
    endloop
  endfacet
  facet normal -0.99879533 0.04907071 0
    outer loop
      vertex 38.679886 18.134163 9.099999
      vertex 38.69 18.34 10.599999
      vertex 38.69 18.34 9.099999
    endloop
  endfacet
  facet normal -0.99879533 0.04907071 0
    outer loop
      vertex 38.69 18.34 10.599999
      vertex 38.679886 18.134163 9.099999
      vertex 38.679886 18.134163 10.599999
    endloop
  endfacet
  facet normal -0.33688745 -0.94154495 0
    outer loop
      vertex 37.199596 20.349575 9.099999
      vertex 37.393635 20.280148 10.599999
      vertex 37.199596 20.349575 10.599999
    endloop
  endfacet
  facet normal -0.33688745 -0.94154495 0
    outer loop
      vertex 37.393635 20.280148 10.599999
      vertex 37.199596 20.349575 9.099999
      vertex 37.393635 20.280148 9.099999
    endloop
  endfacet
  facet normal 0.99879533 0.04907071 0
    outer loop
      vertex 34.50011 18.134163 10.599999
      vertex 34.489998 18.34 9.099999
      vertex 34.489998 18.34 10.599999
    endloop
  endfacet
  facet normal 0.99879533 0.04907071 0
    outer loop
      vertex 34.489998 18.34 9.099999
      vertex 34.50011 18.134163 10.599999
      vertex 34.50011 18.134163 9.099999
    endloop
  endfacet
  facet normal 0.5141037 0.857728 0
    outer loop
      vertex 35.600067 16.487965 9.099999
      vertex 35.4233 16.593914 10.599999
      vertex 35.600067 16.487965 10.599999
    endloop
  endfacet
  facet normal 0.5141037 0.857728 0
    outer loop
      vertex 35.4233 16.593914 10.599999
      vertex 35.600067 16.487965 9.099999
      vertex 35.4233 16.593914 9.099999
    endloop
  endfacet
  facet normal 0.5957029 -0.8032049 0
    outer loop
      vertex 35.257774 19.963322 9.099999
      vertex 35.4233 20.086086 10.599999
      vertex 35.257774 19.963322 10.599999
    endloop
  endfacet
  facet normal 0.5957029 -0.8032049 0
    outer loop
      vertex 35.4233 20.086086 10.599999
      vertex 35.257774 19.963322 9.099999
      vertex 35.4233 20.086086 9.099999
    endloop
  endfacet
  facet normal -0.94154495 -0.33688745 0
    outer loop
      vertex 38.599575 18.949596 9.099999
      vertex 38.530148 19.143635 10.599999
      vertex 38.530148 19.143635 9.099999
    endloop
  endfacet
  facet normal -0.94154495 -0.33688745 0
    outer loop
      vertex 38.530148 19.143635 10.599999
      vertex 38.599575 18.949596 9.099999
      vertex 38.599575 18.949596 10.599999
    endloop
  endfacet
  facet normal -0.049061477 0.99879575 0
    outer loop
      vertex 36.795837 16.25011 9.099999
      vertex 36.59 16.24 10.599999
      vertex 36.795837 16.25011 10.599999
    endloop
  endfacet
  facet normal -0.049061477 0.99879575 0
    outer loop
      vertex 36.59 16.24 10.599999
      vertex 36.795837 16.25011 9.099999
      vertex 36.59 16.24 9.099999
    endloop
  endfacet
  facet normal -0.5957029 0.8032049 0
    outer loop
      vertex 37.922226 16.716679 9.099999
      vertex 37.7567 16.593914 10.599999
      vertex 37.922226 16.716679 10.599999
    endloop
  endfacet
  facet normal -0.5957029 0.8032049 0
    outer loop
      vertex 37.7567 16.593914 10.599999
      vertex 37.922226 16.716679 9.099999
      vertex 37.7567 16.593914 9.099999
    endloop
  endfacet
  facet normal 0.9415439 0.3368904 0
    outer loop
      vertex 34.649853 17.536366 10.599999
      vertex 34.580425 17.730402 9.099999
      vertex 34.580425 17.730402 10.599999
    endloop
  endfacet
  facet normal 0.9415439 0.3368904 0
    outer loop
      vertex 34.580425 17.730402 9.099999
      vertex 34.649853 17.536366 10.599999
      vertex 34.649853 17.536366 9.099999
    endloop
  endfacet
  facet normal 0.9700297 -0.24298638 0
    outer loop
      vertex 34.53035 18.74969 10.599999
      vertex 34.580425 18.949596 9.099999
      vertex 34.580425 18.949596 10.599999
    endloop
  endfacet
  facet normal 0.9700297 -0.24298638 0
    outer loop
      vertex 34.580425 18.949596 9.099999
      vertex 34.53035 18.74969 10.599999
      vertex 34.53035 18.74969 9.099999
    endloop
  endfacet
  facet normal -0.42755237 0.90399057 0
    outer loop
      vertex 37.579933 16.487965 9.099999
      vertex 37.393635 16.399853 10.599999
      vertex 37.579933 16.487965 10.599999
    endloop
  endfacet
  facet normal -0.42755237 0.90399057 0
    outer loop
      vertex 37.393635 16.399853 10.599999
      vertex 37.579933 16.487965 9.099999
      vertex 37.393635 16.399853 9.099999
    endloop
  endfacet
  facet normal 0.33689332 -0.9415428 0
    outer loop
      vertex 35.786366 20.280148 9.099999
      vertex 35.9804 20.349575 10.599999
      vertex 35.786366 20.280148 10.599999
    endloop
  endfacet
  facet normal 0.33689332 -0.9415428 0
    outer loop
      vertex 35.9804 20.349575 10.599999
      vertex 35.786366 20.280148 9.099999
      vertex 35.9804 20.349575 9.099999
    endloop
  endfacet
  facet normal -0.8577362 0.5140901 0
    outer loop
      vertex 38.336086 17.173302 9.099999
      vertex 38.44203 17.350067 10.599999
      vertex 38.44203 17.350067 9.099999
    endloop
  endfacet
  facet normal -0.8577362 0.5140901 0
    outer loop
      vertex 38.44203 17.350067 10.599999
      vertex 38.336086 17.173302 9.099999
      vertex 38.336086 17.173302 10.599999
    endloop
  endfacet
  facet normal -0.9700297 0.24298638 0
    outer loop
      vertex 38.599575 17.730402 9.099999
      vertex 38.64965 17.93031 10.599999
      vertex 38.64965 17.93031 9.099999
    endloop
  endfacet
  facet normal -0.9700297 0.24298638 0
    outer loop
      vertex 38.64965 17.93031 10.599999
      vertex 38.599575 17.730402 9.099999
      vertex 38.599575 17.730402 10.599999
    endloop
  endfacet
  facet normal -0.5957029 -0.8032049 0
    outer loop
      vertex 37.7567 20.086086 9.099999
      vertex 37.922226 19.963322 10.599999
      vertex 37.7567 20.086086 10.599999
    endloop
  endfacet
  facet normal -0.5957029 -0.8032049 0
    outer loop
      vertex 37.922226 19.963322 10.599999
      vertex 37.7567 20.086086 9.099999
      vertex 37.922226 19.963322 9.099999
    endloop
  endfacet
  facet normal 0.5140969 -0.8577321 0
    outer loop
      vertex 35.4233 20.086086 9.099999
      vertex 35.600067 20.192034 10.599999
      vertex 35.4233 20.086086 10.599999
    endloop
  endfacet
  facet normal 0.5140969 -0.8577321 0
    outer loop
      vertex 35.600067 20.192034 10.599999
      vertex 35.4233 20.086086 9.099999
      vertex 35.600067 20.192034 9.099999
    endloop
  endfacet
  facet normal -0.8032082 -0.5956985 0
    outer loop
      vertex 38.336086 19.506697 9.099999
      vertex 38.21332 19.672226 10.599999
      vertex 38.21332 19.672226 9.099999
    endloop
  endfacet
  facet normal -0.8032082 -0.5956985 0
    outer loop
      vertex 38.21332 19.672226 10.599999
      vertex 38.336086 19.506697 9.099999
      vertex 38.336086 19.506697 10.599999
    endloop
  endfacet
  facet normal -0.5141037 0.857728 0
    outer loop
      vertex 37.7567 16.593914 9.099999
      vertex 37.579933 16.487965 10.599999
      vertex 37.7567 16.593914 10.599999
    endloop
  endfacet
  facet normal -0.5141037 0.857728 0
    outer loop
      vertex 37.579933 16.487965 10.599999
      vertex 37.7567 16.593914 9.099999
      vertex 37.579933 16.487965 9.099999
    endloop
  endfacet
  facet normal 0.5957029 0.8032049 0
    outer loop
      vertex 35.4233 16.593914 9.099999
      vertex 35.257774 16.716679 10.599999
      vertex 35.4233 16.593914 10.599999
    endloop
  endfacet
  facet normal 0.5957029 0.8032049 0
    outer loop
      vertex 35.257774 16.716679 10.599999
      vertex 35.4233 16.593914 9.099999
      vertex 35.257774 16.716679 9.099999
    endloop
  endfacet
  facet normal 0.98917633 0.1467318 0
    outer loop
      vertex 34.53035 17.93031 10.599999
      vertex 34.50011 18.134163 9.099999
      vertex 34.50011 18.134163 10.599999
    endloop
  endfacet
  facet normal 0.98917633 0.1467318 0
    outer loop
      vertex 34.50011 18.134163 9.099999
      vertex 34.53035 17.93031 10.599999
      vertex 34.53035 17.93031 9.099999
    endloop
  endfacet
  facet normal -0.5140969 -0.8577321 0
    outer loop
      vertex 37.579933 20.192034 9.099999
      vertex 37.7567 20.086086 10.599999
      vertex 37.579933 20.192034 10.599999
    endloop
  endfacet
  facet normal -0.5140969 -0.8577321 0
    outer loop
      vertex 37.7567 20.086086 10.599999
      vertex 37.579933 20.192034 9.099999
      vertex 37.7567 20.086086 9.099999
    endloop
  endfacet
  facet normal 0.24297549 -0.97003245 0
    outer loop
      vertex 35.9804 20.349575 9.099999
      vertex 36.18031 20.399649 10.599999
      vertex 35.9804 20.349575 10.599999
    endloop
  endfacet
  facet normal 0.24297549 -0.97003245 0
    outer loop
      vertex 36.18031 20.399649 10.599999
      vertex 35.9804 20.349575 9.099999
      vertex 36.18031 20.399649 9.099999
    endloop
  endfacet
  facet normal 0.4275599 -0.903987 0
    outer loop
      vertex 35.600067 20.192034 9.099999
      vertex 35.786366 20.280148 10.599999
      vertex 35.600067 20.192034 10.599999
    endloop
  endfacet
  facet normal 0.4275599 -0.903987 0
    outer loop
      vertex 35.786366 20.280148 10.599999
      vertex 35.600067 20.192034 9.099999
      vertex 35.786366 20.280148 9.099999
    endloop
  endfacet
  facet normal 0.33689332 0.9415428 0
    outer loop
      vertex 35.9804 16.330425 9.099999
      vertex 35.786366 16.399853 10.599999
      vertex 35.9804 16.330425 10.599999
    endloop
  endfacet
  facet normal 0.33689332 0.9415428 0
    outer loop
      vertex 35.786366 16.399853 10.599999
      vertex 35.9804 16.330425 9.099999
      vertex 35.786366 16.399853 9.099999
    endloop
  endfacet
  facet normal -0.9039834 -0.42756748 0
    outer loop
      vertex 38.530148 19.143635 9.099999
      vertex 38.44203 19.329933 10.599999
      vertex 38.44203 19.329933 9.099999
    endloop
  endfacet
  facet normal -0.9039834 -0.42756748 0
    outer loop
      vertex 38.44203 19.329933 10.599999
      vertex 38.530148 19.143635 9.099999
      vertex 38.530148 19.143635 10.599999
    endloop
  endfacet
  facet normal -0.67155725 0.7409527 0
    outer loop
      vertex 38.074924 16.855076 9.099999
      vertex 37.922226 16.716679 10.599999
      vertex 38.074924 16.855076 10.599999
    endloop
  endfacet
  facet normal -0.67155725 0.7409527 0
    outer loop
      vertex 37.922226 16.716679 10.599999
      vertex 38.074924 16.855076 9.099999
      vertex 37.922226 16.716679 9.099999
    endloop
  endfacet
  facet normal -0.24297549 -0.97003245 0
    outer loop
      vertex 36.999687 20.399649 9.099999
      vertex 37.199596 20.349575 10.599999
      vertex 36.999687 20.399649 10.599999
    endloop
  endfacet
  facet normal -0.24297549 -0.97003245 0
    outer loop
      vertex 37.199596 20.349575 10.599999
      vertex 36.999687 20.399649 9.099999
      vertex 37.199596 20.349575 9.099999
    endloop
  endfacet
  facet normal 0.90399057 -0.42755237 0
    outer loop
      vertex 34.649853 19.143635 10.599999
      vertex 34.737965 19.329933 9.099999
      vertex 34.737965 19.329933 10.599999
    endloop
  endfacet
  facet normal 0.90399057 -0.42755237 0
    outer loop
      vertex 34.737965 19.329933 9.099999
      vertex 34.649853 19.143635 10.599999
      vertex 34.649853 19.143635 9.099999
    endloop
  endfacet
  facet normal 0.8032082 -0.5956985 0
    outer loop
      vertex 34.843914 19.506697 10.599999
      vertex 34.96668 19.672226 9.099999
      vertex 34.96668 19.672226 10.599999
    endloop
  endfacet
  facet normal 0.8032082 -0.5956985 0
    outer loop
      vertex 34.96668 19.672226 9.099999
      vertex 34.843914 19.506697 10.599999
      vertex 34.843914 19.506697 9.099999
    endloop
  endfacet
  facet normal -0.14673449 0.9891759 0
    outer loop
      vertex 36.999687 16.28035 9.099999
      vertex 36.795837 16.25011 10.599999
      vertex 36.999687 16.28035 10.599999
    endloop
  endfacet
  facet normal -0.14673449 0.9891759 0
    outer loop
      vertex 36.795837 16.25011 10.599999
      vertex 36.999687 16.28035 9.099999
      vertex 36.795837 16.25011 9.099999
    endloop
  endfacet
  facet normal -0.33688745 0.94154495 0
    outer loop
      vertex 37.393635 16.399853 9.099999
      vertex 37.199596 16.330425 10.599999
      vertex 37.393635 16.399853 10.599999
    endloop
  endfacet
  facet normal -0.33688745 0.94154495 0
    outer loop
      vertex 37.199596 16.330425 10.599999
      vertex 37.393635 16.399853 9.099999
      vertex 37.199596 16.330425 9.099999
    endloop
  endfacet
  facet normal 0.1467318 0.98917633 0
    outer loop
      vertex 36.384163 16.25011 9.099999
      vertex 36.18031 16.28035 10.599999
      vertex 36.384163 16.25011 10.599999
    endloop
  endfacet
  facet normal 0.1467318 0.98917633 0
    outer loop
      vertex 36.18031 16.28035 10.599999
      vertex 36.384163 16.25011 9.099999
      vertex 36.18031 16.28035 9.099999
    endloop
  endfacet
  facet normal 0.67155725 -0.7409527 0
    outer loop
      vertex 35.105076 19.824924 9.099999
      vertex 35.257774 19.963322 10.599999
      vertex 35.105076 19.824924 10.599999
    endloop
  endfacet
  facet normal 0.67155725 -0.7409527 0
    outer loop
      vertex 35.257774 19.963322 10.599999
      vertex 35.105076 19.824924 9.099999
      vertex 35.257774 19.963322 9.099999
    endloop
  endfacet
  facet normal 0.857728 0.5141037 0
    outer loop
      vertex 34.843914 17.173302 10.599999
      vertex 34.737965 17.350067 9.099999
      vertex 34.737965 17.350067 10.599999
    endloop
  endfacet
  facet normal 0.857728 0.5141037 0
    outer loop
      vertex 34.737965 17.350067 9.099999
      vertex 34.843914 17.173302 10.599999
      vertex 34.843914 17.173302 9.099999
    endloop
  endfacet
  facet normal 0.8032049 0.5957029 0
    outer loop
      vertex 34.96668 17.007774 10.599999
      vertex 34.843914 17.173302 9.099999
      vertex 34.843914 17.173302 10.599999
    endloop
  endfacet
  facet normal 0.8032049 0.5957029 0
    outer loop
      vertex 34.843914 17.173302 9.099999
      vertex 34.96668 17.007774 10.599999
      vertex 34.96668 17.007774 9.099999
    endloop
  endfacet
  facet normal 0.1467318 -0.98917633 0
    outer loop
      vertex 36.18031 20.399649 9.099999
      vertex 36.384163 20.429888 10.599999
      vertex 36.18031 20.399649 10.599999
    endloop
  endfacet
  facet normal 0.1467318 -0.98917633 0
    outer loop
      vertex 36.384163 20.429888 10.599999
      vertex 36.18031 20.399649 9.099999
      vertex 36.384163 20.429888 9.099999
    endloop
  endfacet
  facet normal -0.2429842 0.97003025 0
    outer loop
      vertex 37.199596 16.330425 9.099999
      vertex 36.999687 16.28035 10.599999
      vertex 37.199596 16.330425 10.599999
    endloop
  endfacet
  facet normal -0.2429842 0.97003025 0
    outer loop
      vertex 36.999687 16.28035 10.599999
      vertex 37.199596 16.330425 9.099999
      vertex 36.999687 16.28035 9.099999
    endloop
  endfacet
  facet normal 0.98917633 -0.1467318 0
    outer loop
      vertex 34.50011 18.545835 10.599999
      vertex 34.53035 18.74969 9.099999
      vertex 34.53035 18.74969 10.599999
    endloop
  endfacet
  facet normal 0.98917633 -0.1467318 0
    outer loop
      vertex 34.53035 18.74969 9.099999
      vertex 34.50011 18.545835 10.599999
      vertex 34.50011 18.545835 9.099999
    endloop
  endfacet
  facet normal 0.7409527 0.67155725 0
    outer loop
      vertex 35.105076 16.855076 10.599999
      vertex 34.96668 17.007774 9.099999
      vertex 34.96668 17.007774 10.599999
    endloop
  endfacet
  facet normal 0.7409527 0.67155725 0
    outer loop
      vertex 34.96668 17.007774 9.099999
      vertex 35.105076 16.855076 10.599999
      vertex 35.105076 16.855076 9.099999
    endloop
  endfacet
  facet normal 0.049061477 0.99879575 0
    outer loop
      vertex 36.59 16.24 9.099999
      vertex 36.384163 16.25011 10.599999
      vertex 36.59 16.24 10.599999
    endloop
  endfacet
  facet normal 0.049061477 0.99879575 0
    outer loop
      vertex 36.384163 16.25011 10.599999
      vertex 36.59 16.24 9.099999
      vertex 36.384163 16.25011 9.099999
    endloop
  endfacet
  facet normal -0.14673449 -0.9891759 0
    outer loop
      vertex 36.795837 20.429888 9.099999
      vertex 36.999687 20.399649 10.599999
      vertex 36.795837 20.429888 10.599999
    endloop
  endfacet
  facet normal -0.14673449 -0.9891759 0
    outer loop
      vertex 36.999687 20.399649 10.599999
      vertex 36.795837 20.429888 9.099999
      vertex 36.999687 20.399649 9.099999
    endloop
  endfacet
  facet normal 0.42755237 0.90399057 0
    outer loop
      vertex 35.786366 16.399853 9.099999
      vertex 35.600067 16.487965 10.599999
      vertex 35.786366 16.399853 10.599999
    endloop
  endfacet
  facet normal 0.42755237 0.90399057 0
    outer loop
      vertex 35.600067 16.487965 10.599999
      vertex 35.786366 16.399853 9.099999
      vertex 35.600067 16.487965 9.099999
    endloop
  endfacet
  facet normal 0.90399057 0.42755237 0
    outer loop
      vertex 34.737965 17.350067 10.599999
      vertex 34.649853 17.536366 9.099999
      vertex 34.649853 17.536366 10.599999
    endloop
  endfacet
  facet normal 0.90399057 0.42755237 0
    outer loop
      vertex 34.649853 17.536366 9.099999
      vertex 34.737965 17.350067 10.599999
      vertex 34.737965 17.350067 9.099999
    endloop
  endfacet
  facet normal -1 0 0
    outer loop
      vertex 52.489998 3.8599997 9
      vertex 52.489998 10.259999 9.099999
      vertex 52.489998 10.259999 9
    endloop
  endfacet
  facet normal -1 0 0
    outer loop
      vertex 52.489998 10.259999 9.099999
      vertex 52.489998 3.8599997 9
      vertex 52.489998 3.8599997 9.099999
    endloop
  endfacet
  facet normal 0 0 -1
    outer loop
      vertex 52.489998 3.8599997 9.099999
      vertex 51.39 7.0599995 9.099999
      vertex 52.489998 10.259999 9.099999
    endloop
  endfacet
  facet normal 0 0 -1
    outer loop
      vertex 52.489998 3.8599997 9.099999
      vertex 51.379887 6.854163 9.099999
      vertex 51.39 7.0599995 9.099999
    endloop
  endfacet
  facet normal 0 0 -1
    outer loop
      vertex 52.489998 3.8599997 9.099999
      vertex 51.349648 6.6503096 9.099999
      vertex 51.379887 6.854163 9.099999
    endloop
  endfacet
  facet normal 0 0 -1
    outer loop
      vertex 52.489998 3.8599997 9.099999
      vertex 51.299576 6.4504013 9.099999
      vertex 51.349648 6.6503096 9.099999
    endloop
  endfacet
  facet normal 0 0 -1
    outer loop
      vertex 52.489998 3.8599997 9.099999
      vertex 51.23015 6.256364 9.099999
      vertex 51.299576 6.4504013 9.099999
    endloop
  endfacet
  facet normal 0 0 -1
    outer loop
      vertex 52.489998 3.8599997 9.099999
      vertex 51.142036 6.0700665 9.099999
      vertex 51.23015 6.256364 9.099999
    endloop
  endfacet
  facet normal 0 0 -1
    outer loop
      vertex 52.489998 3.8599997 9.099999
      vertex 51.036087 5.893302 9.099999
      vertex 51.142036 6.0700665 9.099999
    endloop
  endfacet
  facet normal 0 0 -1
    outer loop
      vertex 52.489998 3.8599997 9.099999
      vertex 50.913322 5.7277737 9.099999
      vertex 51.036087 5.893302 9.099999
    endloop
  endfacet
  facet normal 0 0 -1
    outer loop
      vertex 52.489998 3.8599997 9.099999
      vertex 50.774925 5.575075 9.099999
      vertex 50.913322 5.7277737 9.099999
    endloop
  endfacet
  facet normal 0 0 -1
    outer loop
      vertex 52.489998 3.8599997 9.099999
      vertex 50.622227 5.436678 9.099999
      vertex 50.774925 5.575075 9.099999
    endloop
  endfacet
  facet normal 0 0 -1
    outer loop
      vertex 52.489998 3.8599997 9.099999
      vertex 50.456696 5.3139133 9.099999
      vertex 50.622227 5.436678 9.099999
    endloop
  endfacet
  facet normal 0 0 -1
    outer loop
      vertex 52.489998 3.8599997 9.099999
      vertex 50.279934 5.207965 9.099999
      vertex 50.456696 5.3139133 9.099999
    endloop
  endfacet
  facet normal 0 0 -1
    outer loop
      vertex 52.489998 3.8599997 9.099999
      vertex 50.093636 5.119852 9.099999
      vertex 50.279934 5.207965 9.099999
    endloop
  endfacet
  facet normal 0 0 -1
    outer loop
      vertex 52.489998 3.8599997 9.099999
      vertex 49.899597 5.0504246 9.099999
      vertex 50.093636 5.119852 9.099999
    endloop
  endfacet
  facet normal 0 0 -1
    outer loop
      vertex 52.489998 3.8599997 9.099999
      vertex 49.699688 5.00035 9.099999
      vertex 49.899597 5.0504246 9.099999
    endloop
  endfacet
  facet normal 0 0 -1
    outer loop
      vertex 52.489998 3.8599997 9.099999
      vertex 49.495834 4.970112 9.099999
      vertex 49.699688 5.00035 9.099999
    endloop
  endfacet
  facet normal 0 0 -1
    outer loop
      vertex 52.489998 3.8599997 9.099999
      vertex 49.29 4.959999 9.099999
      vertex 49.495834 4.970112 9.099999
    endloop
  endfacet
  facet normal 0 0 -1
    outer loop
      vertex 46.09 3.8599997 9.099999
      vertex 49.29 4.959999 9.099999
      vertex 52.489998 3.8599997 9.099999
    endloop
  endfacet
  facet normal 0 0 -1
    outer loop
      vertex 49.29 4.959999 9.099999
      vertex 46.09 3.8599997 9.099999
      vertex 49.084164 4.970112 9.099999
    endloop
  endfacet
  facet normal 0 0 -1
    outer loop
      vertex 49.084164 4.970112 9.099999
      vertex 46.09 3.8599997 9.099999
      vertex 48.88031 5.00035 9.099999
    endloop
  endfacet
  facet normal 0 0 -1
    outer loop
      vertex 47.20011 6.854163 9.099999
      vertex 46.09 3.8599997 9.099999
      vertex 47.19 7.0599995 9.099999
    endloop
  endfacet
  facet normal 0 0 -1
    outer loop
      vertex 47.23035 6.6503096 9.099999
      vertex 46.09 3.8599997 9.099999
      vertex 47.20011 6.854163 9.099999
    endloop
  endfacet
  facet normal 0 0 -1
    outer loop
      vertex 47.280426 6.4504013 9.099999
      vertex 46.09 3.8599997 9.099999
      vertex 47.23035 6.6503096 9.099999
    endloop
  endfacet
  facet normal 0 0 -1
    outer loop
      vertex 47.349854 6.256364 9.099999
      vertex 46.09 3.8599997 9.099999
      vertex 47.280426 6.4504013 9.099999
    endloop
  endfacet
  facet normal 0 0 -1
    outer loop
      vertex 47.437965 6.0700665 9.099999
      vertex 46.09 3.8599997 9.099999
      vertex 47.349854 6.256364 9.099999
    endloop
  endfacet
  facet normal 0 0 -1
    outer loop
      vertex 47.543915 5.893302 9.099999
      vertex 46.09 3.8599997 9.099999
      vertex 47.437965 6.0700665 9.099999
    endloop
  endfacet
  facet normal 0 0 -1
    outer loop
      vertex 47.66668 5.7277737 9.099999
      vertex 46.09 3.8599997 9.099999
      vertex 47.543915 5.893302 9.099999
    endloop
  endfacet
  facet normal 0 0 -1
    outer loop
      vertex 47.805077 5.575075 9.099999
      vertex 46.09 3.8599997 9.099999
      vertex 47.66668 5.7277737 9.099999
    endloop
  endfacet
  facet normal 0 0 -1
    outer loop
      vertex 47.95777 5.436678 9.099999
      vertex 46.09 3.8599997 9.099999
      vertex 47.805077 5.575075 9.099999
    endloop
  endfacet
  facet normal 0 0 -1
    outer loop
      vertex 48.123302 5.3139133 9.099999
      vertex 46.09 3.8599997 9.099999
      vertex 47.95777 5.436678 9.099999
    endloop
  endfacet
  facet normal 0 0 -1
    outer loop
      vertex 48.300064 5.207965 9.099999
      vertex 46.09 3.8599997 9.099999
      vertex 48.123302 5.3139133 9.099999
    endloop
  endfacet
  facet normal 0 0 -1
    outer loop
      vertex 48.486366 5.119852 9.099999
      vertex 46.09 3.8599997 9.099999
      vertex 48.300064 5.207965 9.099999
    endloop
  endfacet
  facet normal 0 0 -1
    outer loop
      vertex 48.6804 5.0504246 9.099999
      vertex 46.09 3.8599997 9.099999
      vertex 48.486366 5.119852 9.099999
    endloop
  endfacet
  facet normal 0 0 -1
    outer loop
      vertex 48.88031 5.00035 9.099999
      vertex 46.09 3.8599997 9.099999
      vertex 48.6804 5.0504246 9.099999
    endloop
  endfacet
  facet normal 0 0 -1
    outer loop
      vertex 51.379887 7.265836 9.099999
      vertex 52.489998 10.259999 9.099999
      vertex 51.39 7.0599995 9.099999
    endloop
  endfacet
  facet normal 0 0 -1
    outer loop
      vertex 51.349648 7.4696894 9.099999
      vertex 52.489998 10.259999 9.099999
      vertex 51.379887 7.265836 9.099999
    endloop
  endfacet
  facet normal 0 0 -1
    outer loop
      vertex 51.299576 7.6695976 9.099999
      vertex 52.489998 10.259999 9.099999
      vertex 51.349648 7.4696894 9.099999
    endloop
  endfacet
  facet normal 0 0 -1
    outer loop
      vertex 51.23015 7.863635 9.099999
      vertex 52.489998 10.259999 9.099999
      vertex 51.299576 7.6695976 9.099999
    endloop
  endfacet
  facet normal 0 0 -1
    outer loop
      vertex 51.142036 8.0499325 9.099999
      vertex 52.489998 10.259999 9.099999
      vertex 51.23015 7.863635 9.099999
    endloop
  endfacet
  facet normal 0 0 -1
    outer loop
      vertex 51.036087 8.226697 9.099999
      vertex 52.489998 10.259999 9.099999
      vertex 51.142036 8.0499325 9.099999
    endloop
  endfacet
  facet normal 0 0 -1
    outer loop
      vertex 50.913322 8.392225 9.099999
      vertex 52.489998 10.259999 9.099999
      vertex 51.036087 8.226697 9.099999
    endloop
  endfacet
  facet normal 0 0 -1
    outer loop
      vertex 50.774925 8.544924 9.099999
      vertex 52.489998 10.259999 9.099999
      vertex 50.913322 8.392225 9.099999
    endloop
  endfacet
  facet normal 0 0 -1
    outer loop
      vertex 50.622227 8.683321 9.099999
      vertex 52.489998 10.259999 9.099999
      vertex 50.774925 8.544924 9.099999
    endloop
  endfacet
  facet normal 0 0 -1
    outer loop
      vertex 50.456696 8.806086 9.099999
      vertex 52.489998 10.259999 9.099999
      vertex 50.622227 8.683321 9.099999
    endloop
  endfacet
  facet normal 0 0 -1
    outer loop
      vertex 50.279934 8.912034 9.099999
      vertex 52.489998 10.259999 9.099999
      vertex 50.456696 8.806086 9.099999
    endloop
  endfacet
  facet normal 0 0 -1
    outer loop
      vertex 50.093636 9.000147 9.099999
      vertex 52.489998 10.259999 9.099999
      vertex 50.279934 8.912034 9.099999
    endloop
  endfacet
  facet normal 0 0 -1
    outer loop
      vertex 49.899597 9.069574 9.099999
      vertex 52.489998 10.259999 9.099999
      vertex 50.093636 9.000147 9.099999
    endloop
  endfacet
  facet normal 0 0 -1
    outer loop
      vertex 49.699688 9.119649 9.099999
      vertex 52.489998 10.259999 9.099999
      vertex 49.899597 9.069574 9.099999
    endloop
  endfacet
  facet normal 0 0 -1
    outer loop
      vertex 49.495834 9.149887 9.099999
      vertex 52.489998 10.259999 9.099999
      vertex 49.699688 9.119649 9.099999
    endloop
  endfacet
  facet normal 0 0 -1
    outer loop
      vertex 49.29 9.16 9.099999
      vertex 52.489998 10.259999 9.099999
      vertex 49.495834 9.149887 9.099999
    endloop
  endfacet
  facet normal 0 0 -1
    outer loop
      vertex 46.09 10.259999 9.099999
      vertex 49.29 9.16 9.099999
      vertex 49.084164 9.149887 9.099999
    endloop
  endfacet
  facet normal 0 0 -1
    outer loop
      vertex 46.09 10.259999 9.099999
      vertex 49.084164 9.149887 9.099999
      vertex 48.88031 9.119649 9.099999
    endloop
  endfacet
  facet normal 0 0 -1
    outer loop
      vertex 46.09 10.259999 9.099999
      vertex 48.88031 9.119649 9.099999
      vertex 48.6804 9.069574 9.099999
    endloop
  endfacet
  facet normal 0 0 -1
    outer loop
      vertex 46.09 10.259999 9.099999
      vertex 47.19 7.0599995 9.099999
      vertex 46.09 3.8599997 9.099999
    endloop
  endfacet
  facet normal 0 0 -1
    outer loop
      vertex 47.19 7.0599995 9.099999
      vertex 46.09 10.259999 9.099999
      vertex 47.20011 7.265836 9.099999
    endloop
  endfacet
  facet normal 0 0 -1
    outer loop
      vertex 47.20011 7.265836 9.099999
      vertex 46.09 10.259999 9.099999
      vertex 47.23035 7.4696894 9.099999
    endloop
  endfacet
  facet normal 0 0 -1
    outer loop
      vertex 49.29 9.16 9.099999
      vertex 46.09 10.259999 9.099999
      vertex 52.489998 10.259999 9.099999
    endloop
  endfacet
  facet normal 0 0 -1
    outer loop
      vertex 48.486366 9.000147 9.099999
      vertex 46.09 10.259999 9.099999
      vertex 48.6804 9.069574 9.099999
    endloop
  endfacet
  facet normal 0 0 -1
    outer loop
      vertex 48.300064 8.912034 9.099999
      vertex 46.09 10.259999 9.099999
      vertex 48.486366 9.000147 9.099999
    endloop
  endfacet
  facet normal 0 0 -1
    outer loop
      vertex 48.123302 8.806086 9.099999
      vertex 46.09 10.259999 9.099999
      vertex 48.300064 8.912034 9.099999
    endloop
  endfacet
  facet normal 0 0 -1
    outer loop
      vertex 47.95777 8.683321 9.099999
      vertex 46.09 10.259999 9.099999
      vertex 48.123302 8.806086 9.099999
    endloop
  endfacet
  facet normal 0 0 -1
    outer loop
      vertex 47.805077 8.544924 9.099999
      vertex 46.09 10.259999 9.099999
      vertex 47.95777 8.683321 9.099999
    endloop
  endfacet
  facet normal 0 0 -1
    outer loop
      vertex 47.66668 8.392225 9.099999
      vertex 46.09 10.259999 9.099999
      vertex 47.805077 8.544924 9.099999
    endloop
  endfacet
  facet normal 0 0 -1
    outer loop
      vertex 47.543915 8.226697 9.099999
      vertex 46.09 10.259999 9.099999
      vertex 47.66668 8.392225 9.099999
    endloop
  endfacet
  facet normal 0 0 -1
    outer loop
      vertex 47.437965 8.0499325 9.099999
      vertex 46.09 10.259999 9.099999
      vertex 47.543915 8.226697 9.099999
    endloop
  endfacet
  facet normal 0 0 -1
    outer loop
      vertex 47.349854 7.863635 9.099999
      vertex 46.09 10.259999 9.099999
      vertex 47.437965 8.0499325 9.099999
    endloop
  endfacet
  facet normal 0 0 -1
    outer loop
      vertex 47.280426 7.6695976 9.099999
      vertex 46.09 10.259999 9.099999
      vertex 47.349854 7.863635 9.099999
    endloop
  endfacet
  facet normal 0 0 -1
    outer loop
      vertex 47.23035 7.4696894 9.099999
      vertex 46.09 10.259999 9.099999
      vertex 47.280426 7.6695976 9.099999
    endloop
  endfacet
  facet normal 1 0 0
    outer loop
      vertex 46.09 3.8599997 9.099999
      vertex 46.09 10.259999 9
      vertex 46.09 10.259999 9.099999
    endloop
  endfacet
  facet normal 1 0 0
    outer loop
      vertex 46.09 10.259999 9
      vertex 46.09 3.8599997 9.099999
      vertex 46.09 3.8599997 9
    endloop
  endfacet
  facet normal 0 -1 0
    outer loop
      vertex 46.09 10.259999 9
      vertex 52.489998 10.259999 9.099999
      vertex 46.09 10.259999 9.099999
    endloop
  endfacet
  facet normal 0 -1 0
    outer loop
      vertex 52.489998 10.259999 9.099999
      vertex 46.09 10.259999 9
      vertex 52.489998 10.259999 9
    endloop
  endfacet
  facet normal 0 1 0
    outer loop
      vertex 52.489998 3.8599997 9
      vertex 46.09 3.8599997 9.099999
      vertex 52.489998 3.8599997 9.099999
    endloop
  endfacet
  facet normal 0 1 0
    outer loop
      vertex 46.09 3.8599997 9.099999
      vertex 52.489998 3.8599997 9
      vertex 46.09 3.8599997 9
    endloop
  endfacet
  facet normal -1 0 0
    outer loop
      vertex 52.489998 15.139999 9
      vertex 52.489998 21.54 9.099999
      vertex 52.489998 21.54 9
    endloop
  endfacet
  facet normal -1 0 0
    outer loop
      vertex 52.489998 21.54 9.099999
      vertex 52.489998 15.139999 9
      vertex 52.489998 15.139999 9.099999
    endloop
  endfacet
  facet normal 0 0 -1
    outer loop
      vertex 52.489998 15.139999 9.099999
      vertex 51.39 18.34 9.099999
      vertex 52.489998 21.54 9.099999
    endloop
  endfacet
  facet normal 0 0 -1
    outer loop
      vertex 52.489998 15.139999 9.099999
      vertex 51.379887 18.134163 9.099999
      vertex 51.39 18.34 9.099999
    endloop
  endfacet
  facet normal 0 0 -1
    outer loop
      vertex 52.489998 15.139999 9.099999
      vertex 51.349648 17.93031 9.099999
      vertex 51.379887 18.134163 9.099999
    endloop
  endfacet
  facet normal 0 0 -1
    outer loop
      vertex 52.489998 15.139999 9.099999
      vertex 51.299576 17.730402 9.099999
      vertex 51.349648 17.93031 9.099999
    endloop
  endfacet
  facet normal 0 0 -1
    outer loop
      vertex 52.489998 15.139999 9.099999
      vertex 51.23015 17.536366 9.099999
      vertex 51.299576 17.730402 9.099999
    endloop
  endfacet
  facet normal 0 0 -1
    outer loop
      vertex 52.489998 15.139999 9.099999
      vertex 51.142036 17.350067 9.099999
      vertex 51.23015 17.536366 9.099999
    endloop
  endfacet
  facet normal 0 0 -1
    outer loop
      vertex 52.489998 15.139999 9.099999
      vertex 51.036087 17.173302 9.099999
      vertex 51.142036 17.350067 9.099999
    endloop
  endfacet
  facet normal 0 0 -1
    outer loop
      vertex 52.489998 15.139999 9.099999
      vertex 50.913322 17.007774 9.099999
      vertex 51.036087 17.173302 9.099999
    endloop
  endfacet
  facet normal 0 0 -1
    outer loop
      vertex 52.489998 15.139999 9.099999
      vertex 50.774925 16.855076 9.099999
      vertex 50.913322 17.007774 9.099999
    endloop
  endfacet
  facet normal 0 0 -1
    outer loop
      vertex 52.489998 15.139999 9.099999
      vertex 50.622227 16.716679 9.099999
      vertex 50.774925 16.855076 9.099999
    endloop
  endfacet
  facet normal 0 0 -1
    outer loop
      vertex 52.489998 15.139999 9.099999
      vertex 50.456696 16.593914 9.099999
      vertex 50.622227 16.716679 9.099999
    endloop
  endfacet
  facet normal 0 0 -1
    outer loop
      vertex 52.489998 15.139999 9.099999
      vertex 50.279934 16.487965 9.099999
      vertex 50.456696 16.593914 9.099999
    endloop
  endfacet
  facet normal 0 0 -1
    outer loop
      vertex 52.489998 15.139999 9.099999
      vertex 50.093636 16.399853 9.099999
      vertex 50.279934 16.487965 9.099999
    endloop
  endfacet
  facet normal 0 0 -1
    outer loop
      vertex 52.489998 15.139999 9.099999
      vertex 49.899597 16.330425 9.099999
      vertex 50.093636 16.399853 9.099999
    endloop
  endfacet
  facet normal 0 0 -1
    outer loop
      vertex 52.489998 15.139999 9.099999
      vertex 49.699688 16.28035 9.099999
      vertex 49.899597 16.330425 9.099999
    endloop
  endfacet
  facet normal 0 0 -1
    outer loop
      vertex 52.489998 15.139999 9.099999
      vertex 49.495834 16.25011 9.099999
      vertex 49.699688 16.28035 9.099999
    endloop
  endfacet
  facet normal 0 0 -1
    outer loop
      vertex 52.489998 15.139999 9.099999
      vertex 49.29 16.24 9.099999
      vertex 49.495834 16.25011 9.099999
    endloop
  endfacet
  facet normal 0 0 -1
    outer loop
      vertex 46.09 15.139999 9.099999
      vertex 49.29 16.24 9.099999
      vertex 52.489998 15.139999 9.099999
    endloop
  endfacet
  facet normal 0 0 -1
    outer loop
      vertex 49.29 16.24 9.099999
      vertex 46.09 15.139999 9.099999
      vertex 49.084164 16.25011 9.099999
    endloop
  endfacet
  facet normal 0 0 -1
    outer loop
      vertex 49.084164 16.25011 9.099999
      vertex 46.09 15.139999 9.099999
      vertex 48.88031 16.28035 9.099999
    endloop
  endfacet
  facet normal 0 0 -1
    outer loop
      vertex 47.20011 18.134163 9.099999
      vertex 46.09 15.139999 9.099999
      vertex 47.19 18.34 9.099999
    endloop
  endfacet
  facet normal 0 0 -1
    outer loop
      vertex 47.23035 17.93031 9.099999
      vertex 46.09 15.139999 9.099999
      vertex 47.20011 18.134163 9.099999
    endloop
  endfacet
  facet normal 0 0 -1
    outer loop
      vertex 47.280426 17.730402 9.099999
      vertex 46.09 15.139999 9.099999
      vertex 47.23035 17.93031 9.099999
    endloop
  endfacet
  facet normal 0 0 -1
    outer loop
      vertex 47.349854 17.536366 9.099999
      vertex 46.09 15.139999 9.099999
      vertex 47.280426 17.730402 9.099999
    endloop
  endfacet
  facet normal 0 0 -1
    outer loop
      vertex 47.437965 17.350067 9.099999
      vertex 46.09 15.139999 9.099999
      vertex 47.349854 17.536366 9.099999
    endloop
  endfacet
  facet normal 0 0 -1
    outer loop
      vertex 47.543915 17.173302 9.099999
      vertex 46.09 15.139999 9.099999
      vertex 47.437965 17.350067 9.099999
    endloop
  endfacet
  facet normal 0 0 -1
    outer loop
      vertex 47.66668 17.007774 9.099999
      vertex 46.09 15.139999 9.099999
      vertex 47.543915 17.173302 9.099999
    endloop
  endfacet
  facet normal 0 0 -1
    outer loop
      vertex 47.805077 16.855076 9.099999
      vertex 46.09 15.139999 9.099999
      vertex 47.66668 17.007774 9.099999
    endloop
  endfacet
  facet normal 0 0 -1
    outer loop
      vertex 47.95777 16.716679 9.099999
      vertex 46.09 15.139999 9.099999
      vertex 47.805077 16.855076 9.099999
    endloop
  endfacet
  facet normal 0 0 -1
    outer loop
      vertex 48.123302 16.593914 9.099999
      vertex 46.09 15.139999 9.099999
      vertex 47.95777 16.716679 9.099999
    endloop
  endfacet
  facet normal 0 0 -1
    outer loop
      vertex 48.300064 16.487965 9.099999
      vertex 46.09 15.139999 9.099999
      vertex 48.123302 16.593914 9.099999
    endloop
  endfacet
  facet normal 0 0 -1
    outer loop
      vertex 48.486366 16.399853 9.099999
      vertex 46.09 15.139999 9.099999
      vertex 48.300064 16.487965 9.099999
    endloop
  endfacet
  facet normal 0 0 -1
    outer loop
      vertex 48.6804 16.330425 9.099999
      vertex 46.09 15.139999 9.099999
      vertex 48.486366 16.399853 9.099999
    endloop
  endfacet
  facet normal 0 0 -1
    outer loop
      vertex 48.88031 16.28035 9.099999
      vertex 46.09 15.139999 9.099999
      vertex 48.6804 16.330425 9.099999
    endloop
  endfacet
  facet normal 0 0 -1
    outer loop
      vertex 51.379887 18.545835 9.099999
      vertex 52.489998 21.54 9.099999
      vertex 51.39 18.34 9.099999
    endloop
  endfacet
  facet normal 0 0 -1
    outer loop
      vertex 51.349648 18.74969 9.099999
      vertex 52.489998 21.54 9.099999
      vertex 51.379887 18.545835 9.099999
    endloop
  endfacet
  facet normal 0 0 -1
    outer loop
      vertex 51.299576 18.949596 9.099999
      vertex 52.489998 21.54 9.099999
      vertex 51.349648 18.74969 9.099999
    endloop
  endfacet
  facet normal 0 0 -1
    outer loop
      vertex 51.23015 19.143635 9.099999
      vertex 52.489998 21.54 9.099999
      vertex 51.299576 18.949596 9.099999
    endloop
  endfacet
  facet normal 0 0 -1
    outer loop
      vertex 51.142036 19.329933 9.099999
      vertex 52.489998 21.54 9.099999
      vertex 51.23015 19.143635 9.099999
    endloop
  endfacet
  facet normal 0 0 -1
    outer loop
      vertex 51.036087 19.506697 9.099999
      vertex 52.489998 21.54 9.099999
      vertex 51.142036 19.329933 9.099999
    endloop
  endfacet
  facet normal 0 0 -1
    outer loop
      vertex 50.913322 19.672226 9.099999
      vertex 52.489998 21.54 9.099999
      vertex 51.036087 19.506697 9.099999
    endloop
  endfacet
  facet normal 0 0 -1
    outer loop
      vertex 50.774925 19.824924 9.099999
      vertex 52.489998 21.54 9.099999
      vertex 50.913322 19.672226 9.099999
    endloop
  endfacet
  facet normal 0 0 -1
    outer loop
      vertex 50.622227 19.963322 9.099999
      vertex 52.489998 21.54 9.099999
      vertex 50.774925 19.824924 9.099999
    endloop
  endfacet
  facet normal 0 0 -1
    outer loop
      vertex 50.456696 20.086086 9.099999
      vertex 52.489998 21.54 9.099999
      vertex 50.622227 19.963322 9.099999
    endloop
  endfacet
  facet normal 0 0 -1
    outer loop
      vertex 50.279934 20.192034 9.099999
      vertex 52.489998 21.54 9.099999
      vertex 50.456696 20.086086 9.099999
    endloop
  endfacet
  facet normal 0 0 -1
    outer loop
      vertex 50.093636 20.280148 9.099999
      vertex 52.489998 21.54 9.099999
      vertex 50.279934 20.192034 9.099999
    endloop
  endfacet
  facet normal 0 0 -1
    outer loop
      vertex 49.899597 20.349575 9.099999
      vertex 52.489998 21.54 9.099999
      vertex 50.093636 20.280148 9.099999
    endloop
  endfacet
  facet normal 0 0 -1
    outer loop
      vertex 49.699688 20.399649 9.099999
      vertex 52.489998 21.54 9.099999
      vertex 49.899597 20.349575 9.099999
    endloop
  endfacet
  facet normal 0 0 -1
    outer loop
      vertex 49.495834 20.429888 9.099999
      vertex 52.489998 21.54 9.099999
      vertex 49.699688 20.399649 9.099999
    endloop
  endfacet
  facet normal 0 0 -1
    outer loop
      vertex 49.29 20.439999 9.099999
      vertex 52.489998 21.54 9.099999
      vertex 49.495834 20.429888 9.099999
    endloop
  endfacet
  facet normal 0 0 -1
    outer loop
      vertex 46.09 21.54 9.099999
      vertex 49.29 20.439999 9.099999
      vertex 49.084164 20.429888 9.099999
    endloop
  endfacet
  facet normal 0 0 -1
    outer loop
      vertex 46.09 21.54 9.099999
      vertex 49.084164 20.429888 9.099999
      vertex 48.88031 20.399649 9.099999
    endloop
  endfacet
  facet normal 0 0 -1
    outer loop
      vertex 46.09 21.54 9.099999
      vertex 48.88031 20.399649 9.099999
      vertex 48.6804 20.349575 9.099999
    endloop
  endfacet
  facet normal 0 0 -1
    outer loop
      vertex 46.09 21.54 9.099999
      vertex 47.19 18.34 9.099999
      vertex 46.09 15.139999 9.099999
    endloop
  endfacet
  facet normal 0 0 -1
    outer loop
      vertex 47.19 18.34 9.099999
      vertex 46.09 21.54 9.099999
      vertex 47.20011 18.545835 9.099999
    endloop
  endfacet
  facet normal 0 0 -1
    outer loop
      vertex 47.20011 18.545835 9.099999
      vertex 46.09 21.54 9.099999
      vertex 47.23035 18.74969 9.099999
    endloop
  endfacet
  facet normal 0 0 -1
    outer loop
      vertex 49.29 20.439999 9.099999
      vertex 46.09 21.54 9.099999
      vertex 52.489998 21.54 9.099999
    endloop
  endfacet
  facet normal 0 0 -1
    outer loop
      vertex 48.486366 20.280148 9.099999
      vertex 46.09 21.54 9.099999
      vertex 48.6804 20.349575 9.099999
    endloop
  endfacet
  facet normal 0 0 -1
    outer loop
      vertex 48.300064 20.192034 9.099999
      vertex 46.09 21.54 9.099999
      vertex 48.486366 20.280148 9.099999
    endloop
  endfacet
  facet normal 0 0 -1
    outer loop
      vertex 48.123302 20.086086 9.099999
      vertex 46.09 21.54 9.099999
      vertex 48.300064 20.192034 9.099999
    endloop
  endfacet
  facet normal 0 0 -1
    outer loop
      vertex 47.95777 19.963322 9.099999
      vertex 46.09 21.54 9.099999
      vertex 48.123302 20.086086 9.099999
    endloop
  endfacet
  facet normal 0 0 -1
    outer loop
      vertex 47.805077 19.824924 9.099999
      vertex 46.09 21.54 9.099999
      vertex 47.95777 19.963322 9.099999
    endloop
  endfacet
  facet normal 0 0 -1
    outer loop
      vertex 47.66668 19.672226 9.099999
      vertex 46.09 21.54 9.099999
      vertex 47.805077 19.824924 9.099999
    endloop
  endfacet
  facet normal 0 0 -1
    outer loop
      vertex 47.543915 19.506697 9.099999
      vertex 46.09 21.54 9.099999
      vertex 47.66668 19.672226 9.099999
    endloop
  endfacet
  facet normal 0 0 -1
    outer loop
      vertex 47.437965 19.329933 9.099999
      vertex 46.09 21.54 9.099999
      vertex 47.543915 19.506697 9.099999
    endloop
  endfacet
  facet normal 0 0 -1
    outer loop
      vertex 47.349854 19.143635 9.099999
      vertex 46.09 21.54 9.099999
      vertex 47.437965 19.329933 9.099999
    endloop
  endfacet
  facet normal 0 0 -1
    outer loop
      vertex 47.280426 18.949596 9.099999
      vertex 46.09 21.54 9.099999
      vertex 47.349854 19.143635 9.099999
    endloop
  endfacet
  facet normal 0 0 -1
    outer loop
      vertex 47.23035 18.74969 9.099999
      vertex 46.09 21.54 9.099999
      vertex 47.280426 18.949596 9.099999
    endloop
  endfacet
  facet normal 1 0 0
    outer loop
      vertex 46.09 15.139999 9.099999
      vertex 46.09 21.54 9
      vertex 46.09 21.54 9.099999
    endloop
  endfacet
  facet normal 1 0 0
    outer loop
      vertex 46.09 21.54 9
      vertex 46.09 15.139999 9.099999
      vertex 46.09 15.139999 9
    endloop
  endfacet
  facet normal 0 -1 0
    outer loop
      vertex 46.09 21.54 9
      vertex 52.489998 21.54 9.099999
      vertex 46.09 21.54 9.099999
    endloop
  endfacet
  facet normal 0 -1 0
    outer loop
      vertex 52.489998 21.54 9.099999
      vertex 46.09 21.54 9
      vertex 52.489998 21.54 9
    endloop
  endfacet
  facet normal 0 1 0
    outer loop
      vertex 52.489998 15.139999 9
      vertex 46.09 15.139999 9.099999
      vertex 52.489998 15.139999 9.099999
    endloop
  endfacet
  facet normal 0 1 0
    outer loop
      vertex 46.09 15.139999 9.099999
      vertex 52.489998 15.139999 9
      vertex 46.09 15.139999 9
    endloop
  endfacet
  facet normal -1 0 0
    outer loop
      vertex 39.79 15.139999 9
      vertex 39.79 21.54 9.099999
      vertex 39.79 21.54 9
    endloop
  endfacet
  facet normal -1 0 0
    outer loop
      vertex 39.79 21.54 9.099999
      vertex 39.79 15.139999 9
      vertex 39.79 15.139999 9.099999
    endloop
  endfacet
  facet normal 0 0 -1
    outer loop
      vertex 39.79 15.139999 9.099999
      vertex 38.69 18.34 9.099999
      vertex 39.79 21.54 9.099999
    endloop
  endfacet
  facet normal 0 0 -1
    outer loop
      vertex 39.79 15.139999 9.099999
      vertex 38.679886 18.134163 9.099999
      vertex 38.69 18.34 9.099999
    endloop
  endfacet
  facet normal 0 0 -1
    outer loop
      vertex 39.79 15.139999 9.099999
      vertex 38.64965 17.93031 9.099999
      vertex 38.679886 18.134163 9.099999
    endloop
  endfacet
  facet normal 0 0 -1
    outer loop
      vertex 39.79 15.139999 9.099999
      vertex 38.599575 17.730402 9.099999
      vertex 38.64965 17.93031 9.099999
    endloop
  endfacet
  facet normal 0 0 -1
    outer loop
      vertex 39.79 15.139999 9.099999
      vertex 38.530148 17.536366 9.099999
      vertex 38.599575 17.730402 9.099999
    endloop
  endfacet
  facet normal 0 0 -1
    outer loop
      vertex 39.79 15.139999 9.099999
      vertex 38.44203 17.350067 9.099999
      vertex 38.530148 17.536366 9.099999
    endloop
  endfacet
  facet normal 0 0 -1
    outer loop
      vertex 39.79 15.139999 9.099999
      vertex 38.336086 17.173302 9.099999
      vertex 38.44203 17.350067 9.099999
    endloop
  endfacet
  facet normal 0 0 -1
    outer loop
      vertex 39.79 15.139999 9.099999
      vertex 38.21332 17.007774 9.099999
      vertex 38.336086 17.173302 9.099999
    endloop
  endfacet
  facet normal 0 0 -1
    outer loop
      vertex 39.79 15.139999 9.099999
      vertex 38.074924 16.855076 9.099999
      vertex 38.21332 17.007774 9.099999
    endloop
  endfacet
  facet normal 0 0 -1
    outer loop
      vertex 39.79 15.139999 9.099999
      vertex 37.922226 16.716679 9.099999
      vertex 38.074924 16.855076 9.099999
    endloop
  endfacet
  facet normal 0 0 -1
    outer loop
      vertex 39.79 15.139999 9.099999
      vertex 37.7567 16.593914 9.099999
      vertex 37.922226 16.716679 9.099999
    endloop
  endfacet
  facet normal 0 0 -1
    outer loop
      vertex 39.79 15.139999 9.099999
      vertex 37.579933 16.487965 9.099999
      vertex 37.7567 16.593914 9.099999
    endloop
  endfacet
  facet normal 0 0 -1
    outer loop
      vertex 39.79 15.139999 9.099999
      vertex 37.393635 16.399853 9.099999
      vertex 37.579933 16.487965 9.099999
    endloop
  endfacet
  facet normal 0 0 -1
    outer loop
      vertex 39.79 15.139999 9.099999
      vertex 37.199596 16.330425 9.099999
      vertex 37.393635 16.399853 9.099999
    endloop
  endfacet
  facet normal 0 0 -1
    outer loop
      vertex 39.79 15.139999 9.099999
      vertex 36.999687 16.28035 9.099999
      vertex 37.199596 16.330425 9.099999
    endloop
  endfacet
  facet normal 0 0 -1
    outer loop
      vertex 39.79 15.139999 9.099999
      vertex 36.795837 16.25011 9.099999
      vertex 36.999687 16.28035 9.099999
    endloop
  endfacet
  facet normal 0 0 -1
    outer loop
      vertex 39.79 15.139999 9.099999
      vertex 36.59 16.24 9.099999
      vertex 36.795837 16.25011 9.099999
    endloop
  endfacet
  facet normal 0 0 -1
    outer loop
      vertex 33.39 15.139999 9.099999
      vertex 36.59 16.24 9.099999
      vertex 39.79 15.139999 9.099999
    endloop
  endfacet
  facet normal 0 0 -1
    outer loop
      vertex 36.59 16.24 9.099999
      vertex 33.39 15.139999 9.099999
      vertex 36.384163 16.25011 9.099999
    endloop
  endfacet
  facet normal 0 0 -1
    outer loop
      vertex 36.384163 16.25011 9.099999
      vertex 33.39 15.139999 9.099999
      vertex 36.18031 16.28035 9.099999
    endloop
  endfacet
  facet normal 0 0 -1
    outer loop
      vertex 34.50011 18.134163 9.099999
      vertex 33.39 15.139999 9.099999
      vertex 34.489998 18.34 9.099999
    endloop
  endfacet
  facet normal 0 0 -1
    outer loop
      vertex 34.53035 17.93031 9.099999
      vertex 33.39 15.139999 9.099999
      vertex 34.50011 18.134163 9.099999
    endloop
  endfacet
  facet normal 0 0 -1
    outer loop
      vertex 34.580425 17.730402 9.099999
      vertex 33.39 15.139999 9.099999
      vertex 34.53035 17.93031 9.099999
    endloop
  endfacet
  facet normal 0 0 -1
    outer loop
      vertex 34.649853 17.536366 9.099999
      vertex 33.39 15.139999 9.099999
      vertex 34.580425 17.730402 9.099999
    endloop
  endfacet
  facet normal 0 0 -1
    outer loop
      vertex 34.737965 17.350067 9.099999
      vertex 33.39 15.139999 9.099999
      vertex 34.649853 17.536366 9.099999
    endloop
  endfacet
  facet normal 0 0 -1
    outer loop
      vertex 34.843914 17.173302 9.099999
      vertex 33.39 15.139999 9.099999
      vertex 34.737965 17.350067 9.099999
    endloop
  endfacet
  facet normal 0 0 -1
    outer loop
      vertex 34.96668 17.007774 9.099999
      vertex 33.39 15.139999 9.099999
      vertex 34.843914 17.173302 9.099999
    endloop
  endfacet
  facet normal 0 0 -1
    outer loop
      vertex 35.105076 16.855076 9.099999
      vertex 33.39 15.139999 9.099999
      vertex 34.96668 17.007774 9.099999
    endloop
  endfacet
  facet normal 0 0 -1
    outer loop
      vertex 35.257774 16.716679 9.099999
      vertex 33.39 15.139999 9.099999
      vertex 35.105076 16.855076 9.099999
    endloop
  endfacet
  facet normal 0 0 -1
    outer loop
      vertex 35.4233 16.593914 9.099999
      vertex 33.39 15.139999 9.099999
      vertex 35.257774 16.716679 9.099999
    endloop
  endfacet
  facet normal 0 0 -1
    outer loop
      vertex 35.600067 16.487965 9.099999
      vertex 33.39 15.139999 9.099999
      vertex 35.4233 16.593914 9.099999
    endloop
  endfacet
  facet normal 0 0 -1
    outer loop
      vertex 35.786366 16.399853 9.099999
      vertex 33.39 15.139999 9.099999
      vertex 35.600067 16.487965 9.099999
    endloop
  endfacet
  facet normal 0 0 -1
    outer loop
      vertex 35.9804 16.330425 9.099999
      vertex 33.39 15.139999 9.099999
      vertex 35.786366 16.399853 9.099999
    endloop
  endfacet
  facet normal 0 0 -1
    outer loop
      vertex 36.18031 16.28035 9.099999
      vertex 33.39 15.139999 9.099999
      vertex 35.9804 16.330425 9.099999
    endloop
  endfacet
  facet normal 0 0 -1
    outer loop
      vertex 38.679886 18.545835 9.099999
      vertex 39.79 21.54 9.099999
      vertex 38.69 18.34 9.099999
    endloop
  endfacet
  facet normal 0 0 -1
    outer loop
      vertex 38.64965 18.74969 9.099999
      vertex 39.79 21.54 9.099999
      vertex 38.679886 18.545835 9.099999
    endloop
  endfacet
  facet normal 0 0 -1
    outer loop
      vertex 38.599575 18.949596 9.099999
      vertex 39.79 21.54 9.099999
      vertex 38.64965 18.74969 9.099999
    endloop
  endfacet
  facet normal 0 0 -1
    outer loop
      vertex 38.530148 19.143635 9.099999
      vertex 39.79 21.54 9.099999
      vertex 38.599575 18.949596 9.099999
    endloop
  endfacet
  facet normal 0 0 -1
    outer loop
      vertex 38.44203 19.329933 9.099999
      vertex 39.79 21.54 9.099999
      vertex 38.530148 19.143635 9.099999
    endloop
  endfacet
  facet normal 0 0 -1
    outer loop
      vertex 38.336086 19.506697 9.099999
      vertex 39.79 21.54 9.099999
      vertex 38.44203 19.329933 9.099999
    endloop
  endfacet
  facet normal 0 0 -1
    outer loop
      vertex 38.21332 19.672226 9.099999
      vertex 39.79 21.54 9.099999
      vertex 38.336086 19.506697 9.099999
    endloop
  endfacet
  facet normal 0 0 -1
    outer loop
      vertex 38.074924 19.824924 9.099999
      vertex 39.79 21.54 9.099999
      vertex 38.21332 19.672226 9.099999
    endloop
  endfacet
  facet normal 0 0 -1
    outer loop
      vertex 37.922226 19.963322 9.099999
      vertex 39.79 21.54 9.099999
      vertex 38.074924 19.824924 9.099999
    endloop
  endfacet
  facet normal 0 0 -1
    outer loop
      vertex 37.7567 20.086086 9.099999
      vertex 39.79 21.54 9.099999
      vertex 37.922226 19.963322 9.099999
    endloop
  endfacet
  facet normal 0 0 -1
    outer loop
      vertex 37.579933 20.192034 9.099999
      vertex 39.79 21.54 9.099999
      vertex 37.7567 20.086086 9.099999
    endloop
  endfacet
  facet normal 0 0 -1
    outer loop
      vertex 37.393635 20.280148 9.099999
      vertex 39.79 21.54 9.099999
      vertex 37.579933 20.192034 9.099999
    endloop
  endfacet
  facet normal 0 0 -1
    outer loop
      vertex 37.199596 20.349575 9.099999
      vertex 39.79 21.54 9.099999
      vertex 37.393635 20.280148 9.099999
    endloop
  endfacet
  facet normal 0 0 -1
    outer loop
      vertex 36.999687 20.399649 9.099999
      vertex 39.79 21.54 9.099999
      vertex 37.199596 20.349575 9.099999
    endloop
  endfacet
  facet normal 0 0 -1
    outer loop
      vertex 36.795837 20.429888 9.099999
      vertex 39.79 21.54 9.099999
      vertex 36.999687 20.399649 9.099999
    endloop
  endfacet
  facet normal 0 0 -1
    outer loop
      vertex 36.59 20.439999 9.099999
      vertex 39.79 21.54 9.099999
      vertex 36.795837 20.429888 9.099999
    endloop
  endfacet
  facet normal 0 0 -1
    outer loop
      vertex 33.39 21.54 9.099999
      vertex 36.59 20.439999 9.099999
      vertex 36.384163 20.429888 9.099999
    endloop
  endfacet
  facet normal 0 0 -1
    outer loop
      vertex 33.39 21.54 9.099999
      vertex 36.384163 20.429888 9.099999
      vertex 36.18031 20.399649 9.099999
    endloop
  endfacet
  facet normal 0 0 -1
    outer loop
      vertex 33.39 21.54 9.099999
      vertex 36.18031 20.399649 9.099999
      vertex 35.9804 20.349575 9.099999
    endloop
  endfacet
  facet normal 0 0 -1
    outer loop
      vertex 33.39 21.54 9.099999
      vertex 34.489998 18.34 9.099999
      vertex 33.39 15.139999 9.099999
    endloop
  endfacet
  facet normal 0 0 -1
    outer loop
      vertex 34.489998 18.34 9.099999
      vertex 33.39 21.54 9.099999
      vertex 34.50011 18.545835 9.099999
    endloop
  endfacet
  facet normal 0 0 -1
    outer loop
      vertex 34.50011 18.545835 9.099999
      vertex 33.39 21.54 9.099999
      vertex 34.53035 18.74969 9.099999
    endloop
  endfacet
  facet normal 0 0 -1
    outer loop
      vertex 36.59 20.439999 9.099999
      vertex 33.39 21.54 9.099999
      vertex 39.79 21.54 9.099999
    endloop
  endfacet
  facet normal 0 0 -1
    outer loop
      vertex 35.786366 20.280148 9.099999
      vertex 33.39 21.54 9.099999
      vertex 35.9804 20.349575 9.099999
    endloop
  endfacet
  facet normal 0 0 -1
    outer loop
      vertex 35.600067 20.192034 9.099999
      vertex 33.39 21.54 9.099999
      vertex 35.786366 20.280148 9.099999
    endloop
  endfacet
  facet normal 0 0 -1
    outer loop
      vertex 35.4233 20.086086 9.099999
      vertex 33.39 21.54 9.099999
      vertex 35.600067 20.192034 9.099999
    endloop
  endfacet
  facet normal 0 0 -1
    outer loop
      vertex 35.257774 19.963322 9.099999
      vertex 33.39 21.54 9.099999
      vertex 35.4233 20.086086 9.099999
    endloop
  endfacet
  facet normal 0 0 -1
    outer loop
      vertex 35.105076 19.824924 9.099999
      vertex 33.39 21.54 9.099999
      vertex 35.257774 19.963322 9.099999
    endloop
  endfacet
  facet normal 0 0 -1
    outer loop
      vertex 34.96668 19.672226 9.099999
      vertex 33.39 21.54 9.099999
      vertex 35.105076 19.824924 9.099999
    endloop
  endfacet
  facet normal 0 0 -1
    outer loop
      vertex 34.843914 19.506697 9.099999
      vertex 33.39 21.54 9.099999
      vertex 34.96668 19.672226 9.099999
    endloop
  endfacet
  facet normal 0 0 -1
    outer loop
      vertex 34.737965 19.329933 9.099999
      vertex 33.39 21.54 9.099999
      vertex 34.843914 19.506697 9.099999
    endloop
  endfacet
  facet normal 0 0 -1
    outer loop
      vertex 34.649853 19.143635 9.099999
      vertex 33.39 21.54 9.099999
      vertex 34.737965 19.329933 9.099999
    endloop
  endfacet
  facet normal 0 0 -1
    outer loop
      vertex 34.580425 18.949596 9.099999
      vertex 33.39 21.54 9.099999
      vertex 34.649853 19.143635 9.099999
    endloop
  endfacet
  facet normal 0 0 -1
    outer loop
      vertex 34.53035 18.74969 9.099999
      vertex 33.39 21.54 9.099999
      vertex 34.580425 18.949596 9.099999
    endloop
  endfacet
  facet normal 1 0 0
    outer loop
      vertex 33.39 15.139999 9.099999
      vertex 33.39 21.54 9
      vertex 33.39 21.54 9.099999
    endloop
  endfacet
  facet normal 1 0 0
    outer loop
      vertex 33.39 21.54 9
      vertex 33.39 15.139999 9.099999
      vertex 33.39 15.139999 9
    endloop
  endfacet
  facet normal 0 -1 0
    outer loop
      vertex 33.39 21.54 9
      vertex 39.79 21.54 9.099999
      vertex 33.39 21.54 9.099999
    endloop
  endfacet
  facet normal 0 -1 0
    outer loop
      vertex 39.79 21.54 9.099999
      vertex 33.39 21.54 9
      vertex 39.79 21.54 9
    endloop
  endfacet
  facet normal 0 1 0
    outer loop
      vertex 39.79 15.139999 9
      vertex 33.39 15.139999 9.099999
      vertex 39.79 15.139999 9.099999
    endloop
  endfacet
  facet normal 0 1 0
    outer loop
      vertex 33.39 15.139999 9.099999
      vertex 39.79 15.139999 9
      vertex 33.39 15.139999 9
    endloop
  endfacet
  facet normal 0.51410437 -0.85772765 0
    outer loop
      vertex 5.4721813 9.286541 9
      vertex 5.703658 9.425283 9.799999
      vertex 5.4721813 9.286541 9.799999
    endloop
  endfacet
  facet normal 0.51410437 -0.85772765 0
    outer loop
      vertex 5.703658 9.425283 9.799999
      vertex 5.4721813 9.286541 9
      vertex 5.703658 9.425283 9
    endloop
  endfacet
  facet normal -0.99879533 -0.049070448 0
    outer loop
      vertex 9.75 7 9
      vertex 9.736757 7.2695465 9.799999
      vertex 9.736757 7.2695465 9
    endloop
  endfacet
  facet normal -0.99879533 -0.049070448 0
    outer loop
      vertex 9.736757 7.2695465 9.799999
      vertex 9.75 7 9
      vertex 9.75 7 9.799999
    endloop
  endfacet
  facet normal -0.85772765 -0.51410437 0
    outer loop
      vertex 9.425283 8.296341 9
      vertex 9.286541 8.527818 9.799999
      vertex 9.286541 8.527818 9
    endloop
  endfacet
  facet normal -0.85772765 -0.51410437 0
    outer loop
      vertex 9.286541 8.527818 9.799999
      vertex 9.425283 8.296341 9
      vertex 9.425283 8.296341 9.799999
    endloop
  endfacet
  facet normal -0.90399003 0.42755353 0
    outer loop
      vertex 9.425283 5.703658 9
      vertex 9.5406685 5.9476204 9.799999
      vertex 9.5406685 5.9476204 9
    endloop
  endfacet
  facet normal -0.90399003 0.42755353 0
    outer loop
      vertex 9.5406685 5.9476204 9.799999
      vertex 9.425283 5.703658 9
      vertex 9.425283 5.703658 9.799999
    endloop
  endfacet
  facet normal 0.74095 -0.6715602 0
    outer loop
      vertex 4.874221 8.744581 9.799999
      vertex 5.055456 8.944543 9
      vertex 5.055456 8.944543 9.799999
    endloop
  endfacet
  facet normal 0.74095 -0.6715602 0
    outer loop
      vertex 5.055456 8.944543 9
      vertex 4.874221 8.744581 9.799999
      vertex 4.874221 8.744581 9
    endloop
  endfacet
  facet normal -0.94154453 -0.3368886 0
    outer loop
      vertex 9.631585 7.7982826 9
      vertex 9.5406685 8.052379 9.799999
      vertex 9.5406685 8.052379 9
    endloop
  endfacet
  facet normal -0.94154453 -0.3368886 0
    outer loop
      vertex 9.5406685 8.052379 9.799999
      vertex 9.631585 7.7982826 9
      vertex 9.631585 7.7982826 9.799999
    endloop
  endfacet
  facet normal -0.24298044 -0.9700312 0
    outer loop
      vertex 7.536498 9.697159 9
      vertex 7.7982826 9.631585 9.799999
      vertex 7.536498 9.697159 9.799999
    endloop
  endfacet
  facet normal -0.24298044 -0.9700312 0
    outer loop
      vertex 7.7982826 9.631585 9.799999
      vertex 7.536498 9.697159 9
      vertex 7.7982826 9.631585 9
    endloop
  endfacet
  facet normal -0.90399003 -0.42755353 0
    outer loop
      vertex 9.5406685 8.052379 9
      vertex 9.425283 8.296341 9.799999
      vertex 9.425283 8.296341 9
    endloop
  endfacet
  facet normal -0.90399003 -0.42755353 0
    outer loop
      vertex 9.425283 8.296341 9.799999
      vertex 9.5406685 8.052379 9
      vertex 9.5406685 8.052379 9.799999
    endloop
  endfacet
  facet normal -0.14673026 0.9891765 0
    outer loop
      vertex 7.536498 4.30284 9
      vertex 7.2695465 4.263242 9.799999
      vertex 7.536498 4.30284 9.799999
    endloop
  endfacet
  facet normal -0.14673026 0.9891765 0
    outer loop
      vertex 7.2695465 4.263242 9.799999
      vertex 7.536498 4.30284 9
      vertex 7.2695465 4.263242 9
    endloop
  endfacet
  facet normal -0.049070448 -0.99879533 0
    outer loop
      vertex 7 9.75 9
      vertex 7.2695465 9.736757 9.799999
      vertex 7 9.75 9.799999
    endloop
  endfacet
  facet normal -0.049070448 -0.99879533 0
    outer loop
      vertex 7.2695465 9.736757 9.799999
      vertex 7 9.75 9
      vertex 7.2695465 9.736757 9
    endloop
  endfacet
  facet normal 0.6715602 0.74095 0
    outer loop
      vertex 5.255418 4.874221 9
      vertex 5.055456 5.055456 9.799999
      vertex 5.255418 4.874221 9.799999
    endloop
  endfacet
  facet normal 0.6715602 0.74095 0
    outer loop
      vertex 5.055456 5.055456 9.799999
      vertex 5.255418 4.874221 9
      vertex 5.055456 5.055456 9
    endloop
  endfacet
  facet normal -0.9891765 -0.14673026 0
    outer loop
      vertex 9.736757 7.2695465 9
      vertex 9.697159 7.536498 9.799999
      vertex 9.697159 7.536498 9
    endloop
  endfacet
  facet normal -0.9891765 -0.14673026 0
    outer loop
      vertex 9.697159 7.536498 9.799999
      vertex 9.736757 7.2695465 9
      vertex 9.736757 7.2695465 9.799999
    endloop
  endfacet
  facet normal -0.9700312 -0.24298044 0
    outer loop
      vertex 9.697159 7.536498 9
      vertex 9.631585 7.7982826 9.799999
      vertex 9.631585 7.7982826 9
    endloop
  endfacet
  facet normal -0.9700312 -0.24298044 0
    outer loop
      vertex 9.631585 7.7982826 9.799999
      vertex 9.697159 7.536498 9
      vertex 9.697159 7.536498 9.799999
    endloop
  endfacet
  facet normal 0.9987955 -0.049066924 0
    outer loop
      vertex 4.25 7 9.799999
      vertex 4.263242 7.2695465 9
      vertex 4.263242 7.2695465 9.799999
    endloop
  endfacet
  facet normal 0.9987955 -0.049066924 0
    outer loop
      vertex 4.263242 7.2695465 9
      vertex 4.25 7 9.799999
      vertex 4.25 7 9
    endloop
  endfacet
  facet normal -0.9891765 0.14673026 0
    outer loop
      vertex 9.697159 6.463501 9
      vertex 9.736757 6.7304525 9.799999
      vertex 9.736757 6.7304525 9
    endloop
  endfacet
  facet normal -0.9891765 0.14673026 0
    outer loop
      vertex 9.736757 6.7304525 9.799999
      vertex 9.697159 6.463501 9
      vertex 9.697159 6.463501 9.799999
    endloop
  endfacet
  facet normal 0.6715602 -0.74095 0
    outer loop
      vertex 5.055456 8.944543 9
      vertex 5.255418 9.125778 9.799999
      vertex 5.055456 8.944543 9.799999
    endloop
  endfacet
  facet normal 0.6715602 -0.74095 0
    outer loop
      vertex 5.255418 9.125778 9.799999
      vertex 5.055456 8.944543 9
      vertex 5.255418 9.125778 9
    endloop
  endfacet
  facet normal 0.9987955 0.049066752 0
    outer loop
      vertex 4.263242 6.7304525 9.799999
      vertex 4.25 7 9
      vertex 4.25 7 9.799999
    endloop
  endfacet
  facet normal 0.9987955 0.049066752 0
    outer loop
      vertex 4.25 7 9
      vertex 4.263242 6.7304525 9.799999
      vertex 4.263242 6.7304525 9
    endloop
  endfacet
  facet normal -0.59569937 -0.8032075 0
    outer loop
      vertex 8.527818 9.286541 9
      vertex 8.744581 9.125778 9.799999
      vertex 8.527818 9.286541 9.799999
    endloop
  endfacet
  facet normal -0.59569937 -0.8032075 0
    outer loop
      vertex 8.744581 9.125778 9.799999
      vertex 8.527818 9.286541 9
      vertex 8.744581 9.125778 9
    endloop
  endfacet
  facet normal -0.99879533 0.049070276 0
    outer loop
      vertex 9.736757 6.7304525 9
      vertex 9.75 7 9.799999
      vertex 9.75 7 9
    endloop
  endfacet
  facet normal -0.99879533 0.049070276 0
    outer loop
      vertex 9.75 7 9.799999
      vertex 9.736757 6.7304525 9
      vertex 9.736757 6.7304525 9.799999
    endloop
  endfacet
  facet normal -0.94154453 0.3368886 0
    outer loop
      vertex 9.5406685 5.9476204 9
      vertex 9.631585 6.2017164 9.799999
      vertex 9.631585 6.2017164 9
    endloop
  endfacet
  facet normal -0.94154453 0.3368886 0
    outer loop
      vertex 9.631585 6.2017164 9.799999
      vertex 9.5406685 5.9476204 9
      vertex 9.5406685 5.9476204 9.799999
    endloop
  endfacet
  facet normal -0.59569937 0.8032075 0
    outer loop
      vertex 8.744581 4.874221 9
      vertex 8.527818 4.713458 9.799999
      vertex 8.744581 4.874221 9.799999
    endloop
  endfacet
  facet normal -0.59569937 0.8032075 0
    outer loop
      vertex 8.527818 4.713458 9.799999
      vertex 8.744581 4.874221 9
      vertex 8.527818 4.713458 9
    endloop
  endfacet
  facet normal -0.42755353 -0.90399003 0
    outer loop
      vertex 8.052379 9.5406685 9
      vertex 8.296341 9.425283 9.799999
      vertex 8.052379 9.5406685 9.799999
    endloop
  endfacet
  facet normal -0.42755353 -0.90399003 0
    outer loop
      vertex 8.296341 9.425283 9.799999
      vertex 8.052379 9.5406685 9
      vertex 8.296341 9.425283 9
    endloop
  endfacet
  facet normal 0.51410437 0.85772765 0
    outer loop
      vertex 5.703658 4.5747156 9
      vertex 5.4721813 4.713458 9.799999
      vertex 5.703658 4.5747156 9.799999
    endloop
  endfacet
  facet normal 0.51410437 0.85772765 0
    outer loop
      vertex 5.4721813 4.713458 9.799999
      vertex 5.703658 4.5747156 9
      vertex 5.4721813 4.713458 9
    endloop
  endfacet
  facet normal 0.42755353 -0.90399003 0
    outer loop
      vertex 5.703658 9.425283 9
      vertex 5.9476204 9.5406685 9.799999
      vertex 5.703658 9.425283 9.799999
    endloop
  endfacet
  facet normal 0.42755353 -0.90399003 0
    outer loop
      vertex 5.9476204 9.5406685 9.799999
      vertex 5.703658 9.425283 9
      vertex 5.9476204 9.5406685 9
    endloop
  endfacet
  facet normal -0.74095 -0.6715602 0
    outer loop
      vertex 9.125778 8.744581 9
      vertex 8.944543 8.944543 9.799999
      vertex 8.944543 8.944543 9
    endloop
  endfacet
  facet normal -0.74095 -0.6715602 0
    outer loop
      vertex 8.944543 8.944543 9.799999
      vertex 9.125778 8.744581 9
      vertex 9.125778 8.744581 9.799999
    endloop
  endfacet
  facet normal 0.8032075 0.59569937 0
    outer loop
      vertex 4.874221 5.255418 9.799999
      vertex 4.713458 5.4721813 9
      vertex 4.713458 5.4721813 9.799999
    endloop
  endfacet
  facet normal 0.8032075 0.59569937 0
    outer loop
      vertex 4.713458 5.4721813 9
      vertex 4.874221 5.255418 9.799999
      vertex 4.874221 5.255418 9
    endloop
  endfacet
  facet normal 0.59569937 0.8032075 0
    outer loop
      vertex 5.4721813 4.713458 9
      vertex 5.255418 4.874221 9.799999
      vertex 5.4721813 4.713458 9.799999
    endloop
  endfacet
  facet normal 0.59569937 0.8032075 0
    outer loop
      vertex 5.255418 4.874221 9.799999
      vertex 5.4721813 4.713458 9
      vertex 5.255418 4.874221 9
    endloop
  endfacet
  facet normal 0.85772765 -0.51410437 0
    outer loop
      vertex 4.5747156 8.296341 9.799999
      vertex 4.713458 8.527818 9
      vertex 4.713458 8.527818 9.799999
    endloop
  endfacet
  facet normal 0.85772765 -0.51410437 0
    outer loop
      vertex 4.713458 8.527818 9
      vertex 4.5747156 8.296341 9.799999
      vertex 4.5747156 8.296341 9
    endloop
  endfacet
  facet normal -0.3368886 0.94154453 0
    outer loop
      vertex 8.052379 4.4593306 9
      vertex 7.7982826 4.368414 9.799999
      vertex 8.052379 4.4593306 9.799999
    endloop
  endfacet
  facet normal -0.3368886 0.94154453 0
    outer loop
      vertex 7.7982826 4.368414 9.799999
      vertex 8.052379 4.4593306 9
      vertex 7.7982826 4.368414 9
    endloop
  endfacet
  facet normal -0.3368886 -0.94154453 0
    outer loop
      vertex 7.7982826 9.631585 9
      vertex 8.052379 9.5406685 9.799999
      vertex 7.7982826 9.631585 9.799999
    endloop
  endfacet
  facet normal -0.3368886 -0.94154453 0
    outer loop
      vertex 8.052379 9.5406685 9.799999
      vertex 7.7982826 9.631585 9
      vertex 8.052379 9.5406685 9
    endloop
  endfacet
  facet normal 0.14673026 0.9891765 0
    outer loop
      vertex 6.7304525 4.263242 9
      vertex 6.463501 4.30284 9.799999
      vertex 6.7304525 4.263242 9.799999
    endloop
  endfacet
  facet normal 0.14673026 0.9891765 0
    outer loop
      vertex 6.463501 4.30284 9.799999
      vertex 6.7304525 4.263242 9
      vertex 6.463501 4.30284 9
    endloop
  endfacet
  facet normal -0.24298044 0.9700312 0
    outer loop
      vertex 7.7982826 4.368414 9
      vertex 7.536498 4.30284 9.799999
      vertex 7.7982826 4.368414 9.799999
    endloop
  endfacet
  facet normal -0.24298044 0.9700312 0
    outer loop
      vertex 7.536498 4.30284 9.799999
      vertex 7.7982826 4.368414 9
      vertex 7.536498 4.30284 9
    endloop
  endfacet
  facet normal -0.51410437 -0.85772765 0
    outer loop
      vertex 8.296341 9.425283 9
      vertex 8.527818 9.286541 9.799999
      vertex 8.296341 9.425283 9.799999
    endloop
  endfacet
  facet normal -0.51410437 -0.85772765 0
    outer loop
      vertex 8.527818 9.286541 9.799999
      vertex 8.296341 9.425283 9
      vertex 8.527818 9.286541 9
    endloop
  endfacet
  facet normal -0.85772765 0.51410437 0
    outer loop
      vertex 9.286541 5.4721813 9
      vertex 9.425283 5.703658 9.799999
      vertex 9.425283 5.703658 9
    endloop
  endfacet
  facet normal -0.85772765 0.51410437 0
    outer loop
      vertex 9.425283 5.703658 9.799999
      vertex 9.286541 5.4721813 9
      vertex 9.286541 5.4721813 9.799999
    endloop
  endfacet
  facet normal -0.049066924 0.9987955 0
    outer loop
      vertex 7.2695465 4.263242 9
      vertex 7 4.25 9.799999
      vertex 7.2695465 4.263242 9.799999
    endloop
  endfacet
  facet normal -0.049066924 0.9987955 0
    outer loop
      vertex 7 4.25 9.799999
      vertex 7.2695465 4.263242 9
      vertex 7 4.25 9
    endloop
  endfacet
  facet normal -0.14673026 -0.9891765 0
    outer loop
      vertex 7.2695465 9.736757 9
      vertex 7.536498 9.697159 9.799999
      vertex 7.2695465 9.736757 9.799999
    endloop
  endfacet
  facet normal -0.14673026 -0.9891765 0
    outer loop
      vertex 7.536498 9.697159 9.799999
      vertex 7.2695465 9.736757 9
      vertex 7.536498 9.697159 9
    endloop
  endfacet
  facet normal 0.8032075 -0.59569937 0
    outer loop
      vertex 4.713458 8.527818 9.799999
      vertex 4.874221 8.744581 9
      vertex 4.874221 8.744581 9.799999
    endloop
  endfacet
  facet normal 0.8032075 -0.59569937 0
    outer loop
      vertex 4.874221 8.744581 9
      vertex 4.713458 8.527818 9.799999
      vertex 4.713458 8.527818 9
    endloop
  endfacet
  facet normal -0.9700312 0.24298044 0
    outer loop
      vertex 9.631585 6.2017164 9
      vertex 9.697159 6.463501 9.799999
      vertex 9.697159 6.463501 9
    endloop
  endfacet
  facet normal -0.9700312 0.24298044 0
    outer loop
      vertex 9.697159 6.463501 9.799999
      vertex 9.631585 6.2017164 9
      vertex 9.631585 6.2017164 9.799999
    endloop
  endfacet
  facet normal -0.51410437 0.85772765 0
    outer loop
      vertex 8.527818 4.713458 9
      vertex 8.296341 4.5747156 9.799999
      vertex 8.527818 4.713458 9.799999
    endloop
  endfacet
  facet normal -0.51410437 0.85772765 0
    outer loop
      vertex 8.296341 4.5747156 9.799999
      vertex 8.527818 4.713458 9
      vertex 8.296341 4.5747156 9
    endloop
  endfacet
  facet normal 0.3368886 -0.94154453 0
    outer loop
      vertex 5.9476204 9.5406685 9
      vertex 6.2017164 9.631585 9.799999
      vertex 5.9476204 9.5406685 9.799999
    endloop
  endfacet
  facet normal 0.3368886 -0.94154453 0
    outer loop
      vertex 6.2017164 9.631585 9.799999
      vertex 5.9476204 9.5406685 9
      vertex 6.2017164 9.631585 9
    endloop
  endfacet
  facet normal 0.90399003 0.42755353 0
    outer loop
      vertex 4.5747156 5.703658 9.799999
      vertex 4.4593306 5.9476204 9
      vertex 4.4593306 5.9476204 9.799999
    endloop
  endfacet
  facet normal 0.90399003 0.42755353 0
    outer loop
      vertex 4.4593306 5.9476204 9
      vertex 4.5747156 5.703658 9.799999
      vertex 4.5747156 5.703658 9
    endloop
  endfacet
  facet normal 0.94154453 0.3368886 0
    outer loop
      vertex 4.4593306 5.9476204 9.799999
      vertex 4.368414 6.2017164 9
      vertex 4.368414 6.2017164 9.799999
    endloop
  endfacet
  facet normal 0.94154453 0.3368886 0
    outer loop
      vertex 4.368414 6.2017164 9
      vertex 4.4593306 5.9476204 9.799999
      vertex 4.4593306 5.9476204 9
    endloop
  endfacet
  facet normal -0.6715602 -0.74095 0
    outer loop
      vertex 8.744581 9.125778 9
      vertex 8.944543 8.944543 9.799999
      vertex 8.744581 9.125778 9.799999
    endloop
  endfacet
  facet normal -0.6715602 -0.74095 0
    outer loop
      vertex 8.944543 8.944543 9.799999
      vertex 8.744581 9.125778 9
      vertex 8.944543 8.944543 9
    endloop
  endfacet
  facet normal 0.14673026 -0.9891765 0
    outer loop
      vertex 6.463501 9.697159 9
      vertex 6.7304525 9.736757 9.799999
      vertex 6.463501 9.697159 9.799999
    endloop
  endfacet
  facet normal 0.14673026 -0.9891765 0
    outer loop
      vertex 6.7304525 9.736757 9.799999
      vertex 6.463501 9.697159 9
      vertex 6.7304525 9.736757 9
    endloop
  endfacet
  facet normal 0.9891765 0.14673026 0
    outer loop
      vertex 4.30284 6.463501 9.799999
      vertex 4.263242 6.7304525 9
      vertex 4.263242 6.7304525 9.799999
    endloop
  endfacet
  facet normal 0.9891765 0.14673026 0
    outer loop
      vertex 4.263242 6.7304525 9
      vertex 4.30284 6.463501 9.799999
      vertex 4.30284 6.463501 9
    endloop
  endfacet
  facet normal 0.049070276 -0.99879533 0
    outer loop
      vertex 6.7304525 9.736757 9
      vertex 7 9.75 9.799999
      vertex 6.7304525 9.736757 9.799999
    endloop
  endfacet
  facet normal 0.049070276 -0.99879533 0
    outer loop
      vertex 7 9.75 9.799999
      vertex 6.7304525 9.736757 9
      vertex 7 9.75 9
    endloop
  endfacet
  facet normal 0.24298044 -0.9700312 0
    outer loop
      vertex 6.2017164 9.631585 9
      vertex 6.463501 9.697159 9.799999
      vertex 6.2017164 9.631585 9.799999
    endloop
  endfacet
  facet normal 0.24298044 -0.9700312 0
    outer loop
      vertex 6.463501 9.697159 9.799999
      vertex 6.2017164 9.631585 9
      vertex 6.463501 9.697159 9
    endloop
  endfacet
  facet normal -0.74095 0.6715602 0
    outer loop
      vertex 8.944543 5.055456 9
      vertex 9.125778 5.255418 9.799999
      vertex 9.125778 5.255418 9
    endloop
  endfacet
  facet normal -0.74095 0.6715602 0
    outer loop
      vertex 9.125778 5.255418 9.799999
      vertex 8.944543 5.055456 9
      vertex 8.944543 5.055456 9.799999
    endloop
  endfacet
  facet normal -0.8032075 0.59569937 0
    outer loop
      vertex 9.125778 5.255418 9
      vertex 9.286541 5.4721813 9.799999
      vertex 9.286541 5.4721813 9
    endloop
  endfacet
  facet normal -0.8032075 0.59569937 0
    outer loop
      vertex 9.286541 5.4721813 9.799999
      vertex 9.125778 5.255418 9
      vertex 9.125778 5.255418 9.799999
    endloop
  endfacet
  facet normal 0.90399003 -0.42755353 0
    outer loop
      vertex 4.4593306 8.052379 9.799999
      vertex 4.5747156 8.296341 9
      vertex 4.5747156 8.296341 9.799999
    endloop
  endfacet
  facet normal 0.90399003 -0.42755353 0
    outer loop
      vertex 4.5747156 8.296341 9
      vertex 4.4593306 8.052379 9.799999
      vertex 4.4593306 8.052379 9
    endloop
  endfacet
  facet normal 0.94154453 -0.3368886 0
    outer loop
      vertex 4.368414 7.7982826 9.799999
      vertex 4.4593306 8.052379 9
      vertex 4.4593306 8.052379 9.799999
    endloop
  endfacet
  facet normal 0.94154453 -0.3368886 0
    outer loop
      vertex 4.4593306 8.052379 9
      vertex 4.368414 7.7982826 9.799999
      vertex 4.368414 7.7982826 9
    endloop
  endfacet
  facet normal -0.8032075 -0.59569937 0
    outer loop
      vertex 9.286541 8.527818 9
      vertex 9.125778 8.744581 9.799999
      vertex 9.125778 8.744581 9
    endloop
  endfacet
  facet normal -0.8032075 -0.59569937 0
    outer loop
      vertex 9.125778 8.744581 9.799999
      vertex 9.286541 8.527818 9
      vertex 9.286541 8.527818 9.799999
    endloop
  endfacet
  facet normal 0.42755353 0.90399003 0
    outer loop
      vertex 5.9476204 4.4593306 9
      vertex 5.703658 4.5747156 9.799999
      vertex 5.9476204 4.4593306 9.799999
    endloop
  endfacet
  facet normal 0.42755353 0.90399003 0
    outer loop
      vertex 5.703658 4.5747156 9.799999
      vertex 5.9476204 4.4593306 9
      vertex 5.703658 4.5747156 9
    endloop
  endfacet
  facet normal -0.6715602 0.74095 0
    outer loop
      vertex 8.944543 5.055456 9
      vertex 8.744581 4.874221 9.799999
      vertex 8.944543 5.055456 9.799999
    endloop
  endfacet
  facet normal -0.6715602 0.74095 0
    outer loop
      vertex 8.744581 4.874221 9.799999
      vertex 8.944543 5.055456 9
      vertex 8.744581 4.874221 9
    endloop
  endfacet
  facet normal 0.9891765 -0.14673026 0
    outer loop
      vertex 4.263242 7.2695465 9.799999
      vertex 4.30284 7.536498 9
      vertex 4.30284 7.536498 9.799999
    endloop
  endfacet
  facet normal 0.9891765 -0.14673026 0
    outer loop
      vertex 4.30284 7.536498 9
      vertex 4.263242 7.2695465 9.799999
      vertex 4.263242 7.2695465 9
    endloop
  endfacet
  facet normal 0.3368886 0.94154453 0
    outer loop
      vertex 6.2017164 4.368414 9
      vertex 5.9476204 4.4593306 9.799999
      vertex 6.2017164 4.368414 9.799999
    endloop
  endfacet
  facet normal 0.3368886 0.94154453 0
    outer loop
      vertex 5.9476204 4.4593306 9.799999
      vertex 6.2017164 4.368414 9
      vertex 5.9476204 4.4593306 9
    endloop
  endfacet
  facet normal -0.42755353 0.90399003 0
    outer loop
      vertex 8.296341 4.5747156 9
      vertex 8.052379 4.4593306 9.799999
      vertex 8.296341 4.5747156 9.799999
    endloop
  endfacet
  facet normal -0.42755353 0.90399003 0
    outer loop
      vertex 8.052379 4.4593306 9.799999
      vertex 8.296341 4.5747156 9
      vertex 8.052379 4.4593306 9
    endloop
  endfacet
  facet normal 0.9700312 -0.24298044 0
    outer loop
      vertex 4.30284 7.536498 9.799999
      vertex 4.368414 7.7982826 9
      vertex 4.368414 7.7982826 9.799999
    endloop
  endfacet
  facet normal 0.9700312 -0.24298044 0
    outer loop
      vertex 4.368414 7.7982826 9
      vertex 4.30284 7.536498 9.799999
      vertex 4.30284 7.536498 9
    endloop
  endfacet
  facet normal 0.049066752 0.9987955 0
    outer loop
      vertex 7 4.25 9
      vertex 6.7304525 4.263242 9.799999
      vertex 7 4.25 9.799999
    endloop
  endfacet
  facet normal 0.049066752 0.9987955 0
    outer loop
      vertex 6.7304525 4.263242 9.799999
      vertex 7 4.25 9
      vertex 6.7304525 4.263242 9
    endloop
  endfacet
  facet normal 0.59569937 -0.8032075 0
    outer loop
      vertex 5.255418 9.125778 9
      vertex 5.4721813 9.286541 9.799999
      vertex 5.255418 9.125778 9.799999
    endloop
  endfacet
  facet normal 0.59569937 -0.8032075 0
    outer loop
      vertex 5.4721813 9.286541 9.799999
      vertex 5.255418 9.125778 9
      vertex 5.4721813 9.286541 9
    endloop
  endfacet
  facet normal 0.24298044 0.9700312 0
    outer loop
      vertex 6.463501 4.30284 9
      vertex 6.2017164 4.368414 9.799999
      vertex 6.463501 4.30284 9.799999
    endloop
  endfacet
  facet normal 0.24298044 0.9700312 0
    outer loop
      vertex 6.2017164 4.368414 9.799999
      vertex 6.463501 4.30284 9
      vertex 6.2017164 4.368414 9
    endloop
  endfacet
  facet normal 0.74095 0.6715602 0
    outer loop
      vertex 5.055456 5.055456 9.799999
      vertex 4.874221 5.255418 9
      vertex 4.874221 5.255418 9.799999
    endloop
  endfacet
  facet normal 0.74095 0.6715602 0
    outer loop
      vertex 4.874221 5.255418 9
      vertex 5.055456 5.055456 9.799999
      vertex 5.055456 5.055456 9
    endloop
  endfacet
  facet normal 0.85772765 0.51410437 0
    outer loop
      vertex 4.713458 5.4721813 9.799999
      vertex 4.5747156 5.703658 9
      vertex 4.5747156 5.703658 9.799999
    endloop
  endfacet
  facet normal 0.85772765 0.51410437 0
    outer loop
      vertex 4.5747156 5.703658 9
      vertex 4.713458 5.4721813 9.799999
      vertex 4.713458 5.4721813 9
    endloop
  endfacet
  facet normal 0.9700312 0.24298044 0
    outer loop
      vertex 4.368414 6.2017164 9.799999
      vertex 4.30284 6.463501 9
      vertex 4.30284 6.463501 9.799999
    endloop
  endfacet
  facet normal 0.9700312 0.24298044 0
    outer loop
      vertex 4.30284 6.463501 9
      vertex 4.368414 6.2017164 9.799999
      vertex 4.368414 6.2017164 9
    endloop
  endfacet
  facet normal 0 0 -1
    outer loop
      vertex 9.736757 6.7304525 9.799999
      vertex 9.736757 7.2695465 9.799999
      vertex 9.75 7 9.799999
    endloop
  endfacet
  facet normal 0 0 -1
    outer loop
      vertex 9.697159 6.463501 9.799999
      vertex 9.736757 7.2695465 9.799999
      vertex 9.736757 6.7304525 9.799999
    endloop
  endfacet
  facet normal 0 0 -1
    outer loop
      vertex 9.697159 6.463501 9.799999
      vertex 9.697159 7.536498 9.799999
      vertex 9.736757 7.2695465 9.799999
    endloop
  endfacet
  facet normal 0 0 -1
    outer loop
      vertex 9.631585 6.2017164 9.799999
      vertex 9.697159 7.536498 9.799999
      vertex 9.697159 6.463501 9.799999
    endloop
  endfacet
  facet normal 0 0 -1
    outer loop
      vertex 9.631585 6.2017164 9.799999
      vertex 9.631585 7.7982826 9.799999
      vertex 9.697159 7.536498 9.799999
    endloop
  endfacet
  facet normal 0 0 -1
    outer loop
      vertex 9.5406685 5.9476204 9.799999
      vertex 9.631585 7.7982826 9.799999
      vertex 9.631585 6.2017164 9.799999
    endloop
  endfacet
  facet normal 0 0 -1
    outer loop
      vertex 9.5406685 5.9476204 9.799999
      vertex 9.5406685 8.052379 9.799999
      vertex 9.631585 7.7982826 9.799999
    endloop
  endfacet
  facet normal 0 0 -1
    outer loop
      vertex 9.425283 5.703658 9.799999
      vertex 9.5406685 8.052379 9.799999
      vertex 9.5406685 5.9476204 9.799999
    endloop
  endfacet
  facet normal 0 0 -1
    outer loop
      vertex 9.425283 5.703658 9.799999
      vertex 9.425283 8.296341 9.799999
      vertex 9.5406685 8.052379 9.799999
    endloop
  endfacet
  facet normal 0 0 -1
    outer loop
      vertex 9.286541 5.4721813 9.799999
      vertex 9.425283 8.296341 9.799999
      vertex 9.425283 5.703658 9.799999
    endloop
  endfacet
  facet normal 0 0 -1
    outer loop
      vertex 9.286541 5.4721813 9.799999
      vertex 9.286541 8.527818 9.799999
      vertex 9.425283 8.296341 9.799999
    endloop
  endfacet
  facet normal 0 0 -1
    outer loop
      vertex 9.125778 5.255418 9.799999
      vertex 9.286541 8.527818 9.799999
      vertex 9.286541 5.4721813 9.799999
    endloop
  endfacet
  facet normal 0 0 -1
    outer loop
      vertex 9.125778 5.255418 9.799999
      vertex 9.125778 8.744581 9.799999
      vertex 9.286541 8.527818 9.799999
    endloop
  endfacet
  facet normal 0 0 -1
    outer loop
      vertex 8.944543 5.055456 9.799999
      vertex 9.125778 8.744581 9.799999
      vertex 9.125778 5.255418 9.799999
    endloop
  endfacet
  facet normal 0 0 -1
    outer loop
      vertex 8.944543 5.055456 9.799999
      vertex 8.944543 8.944543 9.799999
      vertex 9.125778 8.744581 9.799999
    endloop
  endfacet
  facet normal 0 0 -1
    outer loop
      vertex 8.744581 4.874221 9.799999
      vertex 8.944543 8.944543 9.799999
      vertex 8.944543 5.055456 9.799999
    endloop
  endfacet
  facet normal 0 0 -1
    outer loop
      vertex 8.744581 4.874221 9.799999
      vertex 8.744581 9.125778 9.799999
      vertex 8.944543 8.944543 9.799999
    endloop
  endfacet
  facet normal 0 0 -1
    outer loop
      vertex 8.527818 4.713458 9.799999
      vertex 8.744581 9.125778 9.799999
      vertex 8.744581 4.874221 9.799999
    endloop
  endfacet
  facet normal 0 0 -1
    outer loop
      vertex 8.527818 4.713458 9.799999
      vertex 8.527818 9.286541 9.799999
      vertex 8.744581 9.125778 9.799999
    endloop
  endfacet
  facet normal 0 0 -1
    outer loop
      vertex 8.296341 4.5747156 9.799999
      vertex 8.527818 9.286541 9.799999
      vertex 8.527818 4.713458 9.799999
    endloop
  endfacet
  facet normal 0 0 -1
    outer loop
      vertex 8.296341 4.5747156 9.799999
      vertex 8.296341 9.425283 9.799999
      vertex 8.527818 9.286541 9.799999
    endloop
  endfacet
  facet normal 0 0 -1
    outer loop
      vertex 8.052379 4.4593306 9.799999
      vertex 8.296341 9.425283 9.799999
      vertex 8.296341 4.5747156 9.799999
    endloop
  endfacet
  facet normal 0 0 -1
    outer loop
      vertex 8.052379 4.4593306 9.799999
      vertex 8.052379 9.5406685 9.799999
      vertex 8.296341 9.425283 9.799999
    endloop
  endfacet
  facet normal 0 0 -1
    outer loop
      vertex 7.7982826 4.368414 9.799999
      vertex 8.052379 9.5406685 9.799999
      vertex 8.052379 4.4593306 9.799999
    endloop
  endfacet
  facet normal 0 0 -1
    outer loop
      vertex 7.7982826 4.368414 9.799999
      vertex 7.7982826 9.631585 9.799999
      vertex 8.052379 9.5406685 9.799999
    endloop
  endfacet
  facet normal 0 0 -1
    outer loop
      vertex 7.536498 4.30284 9.799999
      vertex 7.7982826 9.631585 9.799999
      vertex 7.7982826 4.368414 9.799999
    endloop
  endfacet
  facet normal 0 0 -1
    outer loop
      vertex 7.536498 4.30284 9.799999
      vertex 7.536498 9.697159 9.799999
      vertex 7.7982826 9.631585 9.799999
    endloop
  endfacet
  facet normal 0 0 -1
    outer loop
      vertex 7.2695465 4.263242 9.799999
      vertex 7.536498 9.697159 9.799999
      vertex 7.536498 4.30284 9.799999
    endloop
  endfacet
  facet normal 0 0 -1
    outer loop
      vertex 7.2695465 4.263242 9.799999
      vertex 7.2695465 9.736757 9.799999
      vertex 7.536498 9.697159 9.799999
    endloop
  endfacet
  facet normal 0 0 -1
    outer loop
      vertex 7 4.25 9.799999
      vertex 7.2695465 9.736757 9.799999
      vertex 7.2695465 4.263242 9.799999
    endloop
  endfacet
  facet normal 0 0 -1
    outer loop
      vertex 7 4.25 9.799999
      vertex 7 9.75 9.799999
      vertex 7.2695465 9.736757 9.799999
    endloop
  endfacet
  facet normal 0 0 -1
    outer loop
      vertex 6.7304525 4.263242 9.799999
      vertex 7 9.75 9.799999
      vertex 7 4.25 9.799999
    endloop
  endfacet
  facet normal 0 0 -1
    outer loop
      vertex 6.7304525 4.263242 9.799999
      vertex 6.7304525 9.736757 9.799999
      vertex 7 9.75 9.799999
    endloop
  endfacet
  facet normal 0 0 -1
    outer loop
      vertex 6.463501 4.30284 9.799999
      vertex 6.7304525 9.736757 9.799999
      vertex 6.7304525 4.263242 9.799999
    endloop
  endfacet
  facet normal 0 0 -1
    outer loop
      vertex 6.463501 4.30284 9.799999
      vertex 6.463501 9.697159 9.799999
      vertex 6.7304525 9.736757 9.799999
    endloop
  endfacet
  facet normal 0 0 -1
    outer loop
      vertex 6.2017164 4.368414 9.799999
      vertex 6.463501 9.697159 9.799999
      vertex 6.463501 4.30284 9.799999
    endloop
  endfacet
  facet normal 0 0 -1
    outer loop
      vertex 6.2017164 4.368414 9.799999
      vertex 6.2017164 9.631585 9.799999
      vertex 6.463501 9.697159 9.799999
    endloop
  endfacet
  facet normal 0 0 -1
    outer loop
      vertex 5.9476204 4.4593306 9.799999
      vertex 6.2017164 9.631585 9.799999
      vertex 6.2017164 4.368414 9.799999
    endloop
  endfacet
  facet normal 0 0 -1
    outer loop
      vertex 5.9476204 4.4593306 9.799999
      vertex 5.9476204 9.5406685 9.799999
      vertex 6.2017164 9.631585 9.799999
    endloop
  endfacet
  facet normal 0 0 -1
    outer loop
      vertex 5.703658 4.5747156 9.799999
      vertex 5.9476204 9.5406685 9.799999
      vertex 5.9476204 4.4593306 9.799999
    endloop
  endfacet
  facet normal 0 0 -1
    outer loop
      vertex 5.703658 4.5747156 9.799999
      vertex 5.703658 9.425283 9.799999
      vertex 5.9476204 9.5406685 9.799999
    endloop
  endfacet
  facet normal 0 0 -1
    outer loop
      vertex 5.4721813 4.713458 9.799999
      vertex 5.703658 9.425283 9.799999
      vertex 5.703658 4.5747156 9.799999
    endloop
  endfacet
  facet normal 0 0 -1
    outer loop
      vertex 5.4721813 4.713458 9.799999
      vertex 5.4721813 9.286541 9.799999
      vertex 5.703658 9.425283 9.799999
    endloop
  endfacet
  facet normal 0 0 -1
    outer loop
      vertex 5.255418 4.874221 9.799999
      vertex 5.4721813 9.286541 9.799999
      vertex 5.4721813 4.713458 9.799999
    endloop
  endfacet
  facet normal 0 0 -1
    outer loop
      vertex 5.255418 4.874221 9.799999
      vertex 5.255418 9.125778 9.799999
      vertex 5.4721813 9.286541 9.799999
    endloop
  endfacet
  facet normal 0 0 -1
    outer loop
      vertex 5.055456 5.055456 9.799999
      vertex 5.255418 9.125778 9.799999
      vertex 5.255418 4.874221 9.799999
    endloop
  endfacet
  facet normal 0 0 -1
    outer loop
      vertex 5.055456 5.055456 9.799999
      vertex 5.055456 8.944543 9.799999
      vertex 5.255418 9.125778 9.799999
    endloop
  endfacet
  facet normal 0 0 -1
    outer loop
      vertex 4.874221 5.255418 9.799999
      vertex 5.055456 8.944543 9.799999
      vertex 5.055456 5.055456 9.799999
    endloop
  endfacet
  facet normal 0 0 -1
    outer loop
      vertex 4.874221 5.255418 9.799999
      vertex 4.874221 8.744581 9.799999
      vertex 5.055456 8.944543 9.799999
    endloop
  endfacet
  facet normal 0 0 -1
    outer loop
      vertex 4.713458 5.4721813 9.799999
      vertex 4.874221 8.744581 9.799999
      vertex 4.874221 5.255418 9.799999
    endloop
  endfacet
  facet normal 0 0 -1
    outer loop
      vertex 4.713458 5.4721813 9.799999
      vertex 4.713458 8.527818 9.799999
      vertex 4.874221 8.744581 9.799999
    endloop
  endfacet
  facet normal 0 0 -1
    outer loop
      vertex 4.5747156 5.703658 9.799999
      vertex 4.713458 8.527818 9.799999
      vertex 4.713458 5.4721813 9.799999
    endloop
  endfacet
  facet normal 0 0 -1
    outer loop
      vertex 4.5747156 5.703658 9.799999
      vertex 4.5747156 8.296341 9.799999
      vertex 4.713458 8.527818 9.799999
    endloop
  endfacet
  facet normal 0 0 -1
    outer loop
      vertex 4.4593306 5.9476204 9.799999
      vertex 4.5747156 8.296341 9.799999
      vertex 4.5747156 5.703658 9.799999
    endloop
  endfacet
  facet normal 0 0 -1
    outer loop
      vertex 4.4593306 5.9476204 9.799999
      vertex 4.4593306 8.052379 9.799999
      vertex 4.5747156 8.296341 9.799999
    endloop
  endfacet
  facet normal 0 0 -1
    outer loop
      vertex 4.368414 6.2017164 9.799999
      vertex 4.4593306 8.052379 9.799999
      vertex 4.4593306 5.9476204 9.799999
    endloop
  endfacet
  facet normal 0 0 -1
    outer loop
      vertex 4.368414 6.2017164 9.799999
      vertex 4.368414 7.7982826 9.799999
      vertex 4.4593306 8.052379 9.799999
    endloop
  endfacet
  facet normal 0 0 -1
    outer loop
      vertex 4.30284 6.463501 9.799999
      vertex 4.368414 7.7982826 9.799999
      vertex 4.368414 6.2017164 9.799999
    endloop
  endfacet
  facet normal 0 0 -1
    outer loop
      vertex 4.30284 6.463501 9.799999
      vertex 4.30284 7.536498 9.799999
      vertex 4.368414 7.7982826 9.799999
    endloop
  endfacet
  facet normal 0 0 -1
    outer loop
      vertex 4.263242 6.7304525 9.799999
      vertex 4.30284 7.536498 9.799999
      vertex 4.30284 6.463501 9.799999
    endloop
  endfacet
  facet normal 0 0 -1
    outer loop
      vertex 4.263242 6.7304525 9.799999
      vertex 4.263242 7.2695465 9.799999
      vertex 4.30284 7.536498 9.799999
    endloop
  endfacet
  facet normal 0 0 -1
    outer loop
      vertex 4.263242 7.2695465 9.799999
      vertex 4.263242 6.7304525 9.799999
      vertex 4.25 7 9.799999
    endloop
  endfacet
endsolid OpenSCAD_Model
