solid OpenSCAD_Model
  facet normal -1 0 0
    outer loop
      vertex 50.4 1.5499992 5.0999994
      vertex 50.4 2 6.0999994
      vertex 50.4 2 5.0999994
    endloop
  endfacet
  facet normal -1 0 0
    outer loop
      vertex 50.4 2 6.0999994
      vertex 50.4 1.5499992 5.0999994
      vertex 50.4 1.5499992 6.0999994
    endloop
  endfacet
  facet normal 0 0 -1
    outer loop
      vertex 5 1.5499992 6.0999994
      vertex 50.4 2 6.0999994
      vertex 50.4 1.5499992 6.0999994
    endloop
  endfacet
  facet normal 0 0 -1
    outer loop
      vertex 50.4 2 6.0999994
      vertex 5 1.5499992 6.0999994
      vertex 5 2 6.0999994
    endloop
  endfacet
  facet normal 0 0 1
    outer loop
      vertex 5 2 5.0999994
      vertex 50.4 1.5499992 5.0999994
      vertex 50.4 2 5.0999994
    endloop
  endfacet
  facet normal 0 0 1
    outer loop
      vertex 50.4 1.5499992 5.0999994
      vertex 5 2 5.0999994
      vertex 5 1.5499992 5.0999994
    endloop
  endfacet
  facet normal 1 0 0
    outer loop
      vertex 5 1.5499992 6.0999994
      vertex 5 2 5.0999994
      vertex 5 2 6.0999994
    endloop
  endfacet
  facet normal 1 0 0
    outer loop
      vertex 5 2 5.0999994
      vertex 5 1.5499992 6.0999994
      vertex 5 1.5499992 5.0999994
    endloop
  endfacet
  facet normal 0 1 0
    outer loop
      vertex 4 2 1.7999992
      vertex 5 2 5.0999994
      vertex 51.4 2 1.7999992
    endloop
  endfacet
  facet normal 0 1 0
    outer loop
      vertex 5 2 5.0999994
      vertex 4 2 1.7999992
      vertex 4 2 3.7999992
    endloop
  endfacet
  facet normal 0 1 0
    outer loop
      vertex 52.4 2 9
      vertex 50.4 2 6.0999994
      vertex 3 2 9
    endloop
  endfacet
  facet normal 0 1 0
    outer loop
      vertex 52.4 2 3.7999992
      vertex 50.4 2 6.0999994
      vertex 52.4 2 9
    endloop
  endfacet
  facet normal 0 1 0
    outer loop
      vertex 51.4 2 3.7999992
      vertex 50.4 2 5.0999994
      vertex 52.4 2 3.7999992
    endloop
  endfacet
  facet normal 0 1 0
    outer loop
      vertex 50.4 2 6.0999994
      vertex 52.4 2 3.7999992
      vertex 50.4 2 5.0999994
    endloop
  endfacet
  facet normal 0 1 0
    outer loop
      vertex 5 2 6.0999994
      vertex 3 2 9
      vertex 50.4 2 6.0999994
    endloop
  endfacet
  facet normal 0 1 0
    outer loop
      vertex 3 2 3.7999992
      vertex 5 2 6.0999994
      vertex 5 2 5.0999994
    endloop
  endfacet
  facet normal 0 1 0
    outer loop
      vertex 51.4 2 1.7999992
      vertex 50.4 2 5.0999994
      vertex 51.4 2 3.7999992
    endloop
  endfacet
  facet normal 0 1 0
    outer loop
      vertex 50.4 2 5.0999994
      vertex 51.4 2 1.7999992
      vertex 5 2 5.0999994
    endloop
  endfacet
  facet normal 0 1 0
    outer loop
      vertex 3 2 3.7999992
      vertex 5 2 5.0999994
      vertex 4 2 3.7999992
    endloop
  endfacet
  facet normal 0 1 0
    outer loop
      vertex 5 2 6.0999994
      vertex 3 2 3.7999992
      vertex 3 2 9
    endloop
  endfacet
  facet normal 0 1 0
    outer loop
      vertex 50.4 1.5499992 5.0999994
      vertex 5 1.5499992 6.0999994
      vertex 50.4 1.5499992 6.0999994
    endloop
  endfacet
  facet normal 0 1 0
    outer loop
      vertex 5 1.5499992 6.0999994
      vertex 50.4 1.5499992 5.0999994
      vertex 5 1.5499992 5.0999994
    endloop
  endfacet
  facet normal -1 0 0
    outer loop
      vertex 50.4 23.4 5.0999994
      vertex 50.4 23.849998 6.0999994
      vertex 50.4 23.849998 5.0999994
    endloop
  endfacet
  facet normal -1 0 0
    outer loop
      vertex 50.4 23.849998 6.0999994
      vertex 50.4 23.4 5.0999994
      vertex 50.4 23.4 6.0999994
    endloop
  endfacet
  facet normal 0 0 -1
    outer loop
      vertex 5 23.4 6.0999994
      vertex 50.4 23.849998 6.0999994
      vertex 50.4 23.4 6.0999994
    endloop
  endfacet
  facet normal 0 0 -1
    outer loop
      vertex 50.4 23.849998 6.0999994
      vertex 5 23.4 6.0999994
      vertex 5 23.849998 6.0999994
    endloop
  endfacet
  facet normal 0 0 1
    outer loop
      vertex 5 23.849998 5.0999994
      vertex 50.4 23.4 5.0999994
      vertex 50.4 23.849998 5.0999994
    endloop
  endfacet
  facet normal 0 0 1
    outer loop
      vertex 50.4 23.4 5.0999994
      vertex 5 23.849998 5.0999994
      vertex 5 23.4 5.0999994
    endloop
  endfacet
  facet normal 1 0 0
    outer loop
      vertex 5 23.4 6.0999994
      vertex 5 23.849998 5.0999994
      vertex 5 23.849998 6.0999994
    endloop
  endfacet
  facet normal 1 0 0
    outer loop
      vertex 5 23.849998 5.0999994
      vertex 5 23.4 6.0999994
      vertex 5 23.4 5.0999994
    endloop
  endfacet
  facet normal 0 -1 0
    outer loop
      vertex 5 23.849998 5.0999994
      vertex 50.4 23.849998 6.0999994
      vertex 5 23.849998 6.0999994
    endloop
  endfacet
  facet normal 0 -1 0
    outer loop
      vertex 50.4 23.849998 6.0999994
      vertex 5 23.849998 5.0999994
      vertex 50.4 23.849998 5.0999994
    endloop
  endfacet
  facet normal 0 -1 0
    outer loop
      vertex 51.4 23.4 1.7999992
      vertex 50.4 23.4 5.0999994
      vertex 4 23.4 1.7999992
    endloop
  endfacet
  facet normal 0 -1 0
    outer loop
      vertex 50.4 23.4 5.0999994
      vertex 51.4 23.4 1.7999992
      vertex 51.4 23.4 3.7999992
    endloop
  endfacet
  facet normal 0 -1 0
    outer loop
      vertex 3 23.4 9
      vertex 5 23.4 6.0999994
      vertex 52.4 23.4 9
    endloop
  endfacet
  facet normal 0 -1 0
    outer loop
      vertex 3 23.4 3.7999992
      vertex 5 23.4 6.0999994
      vertex 3 23.4 9
    endloop
  endfacet
  facet normal 0 -1 0
    outer loop
      vertex 4 23.4 3.7999992
      vertex 5 23.4 5.0999994
      vertex 3 23.4 3.7999992
    endloop
  endfacet
  facet normal 0 -1 0
    outer loop
      vertex 5 23.4 6.0999994
      vertex 3 23.4 3.7999992
      vertex 5 23.4 5.0999994
    endloop
  endfacet
  facet normal 0 -1 0
    outer loop
      vertex 50.4 23.4 6.0999994
      vertex 52.4 23.4 9
      vertex 5 23.4 6.0999994
    endloop
  endfacet
  facet normal 0 -1 0
    outer loop
      vertex 52.4 23.4 3.7999992
      vertex 50.4 23.4 6.0999994
      vertex 50.4 23.4 5.0999994
    endloop
  endfacet
  facet normal 0 -1 0
    outer loop
      vertex 4 23.4 1.7999992
      vertex 5 23.4 5.0999994
      vertex 4 23.4 3.7999992
    endloop
  endfacet
  facet normal 0 -1 0
    outer loop
      vertex 5 23.4 5.0999994
      vertex 4 23.4 1.7999992
      vertex 50.4 23.4 5.0999994
    endloop
  endfacet
  facet normal 0 -1 0
    outer loop
      vertex 52.4 23.4 3.7999992
      vertex 50.4 23.4 5.0999994
      vertex 51.4 23.4 3.7999992
    endloop
  endfacet
  facet normal 0 -1 0
    outer loop
      vertex 50.4 23.4 6.0999994
      vertex 52.4 23.4 3.7999992
      vertex 52.4 23.4 9
    endloop
  endfacet
  facet normal -1 0 0
    outer loop
      vertex 0 22.4 0
      vertex 0 18.7 3.1999998
      vertex 0 22.4 9
    endloop
  endfacet
  facet normal -1 0 0
    outer loop
      vertex 0 22.4 0
      vertex 0 6.7 3.1999998
      vertex 0 18.7 3.1999998
    endloop
  endfacet
  facet normal -1 0 0
    outer loop
      vertex 0 3 0
      vertex 0 6.7 3.1999998
      vertex 0 22.4 0
    endloop
  endfacet
  facet normal -1 0 0
    outer loop
      vertex 0 3 9
      vertex 0 6.7 3.1999998
      vertex 0 3 0
    endloop
  endfacet
  facet normal -1 0 0
    outer loop
      vertex 0 6.7 3.1999998
      vertex 0 3 9
      vertex 0 6.7 9
    endloop
  endfacet
  facet normal -1 0 0
    outer loop
      vertex 0 22.4 9
      vertex 0 18.7 3.1999998
      vertex 0 18.7 9
    endloop
  endfacet
  facet normal -0.74094987 0.67156035 0
    outer loop
      vertex 0.6809683 24.30318 0
      vertex 0.8786793 24.52132 9
      vertex 0.8786793 24.52132 0
    endloop
  endfacet
  facet normal -0.74094987 0.67156035 0
    outer loop
      vertex 0.8786793 24.52132 9
      vertex 0.6809683 24.30318 0
      vertex 0.6809683 24.30318 9
    endloop
  endfacet
  facet normal 0.67156035 -0.74094987 0
    outer loop
      vertex 54.30318 0.6809683 0
      vertex 54.52132 0.8786793 9
      vertex 54.30318 0.6809683 9
    endloop
  endfacet
  facet normal 0.67156035 -0.74094987 0
    outer loop
      vertex 54.52132 0.8786793 9
      vertex 54.30318 0.6809683 0
      vertex 54.52132 0.8786793 0
    endloop
  endfacet
  facet normal 0.5141008 -0.8577298 0
    outer loop
      vertex 53.81419 0.35423565 0
      vertex 54.06671 0.50559044 9
      vertex 53.81419 0.35423565 9
    endloop
  endfacet
  facet normal 0.5141008 -0.8577298 0
    outer loop
      vertex 54.06671 0.50559044 9
      vertex 53.81419 0.35423565 0
      vertex 54.06671 0.50559044 0
    endloop
  endfacet
  facet normal -0.74095136 -0.67155874 0
    outer loop
      vertex 0.8786793 0.8786793 0
      vertex 0.6809683 1.0968199 9
      vertex 0.6809683 1.0968199 0
    endloop
  endfacet
  facet normal -0.74095136 -0.67155874 0
    outer loop
      vertex 0.6809683 1.0968199 9
      vertex 0.8786793 0.8786793 0
      vertex 0.8786793 0.8786793 9
    endloop
  endfacet
  facet normal -0.9700317 -0.24297844 0
    outer loop
      vertex 0.12917805 2.1291456 0
      vertex 0.05764389 2.4147282 9
      vertex 0.05764389 2.4147282 0
    endloop
  endfacet
  facet normal -0.9700317 -0.24297844 0
    outer loop
      vertex 0.05764389 2.4147282 9
      vertex 0.12917805 2.1291456 0
      vertex 0.12917805 2.1291456 9
    endloop
  endfacet
  facet normal -0.67155874 -0.74095136 0
    outer loop
      vertex 0.8786793 0.8786793 0
      vertex 1.0968199 0.6809683 9
      vertex 0.8786793 0.8786793 9
    endloop
  endfacet
  facet normal -0.67155874 -0.74095136 0
    outer loop
      vertex 1.0968199 0.6809683 9
      vertex 0.8786793 0.8786793 0
      vertex 1.0968199 0.6809683 0
    endloop
  endfacet
  facet normal -0.94154286 0.33689326 0
    outer loop
      vertex 0.12917805 23.270855 0
      vertex 0.22836113 23.54805 9
      vertex 0.22836113 23.54805 0
    endloop
  endfacet
  facet normal -0.94154286 0.33689326 0
    outer loop
      vertex 0.22836113 23.54805 9
      vertex 0.12917805 23.270855 0
      vertex 0.12917805 23.270855 9
    endloop
  endfacet
  facet normal -0.5956999 -0.8032071 0
    outer loop
      vertex 1.0968199 0.6809683 0
      vertex 1.3332891 0.50559044 9
      vertex 1.0968199 0.6809683 9
    endloop
  endfacet
  facet normal -0.5956999 -0.8032071 0
    outer loop
      vertex 1.3332891 0.50559044 9
      vertex 1.0968199 0.6809683 0
      vertex 1.3332891 0.50559044 0
    endloop
  endfacet
  facet normal -0.24297844 -0.9700317 0
    outer loop
      vertex 2.1291456 0.12917805 0
      vertex 2.4147282 0.05764389 9
      vertex 2.1291456 0.12917805 9
    endloop
  endfacet
  facet normal -0.24297844 -0.9700317 0
    outer loop
      vertex 2.4147282 0.05764389 9
      vertex 2.1291456 0.12917805 0
      vertex 2.4147282 0.05764389 0
    endloop
  endfacet
  facet normal 0.67156214 0.74094826 0
    outer loop
      vertex 54.52132 24.52132 0
      vertex 54.30318 24.719032 9
      vertex 54.52132 24.52132 9
    endloop
  endfacet
  facet normal 0.67156214 0.74094826 0
    outer loop
      vertex 54.30318 24.719032 9
      vertex 54.52132 24.52132 0
      vertex 54.30318 24.719032 0
    endloop
  endfacet
  facet normal 0.80320865 -0.5956978 0
    outer loop
      vertex 54.719032 1.0968199 9
      vertex 54.89441 1.3332891 0
      vertex 54.89441 1.3332891 9
    endloop
  endfacet
  facet normal 0.80320865 -0.5956978 0
    outer loop
      vertex 54.89441 1.3332891 0
      vertex 54.719032 1.0968199 9
      vertex 54.719032 1.0968199 0
    endloop
  endfacet
  facet normal 0.74094975 -0.6715605 0
    outer loop
      vertex 54.52132 0.8786793 9
      vertex 54.719032 1.0968199 0
      vertex 54.719032 1.0968199 9
    endloop
  endfacet
  facet normal 0.74094975 -0.6715605 0
    outer loop
      vertex 54.719032 1.0968199 0
      vertex 54.52132 0.8786793 9
      vertex 54.52132 0.8786793 0
    endloop
  endfacet
  facet normal 0.049069677 0.99879533 0
    outer loop
      vertex 52.69405 25.385553 0
      vertex 52.4 25.4 9
      vertex 52.69405 25.385553 9
    endloop
  endfacet
  facet normal 0.049069677 0.99879533 0
    outer loop
      vertex 52.4 25.4 9
      vertex 52.69405 25.385553 0
      vertex 52.4 25.4 0
    endloop
  endfacet
  facet normal 0.049066447 -0.9987955 0
    outer loop
      vertex 52.4 0 0
      vertex 52.69405 0.014445305 9
      vertex 52.4 0 9
    endloop
  endfacet
  facet normal 0.049066447 -0.9987955 0
    outer loop
      vertex 52.69405 0.014445305 9
      vertex 52.4 0 0
      vertex 52.69405 0.014445305 0
    endloop
  endfacet
  facet normal -0.42755684 0.9039885 0
    outer loop
      vertex 1.8519497 25.171638 0
      vertex 1.5858097 25.045763 9
      vertex 1.8519497 25.171638 9
    endloop
  endfacet
  facet normal -0.42755684 0.9039885 0
    outer loop
      vertex 1.5858097 25.045763 9
      vertex 1.8519497 25.171638 0
      vertex 1.5858097 25.045763 0
    endloop
  endfacet
  facet normal 0.94154423 -0.33688936 0
    outer loop
      vertex 55.17164 1.8519497 9
      vertex 55.27082 2.1291456 0
      vertex 55.27082 2.1291456 9
    endloop
  endfacet
  facet normal 0.94154423 -0.33688936 0
    outer loop
      vertex 55.27082 2.1291456 0
      vertex 55.17164 1.8519497 9
      vertex 55.17164 1.8519497 0
    endloop
  endfacet
  facet normal 0 -1 0
    outer loop
      vertex 3 0 0
      vertex 52.4 0 9
      vertex 3 0 9
    endloop
  endfacet
  facet normal 0 -1 0
    outer loop
      vertex 52.4 0 9
      vertex 3 0 0
      vertex 52.4 0 0
    endloop
  endfacet
  facet normal -0.8577298 0.5141008 0
    outer loop
      vertex 0.35423565 23.81419 0
      vertex 0.50559044 24.066711 9
      vertex 0.50559044 24.066711 0
    endloop
  endfacet
  facet normal -0.8577298 0.5141008 0
    outer loop
      vertex 0.50559044 24.066711 9
      vertex 0.35423565 23.81419 0
      vertex 0.35423565 23.81419 9
    endloop
  endfacet
  facet normal 1 0 0
    outer loop
      vertex 55.4 3 9
      vertex 55.4 22.4 0
      vertex 55.4 22.4 9
    endloop
  endfacet
  facet normal 1 0 0
    outer loop
      vertex 55.4 22.4 0
      vertex 55.4 3 9
      vertex 55.4 3 0
    endloop
  endfacet
  facet normal 0.97003245 -0.24297538 0
    outer loop
      vertex 55.27082 2.1291456 9
      vertex 55.342354 2.4147282 0
      vertex 55.342354 2.4147282 9
    endloop
  endfacet
  facet normal 0.97003245 -0.24297538 0
    outer loop
      vertex 55.342354 2.4147282 0
      vertex 55.27082 2.1291456 9
      vertex 55.27082 2.1291456 0
    endloop
  endfacet
  facet normal 0.8577341 0.51409364 0
    outer loop
      vertex 55.04576 23.81419 9
      vertex 54.89441 24.066711 0
      vertex 54.89441 24.066711 9
    endloop
  endfacet
  facet normal 0.8577341 0.51409364 0
    outer loop
      vertex 54.89441 24.066711 0
      vertex 55.04576 23.81419 9
      vertex 55.04576 23.81419 0
    endloop
  endfacet
  facet normal 0.99879473 0.049082287 0
    outer loop
      vertex 55.4 22.4 9
      vertex 55.38555 22.69405 0
      vertex 55.38555 22.69405 9
    endloop
  endfacet
  facet normal 0.99879473 0.049082287 0
    outer loop
      vertex 55.38555 22.69405 0
      vertex 55.4 22.4 9
      vertex 55.4 22.4 0
    endloop
  endfacet
  facet normal 0.74094826 0.67156214 0
    outer loop
      vertex 54.719032 24.30318 9
      vertex 54.52132 24.52132 0
      vertex 54.52132 24.52132 9
    endloop
  endfacet
  facet normal 0.74094826 0.67156214 0
    outer loop
      vertex 54.52132 24.52132 0
      vertex 54.719032 24.30318 9
      vertex 54.719032 24.30318 0
    endloop
  endfacet
  facet normal -0.5141022 -0.8577289 0
    outer loop
      vertex 1.3332891 0.50559044 0
      vertex 1.5858097 0.35423565 9
      vertex 1.3332891 0.50559044 9
    endloop
  endfacet
  facet normal -0.5141022 -0.8577289 0
    outer loop
      vertex 1.5858097 0.35423565 9
      vertex 1.3332891 0.50559044 0
      vertex 1.5858097 0.35423565 0
    endloop
  endfacet
  facet normal 0.24298072 0.97003114 0
    outer loop
      vertex 53.270855 25.27082 0
      vertex 52.98527 25.342356 9
      vertex 53.270855 25.27082 9
    endloop
  endfacet
  facet normal 0.24298072 0.97003114 0
    outer loop
      vertex 52.98527 25.342356 9
      vertex 53.270855 25.27082 0
      vertex 52.98527 25.342356 0
    endloop
  endfacet
  facet normal -0.9415432 -0.33689225 0
    outer loop
      vertex 0.22836113 1.8519497 0
      vertex 0.12917805 2.1291456 9
      vertex 0.12917805 2.1291456 0
    endloop
  endfacet
  facet normal -0.9415432 -0.33689225 0
    outer loop
      vertex 0.12917805 2.1291456 9
      vertex 0.22836113 1.8519497 0
      vertex 0.22836113 1.8519497 9
    endloop
  endfacet
  facet normal -0.90398973 -0.42755422 0
    outer loop
      vertex 0.35423565 1.5858097 0
      vertex 0.22836113 1.8519497 9
      vertex 0.22836113 1.8519497 0
    endloop
  endfacet
  facet normal -0.90398973 -0.42755422 0
    outer loop
      vertex 0.22836113 1.8519497 9
      vertex 0.35423565 1.5858097 0
      vertex 0.35423565 1.5858097 9
    endloop
  endfacet
  facet normal 0.903986 -0.42756215 0
    outer loop
      vertex 55.04576 1.5858097 9
      vertex 55.17164 1.8519497 0
      vertex 55.17164 1.8519497 9
    endloop
  endfacet
  facet normal 0.903986 -0.42756215 0
    outer loop
      vertex 55.17164 1.8519497 0
      vertex 55.04576 1.5858097 9
      vertex 55.04576 1.5858097 0
    endloop
  endfacet
  facet normal -0.33689225 -0.9415432 0
    outer loop
      vertex 1.8519497 0.22836113 0
      vertex 2.1291456 0.12917805 9
      vertex 1.8519497 0.22836113 9
    endloop
  endfacet
  facet normal -0.33689225 -0.9415432 0
    outer loop
      vertex 2.1291456 0.12917805 9
      vertex 1.8519497 0.22836113 0
      vertex 2.1291456 0.12917805 0
    endloop
  endfacet
  facet normal 0.14673027 -0.9891765 0
    outer loop
      vertex 52.69405 0.014445305 0
      vertex 52.98527 0.05764389 9
      vertex 52.69405 0.014445305 9
    endloop
  endfacet
  facet normal 0.14673027 -0.9891765 0
    outer loop
      vertex 52.98527 0.05764389 9
      vertex 52.69405 0.014445305 0
      vertex 52.98527 0.05764389 0
    endloop
  endfacet
  facet normal -0.9891765 0.14673027 0
    outer loop
      vertex 0.014445305 22.69405 0
      vertex 0.05764389 22.985271 9
      vertex 0.05764389 22.985271 0
    endloop
  endfacet
  facet normal -0.9891765 0.14673027 0
    outer loop
      vertex 0.05764389 22.985271 9
      vertex 0.014445305 22.69405 0
      vertex 0.014445305 22.69405 9
    endloop
  endfacet
  facet normal 0.98917687 -0.14672804 0
    outer loop
      vertex 55.342354 2.4147282 9
      vertex 55.38555 2.7059479 0
      vertex 55.38555 2.7059479 9
    endloop
  endfacet
  facet normal 0.98917687 -0.14672804 0
    outer loop
      vertex 55.38555 2.7059479 0
      vertex 55.342354 2.4147282 9
      vertex 55.342354 2.4147282 0
    endloop
  endfacet
  facet normal 0 1 0
    outer loop
      vertex 52.4 25.4 0
      vertex 3 25.4 9
      vertex 52.4 25.4 9
    endloop
  endfacet
  facet normal 0 1 0
    outer loop
      vertex 3 25.4 9
      vertex 52.4 25.4 0
      vertex 3 25.4 0
    endloop
  endfacet
  facet normal -0.8577289 -0.5141022 0
    outer loop
      vertex 0.50559044 1.3332891 0
      vertex 0.35423565 1.5858097 9
      vertex 0.35423565 1.5858097 0
    endloop
  endfacet
  facet normal -0.8577289 -0.5141022 0
    outer loop
      vertex 0.35423565 1.5858097 9
      vertex 0.50559044 1.3332891 0
      vertex 0.50559044 1.3332891 9
    endloop
  endfacet
  facet normal 0.5956999 -0.8032071 0
    outer loop
      vertex 54.06671 0.50559044 0
      vertex 54.30318 0.6809683 9
      vertex 54.06671 0.50559044 9
    endloop
  endfacet
  facet normal 0.5956999 -0.8032071 0
    outer loop
      vertex 54.30318 0.6809683 9
      vertex 54.06671 0.50559044 0
      vertex 54.30318 0.6809683 0
    endloop
  endfacet
  facet normal -0.14672804 0.98917687 0
    outer loop
      vertex 2.7059479 25.385553 0
      vertex 2.4147282 25.342356 9
      vertex 2.7059479 25.385553 9
    endloop
  endfacet
  facet normal -0.14672804 0.98917687 0
    outer loop
      vertex 2.4147282 25.342356 9
      vertex 2.7059479 25.385553 0
      vertex 2.4147282 25.342356 0
    endloop
  endfacet
  facet normal -0.049065813 -0.99879557 0
    outer loop
      vertex 2.7059479 0.014445305 0
      vertex 3 0 9
      vertex 2.7059479 0.014445305 9
    endloop
  endfacet
  facet normal -0.049065813 -0.99879557 0
    outer loop
      vertex 3 0 9
      vertex 2.7059479 0.014445305 0
      vertex 3 0 0
    endloop
  endfacet
  facet normal -0.6715605 0.74094975 0
    outer loop
      vertex 1.0968199 24.719032 0
      vertex 0.8786793 24.52132 9
      vertex 1.0968199 24.719032 9
    endloop
  endfacet
  facet normal -0.6715605 0.74094975 0
    outer loop
      vertex 0.8786793 24.52132 9
      vertex 1.0968199 24.719032 0
      vertex 0.8786793 24.52132 0
    endloop
  endfacet
  facet normal -0.24298148 0.9700309 0
    outer loop
      vertex 2.4147282 25.342356 0
      vertex 2.1291456 25.27082 9
      vertex 2.4147282 25.342356 9
    endloop
  endfacet
  facet normal -0.24298148 0.9700309 0
    outer loop
      vertex 2.1291456 25.27082 9
      vertex 2.4147282 25.342356 0
      vertex 2.1291456 25.27082 0
    endloop
  endfacet
  facet normal -0.42755422 -0.90398973 0
    outer loop
      vertex 1.5858097 0.35423565 0
      vertex 1.8519497 0.22836113 9
      vertex 1.5858097 0.35423565 9
    endloop
  endfacet
  facet normal -0.42755422 -0.90398973 0
    outer loop
      vertex 1.8519497 0.22836113 9
      vertex 1.5858097 0.35423565 0
      vertex 1.8519497 0.22836113 0
    endloop
  endfacet
  facet normal 0.97003263 0.24297462 0
    outer loop
      vertex 55.342354 22.985271 9
      vertex 55.27082 23.270855 0
      vertex 55.27082 23.270855 9
    endloop
  endfacet
  facet normal 0.97003263 0.24297462 0
    outer loop
      vertex 55.27082 23.270855 0
      vertex 55.342354 22.985271 9
      vertex 55.342354 22.985271 0
    endloop
  endfacet
  facet normal -0.8032071 -0.5956999 0
    outer loop
      vertex 0.6809683 1.0968199 0
      vertex 0.50559044 1.3332891 9
      vertex 0.50559044 1.3332891 0
    endloop
  endfacet
  facet normal -0.8032071 -0.5956999 0
    outer loop
      vertex 0.50559044 1.3332891 9
      vertex 0.6809683 1.0968199 0
      vertex 0.6809683 1.0968199 9
    endloop
  endfacet
  facet normal 0.99879473 -0.04908197 0
    outer loop
      vertex 55.38555 2.7059479 9
      vertex 55.4 3 0
      vertex 55.4 3 9
    endloop
  endfacet
  facet normal 0.99879473 -0.04908197 0
    outer loop
      vertex 55.4 3 0
      vertex 55.38555 2.7059479 9
      vertex 55.38555 2.7059479 0
    endloop
  endfacet
  facet normal 0.8577332 -0.51409507 0
    outer loop
      vertex 54.89441 1.3332891 9
      vertex 55.04576 1.5858097 0
      vertex 55.04576 1.5858097 9
    endloop
  endfacet
  facet normal 0.8577332 -0.51409507 0
    outer loop
      vertex 55.04576 1.5858097 0
      vertex 54.89441 1.3332891 9
      vertex 54.89441 1.3332891 0
    endloop
  endfacet
  facet normal -0.97003186 0.24297766 0
    outer loop
      vertex 0.05764389 22.985271 0
      vertex 0.12917805 23.270855 9
      vertex 0.12917805 23.270855 0
    endloop
  endfacet
  facet normal -0.97003186 0.24297766 0
    outer loop
      vertex 0.12917805 23.270855 9
      vertex 0.05764389 22.985271 0
      vertex 0.05764389 22.985271 9
    endloop
  endfacet
  facet normal 0.42755422 -0.90398973 0
    outer loop
      vertex 53.54805 0.22836113 0
      vertex 53.81419 0.35423565 9
      vertex 53.54805 0.22836113 9
    endloop
  endfacet
  facet normal 0.42755422 -0.90398973 0
    outer loop
      vertex 53.81419 0.35423565 9
      vertex 53.54805 0.22836113 0
      vertex 53.81419 0.35423565 0
    endloop
  endfacet
  facet normal 0.80320865 0.5956978 0
    outer loop
      vertex 54.89441 24.066711 9
      vertex 54.719032 24.30318 0
      vertex 54.719032 24.30318 9
    endloop
  endfacet
  facet normal 0.80320865 0.5956978 0
    outer loop
      vertex 54.719032 24.30318 0
      vertex 54.89441 24.066711 9
      vertex 54.89441 24.066711 0
    endloop
  endfacet
  facet normal 0.33689326 -0.94154286 0
    outer loop
      vertex 53.270855 0.12917805 0
      vertex 53.54805 0.22836113 9
      vertex 53.270855 0.12917805 9
    endloop
  endfacet
  facet normal 0.33689326 -0.94154286 0
    outer loop
      vertex 53.54805 0.22836113 9
      vertex 53.270855 0.12917805 0
      vertex 53.54805 0.22836113 0
    endloop
  endfacet
  facet normal 0.1467271 0.989177 0
    outer loop
      vertex 52.98527 25.342356 0
      vertex 52.69405 25.385553 9
      vertex 52.98527 25.342356 9
    endloop
  endfacet
  facet normal 0.1467271 0.989177 0
    outer loop
      vertex 52.69405 25.385553 9
      vertex 52.98527 25.342356 0
      vertex 52.69405 25.385553 0
    endloop
  endfacet
  facet normal 0.5956978 0.80320865 0
    outer loop
      vertex 54.30318 24.719032 0
      vertex 54.06671 24.89441 9
      vertex 54.30318 24.719032 9
    endloop
  endfacet
  facet normal 0.5956978 0.80320865 0
    outer loop
      vertex 54.06671 24.89441 9
      vertex 54.30318 24.719032 0
      vertex 54.06671 24.89441 0
    endloop
  endfacet
  facet normal -0.99879557 -0.049065813 0
    outer loop
      vertex 0.014445305 2.7059479 0
      vertex 0 3 9
      vertex 0 3 0
    endloop
  endfacet
  facet normal -0.99879557 -0.049065813 0
    outer loop
      vertex 0 3 9
      vertex 0.014445305 2.7059479 0
      vertex 0.014445305 2.7059479 9
    endloop
  endfacet
  facet normal -0.5956978 0.80320865 0
    outer loop
      vertex 1.3332891 24.89441 0
      vertex 1.0968199 24.719032 9
      vertex 1.3332891 24.89441 9
    endloop
  endfacet
  facet normal -0.5956978 0.80320865 0
    outer loop
      vertex 1.0968199 24.719032 9
      vertex 1.3332891 24.89441 0
      vertex 1.0968199 24.719032 0
    endloop
  endfacet
  facet normal 0 0 -1
    outer loop
      vertex 52.4 0 0
      vertex 55.4 3 0
      vertex 55.38555 2.7059479 0
    endloop
  endfacet
  facet normal 0 0 -1
    outer loop
      vertex 55.4 3 0
      vertex 52.4 0 0
      vertex 55.4 22.4 0
    endloop
  endfacet
  facet normal 0 0 -1
    outer loop
      vertex 52.4 0 0
      vertex 55.38555 2.7059479 0
      vertex 55.342354 2.4147282 0
    endloop
  endfacet
  facet normal 0 0 -1
    outer loop
      vertex 52.4 25.4 0
      vertex 55.4 22.4 0
      vertex 52.4 0 0
    endloop
  endfacet
  facet normal 0 0 -1
    outer loop
      vertex 52.4 0 0
      vertex 55.342354 2.4147282 0
      vertex 55.27082 2.1291456 0
    endloop
  endfacet
  facet normal 0 0 -1
    outer loop
      vertex 55.4 22.4 0
      vertex 52.4 25.4 0
      vertex 55.38555 22.69405 0
    endloop
  endfacet
  facet normal 0 0 -1
    outer loop
      vertex 52.4 0 0
      vertex 55.27082 2.1291456 0
      vertex 55.17164 1.8519497 0
    endloop
  endfacet
  facet normal 0 0 -1
    outer loop
      vertex 55.38555 22.69405 0
      vertex 52.4 25.4 0
      vertex 55.342354 22.985271 0
    endloop
  endfacet
  facet normal 0 0 -1
    outer loop
      vertex 52.4 0 0
      vertex 55.17164 1.8519497 0
      vertex 55.04576 1.5858097 0
    endloop
  endfacet
  facet normal 0 0 -1
    outer loop
      vertex 55.342354 22.985271 0
      vertex 52.4 25.4 0
      vertex 55.27082 23.270855 0
    endloop
  endfacet
  facet normal 0 0 -1
    outer loop
      vertex 52.4 0 0
      vertex 55.04576 1.5858097 0
      vertex 54.89441 1.3332891 0
    endloop
  endfacet
  facet normal 0 0 -1
    outer loop
      vertex 55.27082 23.270855 0
      vertex 52.4 25.4 0
      vertex 55.17164 23.54805 0
    endloop
  endfacet
  facet normal 0 0 -1
    outer loop
      vertex 52.4 0 0
      vertex 54.89441 1.3332891 0
      vertex 54.719032 1.0968199 0
    endloop
  endfacet
  facet normal 0 0 -1
    outer loop
      vertex 55.17164 23.54805 0
      vertex 52.4 25.4 0
      vertex 55.04576 23.81419 0
    endloop
  endfacet
  facet normal 0 0 -1
    outer loop
      vertex 52.4 0 0
      vertex 54.719032 1.0968199 0
      vertex 54.52132 0.8786793 0
    endloop
  endfacet
  facet normal 0 0 -1
    outer loop
      vertex 55.04576 23.81419 0
      vertex 52.4 25.4 0
      vertex 54.89441 24.066711 0
    endloop
  endfacet
  facet normal 0 0 -1
    outer loop
      vertex 52.4 0 0
      vertex 54.52132 0.8786793 0
      vertex 54.30318 0.6809683 0
    endloop
  endfacet
  facet normal 0 0 -1
    outer loop
      vertex 54.89441 24.066711 0
      vertex 52.4 25.4 0
      vertex 54.719032 24.30318 0
    endloop
  endfacet
  facet normal 0 0 -1
    outer loop
      vertex 52.4 0 0
      vertex 54.30318 0.6809683 0
      vertex 54.06671 0.50559044 0
    endloop
  endfacet
  facet normal 0 0 -1
    outer loop
      vertex 54.719032 24.30318 0
      vertex 52.4 25.4 0
      vertex 54.52132 24.52132 0
    endloop
  endfacet
  facet normal 0 0 -1
    outer loop
      vertex 52.4 0 0
      vertex 54.06671 0.50559044 0
      vertex 53.81419 0.35423565 0
    endloop
  endfacet
  facet normal 0 0 -1
    outer loop
      vertex 54.52132 24.52132 0
      vertex 52.4 25.4 0
      vertex 54.30318 24.719032 0
    endloop
  endfacet
  facet normal 0 0 -1
    outer loop
      vertex 52.4 0 0
      vertex 53.81419 0.35423565 0
      vertex 53.54805 0.22836113 0
    endloop
  endfacet
  facet normal 0 0 -1
    outer loop
      vertex 54.30318 24.719032 0
      vertex 52.4 25.4 0
      vertex 54.06671 24.89441 0
    endloop
  endfacet
  facet normal 0 0 -1
    outer loop
      vertex 52.4 0 0
      vertex 53.54805 0.22836113 0
      vertex 53.270855 0.12917805 0
    endloop
  endfacet
  facet normal 0 0 -1
    outer loop
      vertex 54.06671 24.89441 0
      vertex 52.4 25.4 0
      vertex 53.81419 25.045763 0
    endloop
  endfacet
  facet normal 0 0 -1
    outer loop
      vertex 52.4 0 0
      vertex 53.270855 0.12917805 0
      vertex 52.98527 0.05764389 0
    endloop
  endfacet
  facet normal 0 0 -1
    outer loop
      vertex 53.81419 25.045763 0
      vertex 52.4 25.4 0
      vertex 53.54805 25.171638 0
    endloop
  endfacet
  facet normal 0 0 -1
    outer loop
      vertex 52.4 0 0
      vertex 52.98527 0.05764389 0
      vertex 52.69405 0.014445305 0
    endloop
  endfacet
  facet normal 0 0 -1
    outer loop
      vertex 53.54805 25.171638 0
      vertex 52.4 25.4 0
      vertex 53.270855 25.27082 0
    endloop
  endfacet
  facet normal 0 0 -1
    outer loop
      vertex 53.270855 25.27082 0
      vertex 52.4 25.4 0
      vertex 52.98527 25.342356 0
    endloop
  endfacet
  facet normal 0 0 -1
    outer loop
      vertex 52.98527 25.342356 0
      vertex 52.4 25.4 0
      vertex 52.69405 25.385553 0
    endloop
  endfacet
  facet normal 0 0 -1
    outer loop
      vertex 3 0 0
      vertex 52.4 25.4 0
      vertex 52.4 0 0
    endloop
  endfacet
  facet normal 0 0 -1
    outer loop
      vertex 3 0 0
      vertex 3 25.4 0
      vertex 52.4 25.4 0
    endloop
  endfacet
  facet normal 0 0 -1
    outer loop
      vertex 0 3 0
      vertex 3 0 0
      vertex 2.7059479 0.014445305 0
    endloop
  endfacet
  facet normal 0 0 -1
    outer loop
      vertex 3 0 0
      vertex 0 3 0
      vertex 3 25.4 0
    endloop
  endfacet
  facet normal 0 0 -1
    outer loop
      vertex 0 3 0
      vertex 2.7059479 0.014445305 0
      vertex 2.4147282 0.05764389 0
    endloop
  endfacet
  facet normal 0 0 -1
    outer loop
      vertex 0 22.4 0
      vertex 3 25.4 0
      vertex 0 3 0
    endloop
  endfacet
  facet normal 0 0 -1
    outer loop
      vertex 0 3 0
      vertex 2.4147282 0.05764389 0
      vertex 2.1291456 0.12917805 0
    endloop
  endfacet
  facet normal 0 0 -1
    outer loop
      vertex 3 25.4 0
      vertex 0 22.4 0
      vertex 2.7059479 25.385553 0
    endloop
  endfacet
  facet normal 0 0 -1
    outer loop
      vertex 0 3 0
      vertex 2.1291456 0.12917805 0
      vertex 1.8519497 0.22836113 0
    endloop
  endfacet
  facet normal 0 0 -1
    outer loop
      vertex 2.7059479 25.385553 0
      vertex 0 22.4 0
      vertex 2.4147282 25.342356 0
    endloop
  endfacet
  facet normal 0 0 -1
    outer loop
      vertex 0 3 0
      vertex 1.8519497 0.22836113 0
      vertex 1.5858097 0.35423565 0
    endloop
  endfacet
  facet normal 0 0 -1
    outer loop
      vertex 2.4147282 25.342356 0
      vertex 0 22.4 0
      vertex 2.1291456 25.27082 0
    endloop
  endfacet
  facet normal 0 0 -1
    outer loop
      vertex 0 3 0
      vertex 1.5858097 0.35423565 0
      vertex 1.3332891 0.50559044 0
    endloop
  endfacet
  facet normal 0 0 -1
    outer loop
      vertex 2.1291456 25.27082 0
      vertex 0 22.4 0
      vertex 1.8519497 25.171638 0
    endloop
  endfacet
  facet normal 0 0 -1
    outer loop
      vertex 0 3 0
      vertex 1.3332891 0.50559044 0
      vertex 1.0968199 0.6809683 0
    endloop
  endfacet
  facet normal 0 0 -1
    outer loop
      vertex 1.8519497 25.171638 0
      vertex 0 22.4 0
      vertex 1.5858097 25.045763 0
    endloop
  endfacet
  facet normal 0 0 -1
    outer loop
      vertex 0 3 0
      vertex 1.0968199 0.6809683 0
      vertex 0.8786793 0.8786793 0
    endloop
  endfacet
  facet normal 0 0 -1
    outer loop
      vertex 1.5858097 25.045763 0
      vertex 0 22.4 0
      vertex 1.3332891 24.89441 0
    endloop
  endfacet
  facet normal 0 0 -1
    outer loop
      vertex 0 3 0
      vertex 0.8786793 0.8786793 0
      vertex 0.6809683 1.0968199 0
    endloop
  endfacet
  facet normal 0 0 -1
    outer loop
      vertex 1.3332891 24.89441 0
      vertex 0 22.4 0
      vertex 1.0968199 24.719032 0
    endloop
  endfacet
  facet normal 0 0 -1
    outer loop
      vertex 0 3 0
      vertex 0.6809683 1.0968199 0
      vertex 0.50559044 1.3332891 0
    endloop
  endfacet
  facet normal 0 0 -1
    outer loop
      vertex 1.0968199 24.719032 0
      vertex 0 22.4 0
      vertex 0.8786793 24.52132 0
    endloop
  endfacet
  facet normal 0 0 -1
    outer loop
      vertex 0 3 0
      vertex 0.50559044 1.3332891 0
      vertex 0.35423565 1.5858097 0
    endloop
  endfacet
  facet normal 0 0 -1
    outer loop
      vertex 0.8786793 24.52132 0
      vertex 0 22.4 0
      vertex 0.6809683 24.30318 0
    endloop
  endfacet
  facet normal 0 0 -1
    outer loop
      vertex 0 3 0
      vertex 0.35423565 1.5858097 0
      vertex 0.22836113 1.8519497 0
    endloop
  endfacet
  facet normal 0 0 -1
    outer loop
      vertex 0.6809683 24.30318 0
      vertex 0 22.4 0
      vertex 0.50559044 24.066711 0
    endloop
  endfacet
  facet normal 0 0 -1
    outer loop
      vertex 0 3 0
      vertex 0.22836113 1.8519497 0
      vertex 0.12917805 2.1291456 0
    endloop
  endfacet
  facet normal 0 0 -1
    outer loop
      vertex 0.50559044 24.066711 0
      vertex 0 22.4 0
      vertex 0.35423565 23.81419 0
    endloop
  endfacet
  facet normal 0 0 -1
    outer loop
      vertex 0 3 0
      vertex 0.12917805 2.1291456 0
      vertex 0.05764389 2.4147282 0
    endloop
  endfacet
  facet normal 0 0 -1
    outer loop
      vertex 0.35423565 23.81419 0
      vertex 0 22.4 0
      vertex 0.22836113 23.54805 0
    endloop
  endfacet
  facet normal 0 0 -1
    outer loop
      vertex 0 3 0
      vertex 0.05764389 2.4147282 0
      vertex 0.014445305 2.7059479 0
    endloop
  endfacet
  facet normal 0 0 -1
    outer loop
      vertex 0.22836113 23.54805 0
      vertex 0 22.4 0
      vertex 0.12917805 23.270855 0
    endloop
  endfacet
  facet normal 0 0 -1
    outer loop
      vertex 0.12917805 23.270855 0
      vertex 0 22.4 0
      vertex 0.05764389 22.985271 0
    endloop
  endfacet
  facet normal 0 0 -1
    outer loop
      vertex 0.05764389 22.985271 0
      vertex 0 22.4 0
      vertex 0.014445305 22.69405 0
    endloop
  endfacet
  facet normal -0.51409984 0.8577303 0
    outer loop
      vertex 1.5858097 25.045763 0
      vertex 1.3332891 24.89441 9
      vertex 1.5858097 25.045763 9
    endloop
  endfacet
  facet normal -0.51409984 0.8577303 0
    outer loop
      vertex 1.3332891 24.89441 9
      vertex 1.5858097 25.045763 0
      vertex 1.3332891 24.89441 0
    endloop
  endfacet
  facet normal 0.24297766 -0.97003186 0
    outer loop
      vertex 52.98527 0.05764389 0
      vertex 53.270855 0.12917805 9
      vertex 52.98527 0.05764389 9
    endloop
  endfacet
  facet normal 0.24297766 -0.97003186 0
    outer loop
      vertex 53.270855 0.12917805 9
      vertex 52.98527 0.05764389 0
      vertex 53.270855 0.12917805 0
    endloop
  endfacet
  facet normal -0.33688936 0.94154423 0
    outer loop
      vertex 2.1291456 25.27082 0
      vertex 1.8519497 25.171638 9
      vertex 2.1291456 25.27082 9
    endloop
  endfacet
  facet normal -0.33688936 0.94154423 0
    outer loop
      vertex 1.8519497 25.171638 9
      vertex 2.1291456 25.27082 0
      vertex 1.8519497 25.171638 0
    endloop
  endfacet
  facet normal -0.9987955 0.04906613 0
    outer loop
      vertex 0 22.4 0
      vertex 0.014445305 22.69405 9
      vertex 0.014445305 22.69405 0
    endloop
  endfacet
  facet normal -0.9987955 0.04906613 0
    outer loop
      vertex 0.014445305 22.69405 9
      vertex 0 22.4 0
      vertex 0 22.4 9
    endloop
  endfacet
  facet normal 0.42755684 0.9039885 0
    outer loop
      vertex 53.81419 25.045763 0
      vertex 53.54805 25.171638 9
      vertex 53.81419 25.045763 9
    endloop
  endfacet
  facet normal 0.42755684 0.9039885 0
    outer loop
      vertex 53.54805 25.171638 9
      vertex 53.81419 25.045763 0
      vertex 53.54805 25.171638 0
    endloop
  endfacet
  facet normal -0.049069043 0.9987954 0
    outer loop
      vertex 3 25.4 0
      vertex 2.7059479 25.385553 9
      vertex 3 25.4 9
    endloop
  endfacet
  facet normal -0.049069043 0.9987954 0
    outer loop
      vertex 2.7059479 25.385553 9
      vertex 3 25.4 0
      vertex 2.7059479 25.385553 0
    endloop
  endfacet
  facet normal -0.9891764 -0.14673121 0
    outer loop
      vertex 0.05764389 2.4147282 0
      vertex 0.014445305 2.7059479 9
      vertex 0.014445305 2.7059479 0
    endloop
  endfacet
  facet normal -0.9891764 -0.14673121 0
    outer loop
      vertex 0.014445305 2.7059479 9
      vertex 0.05764389 2.4147282 0
      vertex 0.05764389 2.4147282 9
    endloop
  endfacet
  facet normal 0.3368904 0.9415439 0
    outer loop
      vertex 53.54805 25.171638 0
      vertex 53.270855 25.27082 9
      vertex 53.54805 25.171638 9
    endloop
  endfacet
  facet normal 0.3368904 0.9415439 0
    outer loop
      vertex 53.270855 25.27082 9
      vertex 53.54805 25.171638 0
      vertex 53.270855 25.27082 0
    endloop
  endfacet
  facet normal -0.14673121 -0.9891764 0
    outer loop
      vertex 2.4147282 0.05764389 0
      vertex 2.7059479 0.014445305 9
      vertex 2.4147282 0.05764389 9
    endloop
  endfacet
  facet normal -0.14673121 -0.9891764 0
    outer loop
      vertex 2.7059479 0.014445305 9
      vertex 2.4147282 0.05764389 0
      vertex 2.7059479 0.014445305 0
    endloop
  endfacet
  facet normal 0.903986 0.42756215 0
    outer loop
      vertex 55.17164 23.54805 9
      vertex 55.04576 23.81419 0
      vertex 55.04576 23.81419 9
    endloop
  endfacet
  facet normal 0.903986 0.42756215 0
    outer loop
      vertex 55.04576 23.81419 0
      vertex 55.17164 23.54805 9
      vertex 55.17164 23.54805 0
    endloop
  endfacet
  facet normal 0 0 1
    outer loop
      vertex 0 3 9
      vertex 2 3 9
      vertex 2 6.7 9
    endloop
  endfacet
  facet normal 0 0 1
    outer loop
      vertex 0.014445305 2.7059479 9
      vertex 2 3 9
      vertex 0 3 9
    endloop
  endfacet
  facet normal 0 0 1
    outer loop
      vertex 2 3 9
      vertex 1.5858097 0.35423565 9
      vertex 1.8519497 0.22836113 9
    endloop
  endfacet
  facet normal 0 0 1
    outer loop
      vertex 2 3 9
      vertex 1.3332891 0.50559044 9
      vertex 1.5858097 0.35423565 9
    endloop
  endfacet
  facet normal 0 0 1
    outer loop
      vertex 2 3 9
      vertex 1.0968199 0.6809683 9
      vertex 1.3332891 0.50559044 9
    endloop
  endfacet
  facet normal 0 0 1
    outer loop
      vertex 2 3 9
      vertex 0.8786793 0.8786793 9
      vertex 1.0968199 0.6809683 9
    endloop
  endfacet
  facet normal 0 0 1
    outer loop
      vertex 2 3 9
      vertex 0.6809683 1.0968199 9
      vertex 0.8786793 0.8786793 9
    endloop
  endfacet
  facet normal 0 0 1
    outer loop
      vertex 2 3 9
      vertex 0.50559044 1.3332891 9
      vertex 0.6809683 1.0968199 9
    endloop
  endfacet
  facet normal 0 0 1
    outer loop
      vertex 2 3 9
      vertex 0.35423565 1.5858097 9
      vertex 0.50559044 1.3332891 9
    endloop
  endfacet
  facet normal 0 0 1
    outer loop
      vertex 2 3 9
      vertex 0.22836113 1.8519497 9
      vertex 0.35423565 1.5858097 9
    endloop
  endfacet
  facet normal 0 0 1
    outer loop
      vertex 2 3 9
      vertex 0.12917805 2.1291456 9
      vertex 0.22836113 1.8519497 9
    endloop
  endfacet
  facet normal 0 0 1
    outer loop
      vertex 2 3 9
      vertex 0.05764389 2.4147282 9
      vertex 0.12917805 2.1291456 9
    endloop
  endfacet
  facet normal 0 0 1
    outer loop
      vertex 0 3 9
      vertex 2 6.7 9
      vertex 0 6.7 9
    endloop
  endfacet
  facet normal 0 0 1
    outer loop
      vertex 2 3 9
      vertex 0.014445305 2.7059479 9
      vertex 0.05764389 2.4147282 9
    endloop
  endfacet
  facet normal 0 0 1
    outer loop
      vertex 53.4 22.4 9
      vertex 55.4 22.4 9
      vertex 55.38555 22.69405 9
    endloop
  endfacet
  facet normal 0 0 1
    outer loop
      vertex 55.4 22.4 9
      vertex 53.4 22.4 9
      vertex 55.4 3 9
    endloop
  endfacet
  facet normal 0 0 1
    outer loop
      vertex 53.395184 22.498016 9
      vertex 55.38555 22.69405 9
      vertex 55.342354 22.985271 9
    endloop
  endfacet
  facet normal 0 0 1
    outer loop
      vertex 53.4 3 9
      vertex 55.4 3 9
      vertex 53.4 22.4 9
    endloop
  endfacet
  facet normal 0 0 1
    outer loop
      vertex 53.380783 22.595089 9
      vertex 55.342354 22.985271 9
      vertex 55.27082 23.270855 9
    endloop
  endfacet
  facet normal 0 0 1
    outer loop
      vertex 55.4 3 9
      vertex 53.4 3 9
      vertex 55.38555 2.7059479 9
    endloop
  endfacet
  facet normal 0 0 1
    outer loop
      vertex 53.35694 22.690285 9
      vertex 55.27082 23.270855 9
      vertex 55.17164 23.54805 9
    endloop
  endfacet
  facet normal 0 0 1
    outer loop
      vertex 53.395184 2.9019823 9
      vertex 55.38555 2.7059479 9
      vertex 53.4 3 9
    endloop
  endfacet
  facet normal 0 0 1
    outer loop
      vertex 53.32388 22.782684 9
      vertex 55.17164 23.54805 9
      vertex 55.04576 23.81419 9
    endloop
  endfacet
  facet normal 0 0 1
    outer loop
      vertex 55.38555 2.7059479 9
      vertex 53.395184 2.9019823 9
      vertex 55.342354 2.4147282 9
    endloop
  endfacet
  facet normal 0 0 1
    outer loop
      vertex 53.28192 22.871395 9
      vertex 55.04576 23.81419 9
      vertex 54.89441 24.066711 9
    endloop
  endfacet
  facet normal 0 0 1
    outer loop
      vertex 53.380783 2.8049088 9
      vertex 55.342354 2.4147282 9
      vertex 53.395184 2.9019823 9
    endloop
  endfacet
  facet normal 0 0 1
    outer loop
      vertex 53.23147 22.95557 9
      vertex 54.89441 24.066711 9
      vertex 54.719032 24.30318 9
    endloop
  endfacet
  facet normal 0 0 1
    outer loop
      vertex 55.342354 2.4147282 9
      vertex 53.380783 2.8049088 9
      vertex 55.27082 2.1291456 9
    endloop
  endfacet
  facet normal 0 0 1
    outer loop
      vertex 53.17301 23.034393 9
      vertex 54.719032 24.30318 9
      vertex 54.52132 24.52132 9
    endloop
  endfacet
  facet normal 0 0 1
    outer loop
      vertex 53.35694 2.709715 9
      vertex 55.27082 2.1291456 9
      vertex 53.380783 2.8049088 9
    endloop
  endfacet
  facet normal 0 0 1
    outer loop
      vertex 53.107105 23.107105 9
      vertex 54.52132 24.52132 9
      vertex 54.30318 24.719032 9
    endloop
  endfacet
  facet normal 0 0 1
    outer loop
      vertex 55.27082 2.1291456 9
      vertex 53.35694 2.709715 9
      vertex 55.17164 1.8519497 9
    endloop
  endfacet
  facet normal 0 0 1
    outer loop
      vertex 53.034393 23.17301 9
      vertex 54.30318 24.719032 9
      vertex 54.06671 24.89441 9
    endloop
  endfacet
  facet normal 0 0 1
    outer loop
      vertex 53.32388 2.6173162 9
      vertex 55.17164 1.8519497 9
      vertex 53.35694 2.709715 9
    endloop
  endfacet
  facet normal 0 0 1
    outer loop
      vertex 52.95557 23.231468 9
      vertex 54.06671 24.89441 9
      vertex 53.81419 25.045763 9
    endloop
  endfacet
  facet normal 0 0 1
    outer loop
      vertex 55.17164 1.8519497 9
      vertex 53.32388 2.6173162 9
      vertex 55.04576 1.5858097 9
    endloop
  endfacet
  facet normal 0 0 1
    outer loop
      vertex 52.871395 23.281921 9
      vertex 53.81419 25.045763 9
      vertex 53.54805 25.171638 9
    endloop
  endfacet
  facet normal 0 0 1
    outer loop
      vertex 53.28192 2.5286026 9
      vertex 55.04576 1.5858097 9
      vertex 53.32388 2.6173162 9
    endloop
  endfacet
  facet normal 0 0 1
    outer loop
      vertex 55.04576 1.5858097 9
      vertex 53.28192 2.5286026 9
      vertex 54.89441 1.3332891 9
    endloop
  endfacet
  facet normal 0 0 1
    outer loop
      vertex 55.38555 22.69405 9
      vertex 53.395184 22.498016 9
      vertex 53.4 22.4 9
    endloop
  endfacet
  facet normal 0 0 1
    outer loop
      vertex 55.342354 22.985271 9
      vertex 53.380783 22.595089 9
      vertex 53.395184 22.498016 9
    endloop
  endfacet
  facet normal 0 0 1
    outer loop
      vertex 55.27082 23.270855 9
      vertex 53.35694 22.690285 9
      vertex 53.380783 22.595089 9
    endloop
  endfacet
  facet normal 0 0 1
    outer loop
      vertex 55.17164 23.54805 9
      vertex 53.32388 22.782684 9
      vertex 53.35694 22.690285 9
    endloop
  endfacet
  facet normal 0 0 1
    outer loop
      vertex 55.04576 23.81419 9
      vertex 53.28192 22.871395 9
      vertex 53.32388 22.782684 9
    endloop
  endfacet
  facet normal 0 0 1
    outer loop
      vertex 52.782684 23.32388 9
      vertex 53.54805 25.171638 9
      vertex 53.270855 25.27082 9
    endloop
  endfacet
  facet normal 0 0 1
    outer loop
      vertex 54.89441 24.066711 9
      vertex 53.23147 22.95557 9
      vertex 53.28192 22.871395 9
    endloop
  endfacet
  facet normal 0 0 1
    outer loop
      vertex 54.719032 24.30318 9
      vertex 53.17301 23.034393 9
      vertex 53.23147 22.95557 9
    endloop
  endfacet
  facet normal 0 0 1
    outer loop
      vertex 54.52132 24.52132 9
      vertex 53.107105 23.107105 9
      vertex 53.17301 23.034393 9
    endloop
  endfacet
  facet normal 0 0 1
    outer loop
      vertex 54.30318 24.719032 9
      vertex 53.034393 23.17301 9
      vertex 53.107105 23.107105 9
    endloop
  endfacet
  facet normal 0 0 1
    outer loop
      vertex 52.690285 23.356941 9
      vertex 53.270855 25.27082 9
      vertex 52.98527 25.342356 9
    endloop
  endfacet
  facet normal 0 0 1
    outer loop
      vertex 54.06671 24.89441 9
      vertex 52.95557 23.231468 9
      vertex 53.034393 23.17301 9
    endloop
  endfacet
  facet normal 0 0 1
    outer loop
      vertex 53.81419 25.045763 9
      vertex 52.871395 23.281921 9
      vertex 52.95557 23.231468 9
    endloop
  endfacet
  facet normal 0 0 1
    outer loop
      vertex 53.54805 25.171638 9
      vertex 52.782684 23.32388 9
      vertex 52.871395 23.281921 9
    endloop
  endfacet
  facet normal 0 0 1
    outer loop
      vertex 52.59509 23.380785 9
      vertex 52.98527 25.342356 9
      vertex 52.69405 25.385553 9
    endloop
  endfacet
  facet normal 0 0 1
    outer loop
      vertex 53.270855 25.27082 9
      vertex 52.690285 23.356941 9
      vertex 52.782684 23.32388 9
    endloop
  endfacet
  facet normal 0 0 1
    outer loop
      vertex 52.98527 25.342356 9
      vertex 52.59509 23.380785 9
      vertex 52.690285 23.356941 9
    endloop
  endfacet
  facet normal 0 0 1
    outer loop
      vertex 52.69405 25.385553 9
      vertex 52.498016 23.395184 9
      vertex 52.59509 23.380785 9
    endloop
  endfacet
  facet normal 0 0 1
    outer loop
      vertex 52.4 25.4 9
      vertex 52.498016 23.395184 9
      vertex 52.69405 25.385553 9
    endloop
  endfacet
  facet normal 0 0 1
    outer loop
      vertex 52.4 25.4 9
      vertex 52.4 23.4 9
      vertex 52.498016 23.395184 9
    endloop
  endfacet
  facet normal 0 0 1
    outer loop
      vertex 3 25.4 9
      vertex 52.4 23.4 9
      vertex 52.4 25.4 9
    endloop
  endfacet
  facet normal 0 0 1
    outer loop
      vertex 3 25.4 9
      vertex 3 23.4 9
      vertex 52.4 23.4 9
    endloop
  endfacet
  facet normal 0 0 1
    outer loop
      vertex 3 25.4 9
      vertex 2.9019823 23.395184 9
      vertex 3 23.4 9
    endloop
  endfacet
  facet normal 0 0 1
    outer loop
      vertex 2.7059479 25.385553 9
      vertex 2.9019823 23.395184 9
      vertex 3 25.4 9
    endloop
  endfacet
  facet normal 0 0 1
    outer loop
      vertex 2.9019823 23.395184 9
      vertex 2.7059479 25.385553 9
      vertex 2.8049088 23.380785 9
    endloop
  endfacet
  facet normal 0 0 1
    outer loop
      vertex 2.4147282 25.342356 9
      vertex 2.8049088 23.380785 9
      vertex 2.7059479 25.385553 9
    endloop
  endfacet
  facet normal 0 0 1
    outer loop
      vertex 2.8049088 23.380785 9
      vertex 2.4147282 25.342356 9
      vertex 2.709715 23.356941 9
    endloop
  endfacet
  facet normal 0 0 1
    outer loop
      vertex 2.1291456 25.27082 9
      vertex 2.709715 23.356941 9
      vertex 2.4147282 25.342356 9
    endloop
  endfacet
  facet normal 0 0 1
    outer loop
      vertex 2.709715 23.356941 9
      vertex 2.1291456 25.27082 9
      vertex 2.6173162 23.32388 9
    endloop
  endfacet
  facet normal 0 0 1
    outer loop
      vertex 1.8519497 25.171638 9
      vertex 2.6173162 23.32388 9
      vertex 2.1291456 25.27082 9
    endloop
  endfacet
  facet normal 0 0 1
    outer loop
      vertex 2.6173162 23.32388 9
      vertex 1.8519497 25.171638 9
      vertex 2.5286026 23.281921 9
    endloop
  endfacet
  facet normal 0 0 1
    outer loop
      vertex 1.5858097 25.045763 9
      vertex 2.5286026 23.281921 9
      vertex 1.8519497 25.171638 9
    endloop
  endfacet
  facet normal 0 0 1
    outer loop
      vertex 2.5286026 23.281921 9
      vertex 1.5858097 25.045763 9
      vertex 2.4444294 23.231468 9
    endloop
  endfacet
  facet normal 0 0 1
    outer loop
      vertex 1.3332891 24.89441 9
      vertex 2.4444294 23.231468 9
      vertex 1.5858097 25.045763 9
    endloop
  endfacet
  facet normal 0 0 1
    outer loop
      vertex 2.4444294 23.231468 9
      vertex 1.3332891 24.89441 9
      vertex 2.3656063 23.17301 9
    endloop
  endfacet
  facet normal 0 0 1
    outer loop
      vertex 1.0968199 24.719032 9
      vertex 2.3656063 23.17301 9
      vertex 1.3332891 24.89441 9
    endloop
  endfacet
  facet normal 0 0 1
    outer loop
      vertex 2.3656063 23.17301 9
      vertex 1.0968199 24.719032 9
      vertex 2.2928925 23.107105 9
    endloop
  endfacet
  facet normal 0 0 1
    outer loop
      vertex 0.8786793 24.52132 9
      vertex 2.2928925 23.107105 9
      vertex 1.0968199 24.719032 9
    endloop
  endfacet
  facet normal 0 0 1
    outer loop
      vertex 2.2928925 23.107105 9
      vertex 0.8786793 24.52132 9
      vertex 2.2269888 23.034393 9
    endloop
  endfacet
  facet normal 0 0 1
    outer loop
      vertex 0.6809683 24.30318 9
      vertex 2.2269888 23.034393 9
      vertex 0.8786793 24.52132 9
    endloop
  endfacet
  facet normal 0 0 1
    outer loop
      vertex 2.2269888 23.034393 9
      vertex 0.6809683 24.30318 9
      vertex 2.1685295 22.95557 9
    endloop
  endfacet
  facet normal 0 0 1
    outer loop
      vertex 0.50559044 24.066711 9
      vertex 2.1685295 22.95557 9
      vertex 0.6809683 24.30318 9
    endloop
  endfacet
  facet normal 0 0 1
    outer loop
      vertex 2.1685295 22.95557 9
      vertex 0.50559044 24.066711 9
      vertex 2.1180782 22.871395 9
    endloop
  endfacet
  facet normal 0 0 1
    outer loop
      vertex 0.35423565 23.81419 9
      vertex 2.1180782 22.871395 9
      vertex 0.50559044 24.066711 9
    endloop
  endfacet
  facet normal 0 0 1
    outer loop
      vertex 2.1180782 22.871395 9
      vertex 0.35423565 23.81419 9
      vertex 2.0761204 22.782684 9
    endloop
  endfacet
  facet normal 0 0 1
    outer loop
      vertex 0.22836113 23.54805 9
      vertex 2.0761204 22.782684 9
      vertex 0.35423565 23.81419 9
    endloop
  endfacet
  facet normal 0 0 1
    outer loop
      vertex 2.0761204 22.782684 9
      vertex 0.22836113 23.54805 9
      vertex 2.0430593 22.690285 9
    endloop
  endfacet
  facet normal 0 0 1
    outer loop
      vertex 0.12917805 23.270855 9
      vertex 2.0430593 22.690285 9
      vertex 0.22836113 23.54805 9
    endloop
  endfacet
  facet normal 0 0 1
    outer loop
      vertex 2.0430593 22.690285 9
      vertex 0.12917805 23.270855 9
      vertex 2.0192146 22.595089 9
    endloop
  endfacet
  facet normal 0 0 1
    outer loop
      vertex 0.05764389 22.985271 9
      vertex 2.0192146 22.595089 9
      vertex 0.12917805 23.270855 9
    endloop
  endfacet
  facet normal 0 0 1
    outer loop
      vertex 2.0192146 22.595089 9
      vertex 0.05764389 22.985271 9
      vertex 2.004815 22.498016 9
    endloop
  endfacet
  facet normal 0 0 1
    outer loop
      vertex 0.014445305 22.69405 9
      vertex 2.004815 22.498016 9
      vertex 0.05764389 22.985271 9
    endloop
  endfacet
  facet normal 0 0 1
    outer loop
      vertex 2.004815 22.498016 9
      vertex 0.014445305 22.69405 9
      vertex 2 22.4 9
    endloop
  endfacet
  facet normal 0 0 1
    outer loop
      vertex 2 22.4 9
      vertex 0.014445305 22.69405 9
      vertex 0 22.4 9
    endloop
  endfacet
  facet normal 0 0 1
    outer loop
      vertex 2 22.4 9
      vertex 0 22.4 9
      vertex 2 18.7 9
    endloop
  endfacet
  facet normal 0 0 1
    outer loop
      vertex 2 18.7 9
      vertex 0 22.4 9
      vertex 0 18.7 9
    endloop
  endfacet
  facet normal 0 0 1
    outer loop
      vertex 53.23147 2.4444294 9
      vertex 54.89441 1.3332891 9
      vertex 53.28192 2.5286026 9
    endloop
  endfacet
  facet normal 0 0 1
    outer loop
      vertex 54.89441 1.3332891 9
      vertex 53.23147 2.4444294 9
      vertex 54.719032 1.0968199 9
    endloop
  endfacet
  facet normal 0 0 1
    outer loop
      vertex 53.17301 2.3656063 9
      vertex 54.719032 1.0968199 9
      vertex 53.23147 2.4444294 9
    endloop
  endfacet
  facet normal 0 0 1
    outer loop
      vertex 54.719032 1.0968199 9
      vertex 53.17301 2.3656063 9
      vertex 54.52132 0.8786793 9
    endloop
  endfacet
  facet normal 0 0 1
    outer loop
      vertex 53.107105 2.2928925 9
      vertex 54.52132 0.8786793 9
      vertex 53.17301 2.3656063 9
    endloop
  endfacet
  facet normal 0 0 1
    outer loop
      vertex 54.52132 0.8786793 9
      vertex 53.107105 2.2928925 9
      vertex 54.30318 0.6809683 9
    endloop
  endfacet
  facet normal 0 0 1
    outer loop
      vertex 53.034393 2.2269888 9
      vertex 54.30318 0.6809683 9
      vertex 53.107105 2.2928925 9
    endloop
  endfacet
  facet normal 0 0 1
    outer loop
      vertex 54.30318 0.6809683 9
      vertex 53.034393 2.2269888 9
      vertex 54.06671 0.50559044 9
    endloop
  endfacet
  facet normal 0 0 1
    outer loop
      vertex 52.95557 2.1685295 9
      vertex 54.06671 0.50559044 9
      vertex 53.034393 2.2269888 9
    endloop
  endfacet
  facet normal 0 0 1
    outer loop
      vertex 54.06671 0.50559044 9
      vertex 52.95557 2.1685295 9
      vertex 53.81419 0.35423565 9
    endloop
  endfacet
  facet normal 0 0 1
    outer loop
      vertex 52.871395 2.1180782 9
      vertex 53.81419 0.35423565 9
      vertex 52.95557 2.1685295 9
    endloop
  endfacet
  facet normal 0 0 1
    outer loop
      vertex 53.81419 0.35423565 9
      vertex 52.871395 2.1180782 9
      vertex 53.54805 0.22836113 9
    endloop
  endfacet
  facet normal 0 0 1
    outer loop
      vertex 52.782684 2.0761204 9
      vertex 53.54805 0.22836113 9
      vertex 52.871395 2.1180782 9
    endloop
  endfacet
  facet normal 0 0 1
    outer loop
      vertex 53.54805 0.22836113 9
      vertex 52.782684 2.0761204 9
      vertex 53.270855 0.12917805 9
    endloop
  endfacet
  facet normal 0 0 1
    outer loop
      vertex 52.690285 2.0430593 9
      vertex 53.270855 0.12917805 9
      vertex 52.782684 2.0761204 9
    endloop
  endfacet
  facet normal 0 0 1
    outer loop
      vertex 53.270855 0.12917805 9
      vertex 52.690285 2.0430593 9
      vertex 52.98527 0.05764389 9
    endloop
  endfacet
  facet normal 0 0 1
    outer loop
      vertex 52.59509 2.0192146 9
      vertex 52.98527 0.05764389 9
      vertex 52.690285 2.0430593 9
    endloop
  endfacet
  facet normal 0 0 1
    outer loop
      vertex 52.98527 0.05764389 9
      vertex 52.59509 2.0192146 9
      vertex 52.69405 0.014445305 9
    endloop
  endfacet
  facet normal 0 0 1
    outer loop
      vertex 52.498016 2.004815 9
      vertex 52.69405 0.014445305 9
      vertex 52.59509 2.0192146 9
    endloop
  endfacet
  facet normal 0 0 1
    outer loop
      vertex 52.4 2 9
      vertex 52.69405 0.014445305 9
      vertex 52.498016 2.004815 9
    endloop
  endfacet
  facet normal 0 0 1
    outer loop
      vertex 52.4 2 9
      vertex 52.4 0 9
      vertex 52.69405 0.014445305 9
    endloop
  endfacet
  facet normal 0 0 1
    outer loop
      vertex 3 2 9
      vertex 52.4 0 9
      vertex 52.4 2 9
    endloop
  endfacet
  facet normal 0 0 1
    outer loop
      vertex 3 2 9
      vertex 3 0 9
      vertex 52.4 0 9
    endloop
  endfacet
  facet normal 0 0 1
    outer loop
      vertex 2.9019823 2.004815 9
      vertex 3 0 9
      vertex 3 2 9
    endloop
  endfacet
  facet normal 0 0 1
    outer loop
      vertex 2.7059479 0.014445305 9
      vertex 2.9019823 2.004815 9
      vertex 2.8049088 2.0192146 9
    endloop
  endfacet
  facet normal 0 0 1
    outer loop
      vertex 2.4147282 0.05764389 9
      vertex 2.8049088 2.0192146 9
      vertex 2.709715 2.0430593 9
    endloop
  endfacet
  facet normal 0 0 1
    outer loop
      vertex 2.9019823 2.004815 9
      vertex 2.7059479 0.014445305 9
      vertex 3 0 9
    endloop
  endfacet
  facet normal 0 0 1
    outer loop
      vertex 2.1291456 0.12917805 9
      vertex 2.709715 2.0430593 9
      vertex 2.6173162 2.0761204 9
    endloop
  endfacet
  facet normal 0 0 1
    outer loop
      vertex 1.8519497 0.22836113 9
      vertex 2.6173162 2.0761204 9
      vertex 2.5286026 2.1180782 9
    endloop
  endfacet
  facet normal 0 0 1
    outer loop
      vertex 1.8519497 0.22836113 9
      vertex 2.5286026 2.1180782 9
      vertex 2.4444294 2.1685295 9
    endloop
  endfacet
  facet normal 0 0 1
    outer loop
      vertex 2.8049088 2.0192146 9
      vertex 2.4147282 0.05764389 9
      vertex 2.7059479 0.014445305 9
    endloop
  endfacet
  facet normal 0 0 1
    outer loop
      vertex 1.8519497 0.22836113 9
      vertex 2.4444294 2.1685295 9
      vertex 2.3656063 2.2269888 9
    endloop
  endfacet
  facet normal 0 0 1
    outer loop
      vertex 1.8519497 0.22836113 9
      vertex 2.3656063 2.2269888 9
      vertex 2.2928925 2.2928925 9
    endloop
  endfacet
  facet normal 0 0 1
    outer loop
      vertex 1.8519497 0.22836113 9
      vertex 2.2928925 2.2928925 9
      vertex 2.2269888 2.3656063 9
    endloop
  endfacet
  facet normal 0 0 1
    outer loop
      vertex 1.8519497 0.22836113 9
      vertex 2.2269888 2.3656063 9
      vertex 2.1685295 2.4444294 9
    endloop
  endfacet
  facet normal 0 0 1
    outer loop
      vertex 2.709715 2.0430593 9
      vertex 2.1291456 0.12917805 9
      vertex 2.4147282 0.05764389 9
    endloop
  endfacet
  facet normal 0 0 1
    outer loop
      vertex 1.8519497 0.22836113 9
      vertex 2.1685295 2.4444294 9
      vertex 2.1180782 2.5286026 9
    endloop
  endfacet
  facet normal 0 0 1
    outer loop
      vertex 1.8519497 0.22836113 9
      vertex 2.1180782 2.5286026 9
      vertex 2.0761204 2.6173162 9
    endloop
  endfacet
  facet normal 0 0 1
    outer loop
      vertex 1.8519497 0.22836113 9
      vertex 2.0761204 2.6173162 9
      vertex 2.0430593 2.709715 9
    endloop
  endfacet
  facet normal 0 0 1
    outer loop
      vertex 1.8519497 0.22836113 9
      vertex 2.0430593 2.709715 9
      vertex 2.0192146 2.8049088 9
    endloop
  endfacet
  facet normal 0 0 1
    outer loop
      vertex 1.8519497 0.22836113 9
      vertex 2.0192146 2.8049088 9
      vertex 2.004815 2.9019823 9
    endloop
  endfacet
  facet normal 0 0 1
    outer loop
      vertex 1.8519497 0.22836113 9
      vertex 2.004815 2.9019823 9
      vertex 2 3 9
    endloop
  endfacet
  facet normal 0 0 1
    outer loop
      vertex 2.6173162 2.0761204 9
      vertex 1.8519497 0.22836113 9
      vertex 2.1291456 0.12917805 9
    endloop
  endfacet
  facet normal 0.5140984 0.8577312 0
    outer loop
      vertex 54.06671 24.89441 0
      vertex 53.81419 25.045763 9
      vertex 54.06671 24.89441 9
    endloop
  endfacet
  facet normal 0.5140984 0.8577312 0
    outer loop
      vertex 53.81419 25.045763 9
      vertex 54.06671 24.89441 0
      vertex 53.81419 25.045763 0
    endloop
  endfacet
  facet normal -0.90398973 0.42755422 0
    outer loop
      vertex 0.22836113 23.54805 0
      vertex 0.35423565 23.81419 9
      vertex 0.35423565 23.81419 0
    endloop
  endfacet
  facet normal -0.90398973 0.42755422 0
    outer loop
      vertex 0.35423565 23.81419 9
      vertex 0.22836113 23.54805 0
      vertex 0.22836113 23.54805 9
    endloop
  endfacet
  facet normal 0.9415439 0.3368904 0
    outer loop
      vertex 55.27082 23.270855 9
      vertex 55.17164 23.54805 0
      vertex 55.17164 23.54805 9
    endloop
  endfacet
  facet normal 0.9415439 0.3368904 0
    outer loop
      vertex 55.17164 23.54805 0
      vertex 55.27082 23.270855 9
      vertex 55.27082 23.270855 0
    endloop
  endfacet
  facet normal 0.989177 0.1467271 0
    outer loop
      vertex 55.38555 22.69405 9
      vertex 55.342354 22.985271 0
      vertex 55.342354 22.985271 9
    endloop
  endfacet
  facet normal 0.989177 0.1467271 0
    outer loop
      vertex 55.342354 22.985271 0
      vertex 55.38555 22.69405 9
      vertex 55.38555 22.69405 0
    endloop
  endfacet
  facet normal -0.8032071 0.5956999 0
    outer loop
      vertex 0.50559044 24.066711 0
      vertex 0.6809683 24.30318 9
      vertex 0.6809683 24.30318 0
    endloop
  endfacet
  facet normal -0.8032071 0.5956999 0
    outer loop
      vertex 0.6809683 24.30318 9
      vertex 0.50559044 24.066711 0
      vertex 0.50559044 24.066711 9
    endloop
  endfacet
  facet normal 0.6715571 0.7409528 0
    outer loop
      vertex 2.3656063 2.2269888 3.7999992
      vertex 2.2928925 2.2928925 9
      vertex 2.3656063 2.2269888 9
    endloop
  endfacet
  facet normal 0.6715571 0.7409528 0
    outer loop
      vertex 2.2928925 2.2928925 9
      vertex 2.3656063 2.2269888 3.7999992
      vertex 2.2928925 2.2928925 3.7999992
    endloop
  endfacet
  facet normal 0.8577346 -0.5140927 0
    outer loop
      vertex 2.1180782 22.871395 9
      vertex 2.1685295 22.95557 3.7999992
      vertex 2.1685295 22.95557 9
    endloop
  endfacet
  facet normal 0.8577346 -0.5140927 0
    outer loop
      vertex 2.1685295 22.95557 3.7999992
      vertex 2.1180782 22.871395 9
      vertex 2.1180782 22.871395 3.7999992
    endloop
  endfacet
  facet normal 0.8032071 -0.5956999 0
    outer loop
      vertex 2.1685295 22.95557 9
      vertex 2.2269888 23.034393 3.7999992
      vertex 2.2269888 23.034393 9
    endloop
  endfacet
  facet normal 0.8032071 -0.5956999 0
    outer loop
      vertex 2.2269888 23.034393 3.7999992
      vertex 2.1685295 22.95557 9
      vertex 2.1685295 22.95557 3.7999992
    endloop
  endfacet
  facet normal -0.59569365 -0.80321175 0
    outer loop
      vertex 52.95557 23.231468 3.7999992
      vertex 53.034393 23.17301 9
      vertex 52.95557 23.231468 9
    endloop
  endfacet
  facet normal -0.59569365 -0.80321175 0
    outer loop
      vertex 53.034393 23.17301 9
      vertex 52.95557 23.231468 3.7999992
      vertex 53.034393 23.17301 3.7999992
    endloop
  endfacet
  facet normal -0.8577209 0.5141156 0
    outer loop
      vertex 53.23147 2.4444294 3.7999992
      vertex 53.28192 2.5286026 9
      vertex 53.28192 2.5286026 3.7999992
    endloop
  endfacet
  facet normal -0.8577209 0.5141156 0
    outer loop
      vertex 53.28192 2.5286026 9
      vertex 53.23147 2.4444294 3.7999992
      vertex 53.23147 2.4444294 9
    endloop
  endfacet
  facet normal 1 0 0
    outer loop
      vertex 2 3 9
      vertex 2 6.7 3.7999992
      vertex 2 6.7 9
    endloop
  endfacet
  facet normal 1 0 0
    outer loop
      vertex 2 6.7 3.7999992
      vertex 2 3 9
      vertex 2 3 3.7999992
    endloop
  endfacet
  facet normal 1 0 0
    outer loop
      vertex 2 18.7 9
      vertex 2 22.4 3.7999992
      vertex 2 22.4 9
    endloop
  endfacet
  facet normal 1 0 0
    outer loop
      vertex 2 22.4 3.7999992
      vertex 2 18.7 9
      vertex 2 18.7 3.7999992
    endloop
  endfacet
  facet normal 0.9415432 0.33689225 0
    outer loop
      vertex 2.0761204 2.6173162 9
      vertex 2.0430593 2.709715 3.7999992
      vertex 2.0430593 2.709715 9
    endloop
  endfacet
  facet normal 0.9415432 0.33689225 0
    outer loop
      vertex 2.0430593 2.709715 3.7999992
      vertex 2.0761204 2.6173162 9
      vertex 2.0761204 2.6173162 3.7999992
    endloop
  endfacet
  facet normal 0.2429792 0.9700315 0
    outer loop
      vertex 2.8049088 2.0192146 3.7999992
      vertex 2.709715 2.0430593 9
      vertex 2.8049088 2.0192146 9
    endloop
  endfacet
  facet normal 0.2429792 0.9700315 0
    outer loop
      vertex 2.709715 2.0430593 9
      vertex 2.8049088 2.0192146 3.7999992
      vertex 2.709715 2.0430593 3.7999992
    endloop
  endfacet
  facet normal 0.049065653 0.99879557 0
    outer loop
      vertex 3 2 3.7999992
      vertex 2.9019823 2.004815 9
      vertex 3 2 9
    endloop
  endfacet
  facet normal 0.049065653 0.99879557 0
    outer loop
      vertex 2.9019823 2.004815 9
      vertex 3 2 3.7999992
      vertex 2.9019823 2.004815 3.7999992
    endloop
  endfacet
  facet normal 0.33689225 0.9415432 0
    outer loop
      vertex 2.709715 2.0430593 3.7999992
      vertex 2.6173162 2.0761204 9
      vertex 2.709715 2.0430593 9
    endloop
  endfacet
  facet normal 0.33689225 0.9415432 0
    outer loop
      vertex 2.6173162 2.0761204 9
      vertex 2.709715 2.0430593 3.7999992
      vertex 2.6173162 2.0761204 3.7999992
    endloop
  endfacet
  facet normal 0.67156243 -0.74094796 0
    outer loop
      vertex 2.2928925 23.107105 3.7999992
      vertex 2.3656063 23.17301 9
      vertex 2.2928925 23.107105 9
    endloop
  endfacet
  facet normal 0.67156243 -0.74094796 0
    outer loop
      vertex 2.3656063 23.17301 9
      vertex 2.2928925 23.107105 3.7999992
      vertex 2.3656063 23.17301 3.7999992
    endloop
  endfacet
  facet normal 0.14673074 0.98917645 0
    outer loop
      vertex 2.9019823 2.004815 3.7999992
      vertex 2.8049088 2.0192146 9
      vertex 2.9019823 2.004815 9
    endloop
  endfacet
  facet normal 0.14673074 0.98917645 0
    outer loop
      vertex 2.8049088 2.0192146 9
      vertex 2.9019823 2.004815 3.7999992
      vertex 2.8049088 2.0192146 3.7999992
    endloop
  endfacet
  facet normal -0.04906708 0.9987955 0
    outer loop
      vertex 52.498016 2.004815 3.7999992
      vertex 52.4 2 9
      vertex 52.498016 2.004815 9
    endloop
  endfacet
  facet normal -0.04906708 0.9987955 0
    outer loop
      vertex 52.4 2 9
      vertex 52.498016 2.004815 3.7999992
      vertex 52.4 2 3.7999992
    endloop
  endfacet
  facet normal -0.9039862 -0.42756158 0
    outer loop
      vertex 53.32388 22.782684 3.7999992
      vertex 53.28192 22.871395 9
      vertex 53.28192 22.871395 3.7999992
    endloop
  endfacet
  facet normal -0.9039862 -0.42756158 0
    outer loop
      vertex 53.28192 22.871395 9
      vertex 53.32388 22.782684 3.7999992
      vertex 53.32388 22.782684 9
    endloop
  endfacet
  facet normal -1 0 0
    outer loop
      vertex 53.4 3 3.7999992
      vertex 53.4 22.4 9
      vertex 53.4 22.4 3.7999992
    endloop
  endfacet
  facet normal -1 0 0
    outer loop
      vertex 53.4 22.4 9
      vertex 53.4 3 3.7999992
      vertex 53.4 3 9
    endloop
  endfacet
  facet normal 0.9700315 0.2429792 0
    outer loop
      vertex 2.0430593 2.709715 9
      vertex 2.0192146 2.8049088 3.7999992
      vertex 2.0192146 2.8049088 9
    endloop
  endfacet
  facet normal 0.9700315 0.2429792 0
    outer loop
      vertex 2.0192146 2.8049088 3.7999992
      vertex 2.0430593 2.709715 9
      vertex 2.0430593 2.709715 3.7999992
    endloop
  endfacet
  facet normal 0.59569365 -0.80321175 0
    outer loop
      vertex 2.3656063 23.17301 3.7999992
      vertex 2.4444294 23.231468 9
      vertex 2.3656063 23.17301 9
    endloop
  endfacet
  facet normal 0.59569365 -0.80321175 0
    outer loop
      vertex 2.4444294 23.231468 9
      vertex 2.3656063 23.17301 3.7999992
      vertex 2.4444294 23.231468 3.7999992
    endloop
  endfacet
  facet normal -0.049076777 -0.99879503 0
    outer loop
      vertex 52.4 23.4 3.7999992
      vertex 52.498016 23.395184 9
      vertex 52.4 23.4 9
    endloop
  endfacet
  facet normal -0.049076777 -0.99879503 0
    outer loop
      vertex 52.498016 23.395184 9
      vertex 52.4 23.4 3.7999992
      vertex 52.498016 23.395184 3.7999992
    endloop
  endfacet
  facet normal -0.97003955 -0.24294719 0
    outer loop
      vertex 53.380783 22.595089 3.7999992
      vertex 53.35694 22.690285 9
      vertex 53.35694 22.690285 3.7999992
    endloop
  endfacet
  facet normal -0.97003955 -0.24294719 0
    outer loop
      vertex 53.35694 22.690285 9
      vertex 53.380783 22.595089 3.7999992
      vertex 53.380783 22.595089 9
    endloop
  endfacet
  facet normal -0.24296547 -0.97003496 0
    outer loop
      vertex 52.59509 23.380785 3.7999992
      vertex 52.690285 23.356941 9
      vertex 52.59509 23.380785 9
    endloop
  endfacet
  facet normal -0.24296547 -0.97003496 0
    outer loop
      vertex 52.690285 23.356941 9
      vertex 52.59509 23.380785 3.7999992
      vertex 52.690285 23.356941 3.7999992
    endloop
  endfacet
  facet normal 0.9039862 -0.42756158 0
    outer loop
      vertex 2.0761204 22.782684 9
      vertex 2.1180782 22.871395 3.7999992
      vertex 2.1180782 22.871395 9
    endloop
  endfacet
  facet normal 0.9039862 -0.42756158 0
    outer loop
      vertex 2.1180782 22.871395 3.7999992
      vertex 2.0761204 22.782684 9
      vertex 2.0761204 22.782684 3.7999992
    endloop
  endfacet
  facet normal -0.24297462 0.97003263 0
    outer loop
      vertex 52.690285 2.0430593 3.7999992
      vertex 52.59509 2.0192146 9
      vertex 52.690285 2.0430593 9
    endloop
  endfacet
  facet normal -0.24297462 0.97003263 0
    outer loop
      vertex 52.59509 2.0192146 9
      vertex 52.690285 2.0430593 3.7999992
      vertex 52.59509 2.0192146 3.7999992
    endloop
  endfacet
  facet normal -0.9987941 -0.049095213 0
    outer loop
      vertex 53.4 22.4 3.7999992
      vertex 53.395184 22.498016 9
      vertex 53.395184 22.498016 3.7999992
    endloop
  endfacet
  facet normal -0.9987941 -0.049095213 0
    outer loop
      vertex 53.395184 22.498016 9
      vertex 53.4 22.4 3.7999992
      vertex 53.4 22.4 9
    endloop
  endfacet
  facet normal -0.80322105 0.59568113 0
    outer loop
      vertex 53.17301 2.3656063 3.7999992
      vertex 53.23147 2.4444294 9
      vertex 53.23147 2.4444294 3.7999992
    endloop
  endfacet
  facet normal -0.80322105 0.59568113 0
    outer loop
      vertex 53.23147 2.4444294 9
      vertex 53.17301 2.3656063 3.7999992
      vertex 53.17301 2.3656063 9
    endloop
  endfacet
  facet normal 0.9039916 0.42755032 0
    outer loop
      vertex 2.1180782 2.5286026 9
      vertex 2.0761204 2.6173162 3.7999992
      vertex 2.0761204 2.6173162 9
    endloop
  endfacet
  facet normal 0.9039916 0.42755032 0
    outer loop
      vertex 2.0761204 2.6173162 3.7999992
      vertex 2.1180782 2.5286026 9
      vertex 2.1180782 2.5286026 3.7999992
    endloop
  endfacet
  facet normal 0.9987955 -0.04906613 0
    outer loop
      vertex 2 22.4 9
      vertex 2.004815 22.498016 3.7999992
      vertex 2.004815 22.498016 9
    endloop
  endfacet
  facet normal 0.9987955 -0.04906613 0
    outer loop
      vertex 2.004815 22.498016 3.7999992
      vertex 2 22.4 9
      vertex 2 22.4 3.7999992
    endloop
  endfacet
  facet normal 0.9891763 -0.14673215 0
    outer loop
      vertex 2.004815 22.498016 9
      vertex 2.0192146 22.595089 3.7999992
      vertex 2.0192146 22.595089 9
    endloop
  endfacet
  facet normal 0.9891763 -0.14673215 0
    outer loop
      vertex 2.0192146 22.595089 3.7999992
      vertex 2.004815 22.498016 9
      vertex 2.004815 22.498016 3.7999992
    endloop
  endfacet
  facet normal -0.7409383 0.6715731 0
    outer loop
      vertex 53.107105 2.2928925 3.7999992
      vertex 53.17301 2.3656063 9
      vertex 53.17301 2.3656063 3.7999992
    endloop
  endfacet
  facet normal -0.7409383 0.6715731 0
    outer loop
      vertex 53.17301 2.3656063 9
      vertex 53.107105 2.2928925 3.7999992
      vertex 53.107105 2.2928925 9
    endloop
  endfacet
  facet normal -0.33688915 0.9415443 0
    outer loop
      vertex 52.782684 2.0761204 3.7999992
      vertex 52.690285 2.0430593 9
      vertex 52.782684 2.0761204 9
    endloop
  endfacet
  facet normal -0.33688915 0.9415443 0
    outer loop
      vertex 52.690285 2.0430593 9
      vertex 52.782684 2.0761204 3.7999992
      vertex 52.690285 2.0430593 3.7999992
    endloop
  endfacet
  facet normal 0.7409528 0.6715571 0
    outer loop
      vertex 2.2928925 2.2928925 9
      vertex 2.2269888 2.3656063 3.7999992
      vertex 2.2269888 2.3656063 9
    endloop
  endfacet
  facet normal 0.7409528 0.6715571 0
    outer loop
      vertex 2.2269888 2.3656063 3.7999992
      vertex 2.2928925 2.2928925 9
      vertex 2.2928925 2.2928925 3.7999992
    endloop
  endfacet
  facet normal -0.9415401 0.33690086 0
    outer loop
      vertex 53.32388 2.6173162 3.7999992
      vertex 53.35694 2.709715 9
      vertex 53.35694 2.709715 3.7999992
    endloop
  endfacet
  facet normal -0.9415401 0.33690086 0
    outer loop
      vertex 53.35694 2.709715 9
      vertex 53.32388 2.6173162 3.7999992
      vertex 53.32388 2.6173162 9
    endloop
  endfacet
  facet normal 0.049075346 -0.9987951 0
    outer loop
      vertex 2.9019823 23.395184 3.7999992
      vertex 3 23.4 9
      vertex 2.9019823 23.395184 9
    endloop
  endfacet
  facet normal 0.049075346 -0.9987951 0
    outer loop
      vertex 3 23.4 9
      vertex 2.9019823 23.395184 3.7999992
      vertex 3 23.4 3.7999992
    endloop
  endfacet
  facet normal 0.14672123 -0.9891779 0
    outer loop
      vertex 2.8049088 23.380785 3.7999992
      vertex 2.9019823 23.395184 9
      vertex 2.8049088 23.380785 9
    endloop
  endfacet
  facet normal 0.14672123 -0.9891779 0
    outer loop
      vertex 2.9019823 23.395184 9
      vertex 2.8049088 23.380785 3.7999992
      vertex 2.9019823 23.395184 3.7999992
    endloop
  endfacet
  facet normal -0.5956999 0.8032071 0
    outer loop
      vertex 53.034393 2.2269888 3.7999992
      vertex 52.95557 2.1685295 9
      vertex 53.034393 2.2269888 9
    endloop
  endfacet
  facet normal -0.5956999 0.8032071 0
    outer loop
      vertex 52.95557 2.1685295 9
      vertex 53.034393 2.2269888 3.7999992
      vertex 52.95557 2.1685295 3.7999992
    endloop
  endfacet
  facet normal -0.6715721 -0.7409392 0
    outer loop
      vertex 53.034393 23.17301 3.7999992
      vertex 53.107105 23.107105 9
      vertex 53.034393 23.17301 9
    endloop
  endfacet
  facet normal -0.6715721 -0.7409392 0
    outer loop
      vertex 53.107105 23.107105 9
      vertex 53.034393 23.17301 3.7999992
      vertex 53.107105 23.107105 3.7999992
    endloop
  endfacet
  facet normal -0.97003835 0.24295177 0
    outer loop
      vertex 53.35694 2.709715 3.7999992
      vertex 53.380783 2.8049088 9
      vertex 53.380783 2.8049088 3.7999992
    endloop
  endfacet
  facet normal -0.97003835 0.24295177 0
    outer loop
      vertex 53.380783 2.8049088 9
      vertex 53.35694 2.709715 3.7999992
      vertex 53.35694 2.709715 9
    endloop
  endfacet
  facet normal -0.9891751 0.14674026 0
    outer loop
      vertex 53.380783 2.8049088 3.7999992
      vertex 53.395184 2.9019823 9
      vertex 53.395184 2.9019823 3.7999992
    endloop
  endfacet
  facet normal -0.9891751 0.14674026 0
    outer loop
      vertex 53.395184 2.9019823 9
      vertex 53.380783 2.8049088 3.7999992
      vertex 53.380783 2.8049088 9
    endloop
  endfacet
  facet normal -0.42756158 0.9039862 0
    outer loop
      vertex 52.871395 2.1180782 3.7999992
      vertex 52.782684 2.0761204 9
      vertex 52.871395 2.1180782 9
    endloop
  endfacet
  facet normal -0.42756158 0.9039862 0
    outer loop
      vertex 52.782684 2.0761204 9
      vertex 52.871395 2.1180782 3.7999992
      vertex 52.782684 2.0761204 3.7999992
    endloop
  endfacet
  facet normal -0.14673215 0.9891763 0
    outer loop
      vertex 52.59509 2.0192146 3.7999992
      vertex 52.498016 2.004815 9
      vertex 52.59509 2.0192146 9
    endloop
  endfacet
  facet normal -0.14673215 0.9891763 0
    outer loop
      vertex 52.498016 2.004815 9
      vertex 52.59509 2.0192146 3.7999992
      vertex 52.498016 2.004815 3.7999992
    endloop
  endfacet
  facet normal -0.6715668 0.740944 0
    outer loop
      vertex 53.107105 2.2928925 3.7999992
      vertex 53.034393 2.2269888 9
      vertex 53.107105 2.2928925 9
    endloop
  endfacet
  facet normal -0.6715668 0.740944 0
    outer loop
      vertex 53.034393 2.2269888 9
      vertex 53.107105 2.2928925 3.7999992
      vertex 53.034393 2.2269888 3.7999992
    endloop
  endfacet
  facet normal 0.8032071 0.5956999 0
    outer loop
      vertex 2.2269888 2.3656063 9
      vertex 2.1685295 2.4444294 3.7999992
      vertex 2.1685295 2.4444294 9
    endloop
  endfacet
  facet normal 0.8032071 0.5956999 0
    outer loop
      vertex 2.1685295 2.4444294 3.7999992
      vertex 2.2269888 2.3656063 9
      vertex 2.2269888 2.3656063 3.7999992
    endloop
  endfacet
  facet normal -0.94154125 -0.33689776 0
    outer loop
      vertex 53.35694 22.690285 3.7999992
      vertex 53.32388 22.782684 9
      vertex 53.32388 22.782684 3.7999992
    endloop
  endfacet
  facet normal -0.94154125 -0.33689776 0
    outer loop
      vertex 53.32388 22.782684 9
      vertex 53.35694 22.690285 3.7999992
      vertex 53.35694 22.690285 9
    endloop
  endfacet
  facet normal -0.514107 -0.85772604 0
    outer loop
      vertex 52.871395 23.281921 3.7999992
      vertex 52.95557 23.231468 9
      vertex 52.871395 23.281921 9
    endloop
  endfacet
  facet normal -0.514107 -0.85772604 0
    outer loop
      vertex 52.95557 23.231468 9
      vertex 52.871395 23.281921 3.7999992
      vertex 52.95557 23.231468 3.7999992
    endloop
  endfacet
  facet normal -0.98917484 -0.14674166 0
    outer loop
      vertex 53.395184 22.498016 3.7999992
      vertex 53.380783 22.595089 9
      vertex 53.380783 22.595089 3.7999992
    endloop
  endfacet
  facet normal -0.98917484 -0.14674166 0
    outer loop
      vertex 53.380783 22.595089 9
      vertex 53.395184 22.498016 3.7999992
      vertex 53.395184 22.498016 9
    endloop
  endfacet
  facet normal 0.24297005 -0.97003376 0
    outer loop
      vertex 2.709715 23.356941 3.7999992
      vertex 2.8049088 23.380785 9
      vertex 2.709715 23.356941 9
    endloop
  endfacet
  facet normal 0.24297005 -0.97003376 0
    outer loop
      vertex 2.8049088 23.380785 9
      vertex 2.709715 23.356941 3.7999992
      vertex 2.8049088 23.380785 3.7999992
    endloop
  endfacet
  facet normal 0.99879557 0.049065653 0
    outer loop
      vertex 2.004815 2.9019823 9
      vertex 2 3 3.7999992
      vertex 2 3 9
    endloop
  endfacet
  facet normal 0.99879557 0.049065653 0
    outer loop
      vertex 2 3 3.7999992
      vertex 2.004815 2.9019823 9
      vertex 2.004815 2.9019823 3.7999992
    endloop
  endfacet
  facet normal 0.9415443 -0.33688915 0
    outer loop
      vertex 2.0430593 22.690285 9
      vertex 2.0761204 22.782684 3.7999992
      vertex 2.0761204 22.782684 9
    endloop
  endfacet
  facet normal 0.9415443 -0.33688915 0
    outer loop
      vertex 2.0761204 22.782684 3.7999992
      vertex 2.0430593 22.690285 9
      vertex 2.0430593 22.690285 3.7999992
    endloop
  endfacet
  facet normal 0.8577295 0.51410127 0
    outer loop
      vertex 2.1685295 2.4444294 9
      vertex 2.1180782 2.5286026 3.7999992
      vertex 2.1180782 2.5286026 9
    endloop
  endfacet
  facet normal 0.8577295 0.51410127 0
    outer loop
      vertex 2.1180782 2.5286026 3.7999992
      vertex 2.1685295 2.4444294 9
      vertex 2.1685295 2.4444294 3.7999992
    endloop
  endfacet
  facet normal 0.33690086 -0.9415401 0
    outer loop
      vertex 2.6173162 23.32388 3.7999992
      vertex 2.709715 23.356941 9
      vertex 2.6173162 23.32388 9
    endloop
  endfacet
  facet normal 0.33690086 -0.9415401 0
    outer loop
      vertex 2.709715 23.356941 9
      vertex 2.6173162 23.32388 3.7999992
      vertex 2.709715 23.356941 3.7999992
    endloop
  endfacet
  facet normal 0.5956999 0.8032071 0
    outer loop
      vertex 2.4444294 2.1685295 3.7999992
      vertex 2.3656063 2.2269888 9
      vertex 2.4444294 2.1685295 9
    endloop
  endfacet
  facet normal 0.5956999 0.8032071 0
    outer loop
      vertex 2.3656063 2.2269888 9
      vertex 2.4444294 2.1685295 3.7999992
      vertex 2.3656063 2.2269888 3.7999992
    endloop
  endfacet
  facet normal 0.740944 -0.6715668 0
    outer loop
      vertex 2.2269888 23.034393 9
      vertex 2.2928925 23.107105 3.7999992
      vertex 2.2928925 23.107105 9
    endloop
  endfacet
  facet normal 0.740944 -0.6715668 0
    outer loop
      vertex 2.2928925 23.107105 3.7999992
      vertex 2.2269888 23.034393 9
      vertex 2.2269888 23.034393 3.7999992
    endloop
  endfacet
  facet normal -0.80322105 -0.59568113 0
    outer loop
      vertex 53.23147 22.95557 3.7999992
      vertex 53.17301 23.034393 9
      vertex 53.17301 23.034393 3.7999992
    endloop
  endfacet
  facet normal -0.80322105 -0.59568113 0
    outer loop
      vertex 53.17301 23.034393 9
      vertex 53.23147 22.95557 3.7999992
      vertex 53.23147 22.95557 9
    endloop
  endfacet
  facet normal 0.97003263 -0.24297462 0
    outer loop
      vertex 2.0192146 22.595089 9
      vertex 2.0430593 22.690285 3.7999992
      vertex 2.0430593 22.690285 9
    endloop
  endfacet
  facet normal 0.97003263 -0.24297462 0
    outer loop
      vertex 2.0430593 22.690285 3.7999992
      vertex 2.0192146 22.595089 9
      vertex 2.0192146 22.595089 3.7999992
    endloop
  endfacet
  facet normal -0.42756158 -0.9039862 0
    outer loop
      vertex 52.782684 23.32388 3.7999992
      vertex 52.871395 23.281921 9
      vertex 52.782684 23.32388 9
    endloop
  endfacet
  facet normal -0.42756158 -0.9039862 0
    outer loop
      vertex 52.871395 23.281921 9
      vertex 52.782684 23.32388 3.7999992
      vertex 52.871395 23.281921 3.7999992
    endloop
  endfacet
  facet normal -0.14672264 -0.98917764 0
    outer loop
      vertex 52.498016 23.395184 3.7999992
      vertex 52.59509 23.380785 9
      vertex 52.498016 23.395184 9
    endloop
  endfacet
  facet normal -0.14672264 -0.98917764 0
    outer loop
      vertex 52.59509 23.380785 9
      vertex 52.498016 23.395184 3.7999992
      vertex 52.59509 23.380785 3.7999992
    endloop
  endfacet
  facet normal 0.5141156 -0.8577209 0
    outer loop
      vertex 2.4444294 23.231468 3.7999992
      vertex 2.5286026 23.281921 9
      vertex 2.4444294 23.231468 9
    endloop
  endfacet
  facet normal 0.5141156 -0.8577209 0
    outer loop
      vertex 2.5286026 23.281921 9
      vertex 2.4444294 23.231468 3.7999992
      vertex 2.5286026 23.281921 3.7999992
    endloop
  endfacet
  facet normal -0.9039916 0.42755032 0
    outer loop
      vertex 53.28192 2.5286026 3.7999992
      vertex 53.32388 2.6173162 9
      vertex 53.32388 2.6173162 3.7999992
    endloop
  endfacet
  facet normal -0.9039916 0.42755032 0
    outer loop
      vertex 53.32388 2.6173162 9
      vertex 53.28192 2.5286026 3.7999992
      vertex 53.28192 2.5286026 9
    endloop
  endfacet
  facet normal -0.5140927 0.8577346 0
    outer loop
      vertex 52.95557 2.1685295 3.7999992
      vertex 52.871395 2.1180782 9
      vertex 52.95557 2.1685295 9
    endloop
  endfacet
  facet normal -0.5140927 0.8577346 0
    outer loop
      vertex 52.871395 2.1180782 9
      vertex 52.95557 2.1685295 3.7999992
      vertex 52.871395 2.1180782 3.7999992
    endloop
  endfacet
  facet normal -0.33689776 -0.94154125 0
    outer loop
      vertex 52.690285 23.356941 3.7999992
      vertex 52.782684 23.32388 9
      vertex 52.690285 23.356941 9
    endloop
  endfacet
  facet normal -0.33689776 -0.94154125 0
    outer loop
      vertex 52.782684 23.32388 9
      vertex 52.690285 23.356941 3.7999992
      vertex 52.782684 23.32388 3.7999992
    endloop
  endfacet
  facet normal -0.99879414 0.049094737 0
    outer loop
      vertex 53.395184 2.9019823 3.7999992
      vertex 53.4 3 9
      vertex 53.4 3 3.7999992
    endloop
  endfacet
  facet normal -0.99879414 0.049094737 0
    outer loop
      vertex 53.4 3 9
      vertex 53.395184 2.9019823 3.7999992
      vertex 53.395184 2.9019823 9
    endloop
  endfacet
  facet normal 0 0 1
    outer loop
      vertex 2 22.4 3.7999992
      vertex 3 23.4 3.7999992
      vertex 2.9019823 23.395184 3.7999992
    endloop
  endfacet
  facet normal 0 0 1
    outer loop
      vertex 2 22.4 3.7999992
      vertex 2.9019823 23.395184 3.7999992
      vertex 2.8049088 23.380785 3.7999992
    endloop
  endfacet
  facet normal 0 0 1
    outer loop
      vertex 2 22.4 3.7999992
      vertex 2.8049088 23.380785 3.7999992
      vertex 2.709715 23.356941 3.7999992
    endloop
  endfacet
  facet normal 0 0 1
    outer loop
      vertex 2 22.4 3.7999992
      vertex 2.709715 23.356941 3.7999992
      vertex 2.6173162 23.32388 3.7999992
    endloop
  endfacet
  facet normal 0 0 1
    outer loop
      vertex 2 22.4 3.7999992
      vertex 2.6173162 23.32388 3.7999992
      vertex 2.5286026 23.281921 3.7999992
    endloop
  endfacet
  facet normal 0 0 1
    outer loop
      vertex 2 22.4 3.7999992
      vertex 2.5286026 23.281921 3.7999992
      vertex 2.4444294 23.231468 3.7999992
    endloop
  endfacet
  facet normal 0 0 1
    outer loop
      vertex 2 22.4 3.7999992
      vertex 2.4444294 23.231468 3.7999992
      vertex 2.3656063 23.17301 3.7999992
    endloop
  endfacet
  facet normal 0 0 1
    outer loop
      vertex 2 22.4 3.7999992
      vertex 2.3656063 23.17301 3.7999992
      vertex 2.2928925 23.107105 3.7999992
    endloop
  endfacet
  facet normal 0 0 1
    outer loop
      vertex 2 22.4 3.7999992
      vertex 2.2928925 23.107105 3.7999992
      vertex 2.2269888 23.034393 3.7999992
    endloop
  endfacet
  facet normal 0 0 1
    outer loop
      vertex 2 22.4 3.7999992
      vertex 2.2269888 23.034393 3.7999992
      vertex 2.1685295 22.95557 3.7999992
    endloop
  endfacet
  facet normal 0 0 1
    outer loop
      vertex 2 22.4 3.7999992
      vertex 2.1685295 22.95557 3.7999992
      vertex 2.1180782 22.871395 3.7999992
    endloop
  endfacet
  facet normal 0 0 1
    outer loop
      vertex 2 22.4 3.7999992
      vertex 2.1180782 22.871395 3.7999992
      vertex 2.0761204 22.782684 3.7999992
    endloop
  endfacet
  facet normal 0 0 1
    outer loop
      vertex 2 22.4 3.7999992
      vertex 2.0761204 22.782684 3.7999992
      vertex 2.0430593 22.690285 3.7999992
    endloop
  endfacet
  facet normal 0 0 1
    outer loop
      vertex 2 22.4 3.7999992
      vertex 2.0430593 22.690285 3.7999992
      vertex 2.0192146 22.595089 3.7999992
    endloop
  endfacet
  facet normal 0 0 1
    outer loop
      vertex 2 22.4 3.7999992
      vertex 2.0192146 22.595089 3.7999992
      vertex 2.004815 22.498016 3.7999992
    endloop
  endfacet
  facet normal 0 0 1
    outer loop
      vertex 3 23.4 3.7999992
      vertex 2 22.4 3.7999992
      vertex 3 18.7 3.7999992
    endloop
  endfacet
  facet normal 0 0 1
    outer loop
      vertex 3 18.7 3.7999992
      vertex 2 22.4 3.7999992
      vertex 2 18.7 3.7999992
    endloop
  endfacet
  facet normal 0 0 1
    outer loop
      vertex 3 18.7 3.7999992
      vertex 4 23.4 3.7999992
      vertex 3 23.4 3.7999992
    endloop
  endfacet
  facet normal 0 0 1
    outer loop
      vertex 4 23.4 3.7999992
      vertex 3 18.7 3.7999992
      vertex 4 2 3.7999992
    endloop
  endfacet
  facet normal 0 0 1
    outer loop
      vertex 3 6.7 3.7999992
      vertex 4 2 3.7999992
      vertex 3 18.7 3.7999992
    endloop
  endfacet
  facet normal 0 0 1
    outer loop
      vertex 2 3 3.7999992
      vertex 4 2 3.7999992
      vertex 3 6.7 3.7999992
    endloop
  endfacet
  facet normal 0 0 1
    outer loop
      vertex 4 2 3.7999992
      vertex 2 3 3.7999992
      vertex 3 2 3.7999992
    endloop
  endfacet
  facet normal 0 0 1
    outer loop
      vertex 3 2 3.7999992
      vertex 2 3 3.7999992
      vertex 2.9019823 2.004815 3.7999992
    endloop
  endfacet
  facet normal 0 0 1
    outer loop
      vertex 2.9019823 2.004815 3.7999992
      vertex 2 3 3.7999992
      vertex 2.8049088 2.0192146 3.7999992
    endloop
  endfacet
  facet normal 0 0 1
    outer loop
      vertex 2.8049088 2.0192146 3.7999992
      vertex 2 3 3.7999992
      vertex 2.709715 2.0430593 3.7999992
    endloop
  endfacet
  facet normal 0 0 1
    outer loop
      vertex 2.709715 2.0430593 3.7999992
      vertex 2 3 3.7999992
      vertex 2.6173162 2.0761204 3.7999992
    endloop
  endfacet
  facet normal 0 0 1
    outer loop
      vertex 2.6173162 2.0761204 3.7999992
      vertex 2 3 3.7999992
      vertex 2.5286026 2.1180782 3.7999992
    endloop
  endfacet
  facet normal 0 0 1
    outer loop
      vertex 2.5286026 2.1180782 3.7999992
      vertex 2 3 3.7999992
      vertex 2.4444294 2.1685295 3.7999992
    endloop
  endfacet
  facet normal 0 0 1
    outer loop
      vertex 2.4444294 2.1685295 3.7999992
      vertex 2 3 3.7999992
      vertex 2.3656063 2.2269888 3.7999992
    endloop
  endfacet
  facet normal 0 0 1
    outer loop
      vertex 2.3656063 2.2269888 3.7999992
      vertex 2 3 3.7999992
      vertex 2.2928925 2.2928925 3.7999992
    endloop
  endfacet
  facet normal 0 0 1
    outer loop
      vertex 2.2928925 2.2928925 3.7999992
      vertex 2 3 3.7999992
      vertex 2.2269888 2.3656063 3.7999992
    endloop
  endfacet
  facet normal 0 0 1
    outer loop
      vertex 2.2269888 2.3656063 3.7999992
      vertex 2 3 3.7999992
      vertex 2.1685295 2.4444294 3.7999992
    endloop
  endfacet
  facet normal 0 0 1
    outer loop
      vertex 2.1685295 2.4444294 3.7999992
      vertex 2 3 3.7999992
      vertex 2.1180782 2.5286026 3.7999992
    endloop
  endfacet
  facet normal 0 0 1
    outer loop
      vertex 2.1180782 2.5286026 3.7999992
      vertex 2 3 3.7999992
      vertex 2.0761204 2.6173162 3.7999992
    endloop
  endfacet
  facet normal 0 0 1
    outer loop
      vertex 2.0761204 2.6173162 3.7999992
      vertex 2 3 3.7999992
      vertex 2.0430593 2.709715 3.7999992
    endloop
  endfacet
  facet normal 0 0 1
    outer loop
      vertex 2.0430593 2.709715 3.7999992
      vertex 2 3 3.7999992
      vertex 2.0192146 2.8049088 3.7999992
    endloop
  endfacet
  facet normal 0 0 1
    outer loop
      vertex 2 3 3.7999992
      vertex 3 6.7 3.7999992
      vertex 2 6.7 3.7999992
    endloop
  endfacet
  facet normal 0 0 1
    outer loop
      vertex 2.0192146 2.8049088 3.7999992
      vertex 2 3 3.7999992
      vertex 2.004815 2.9019823 3.7999992
    endloop
  endfacet
  facet normal 0 0 1
    outer loop
      vertex 52.4 23.4 3.7999992
      vertex 53.4 22.4 3.7999992
      vertex 53.395184 22.498016 3.7999992
    endloop
  endfacet
  facet normal 0 0 1
    outer loop
      vertex 53.4 22.4 3.7999992
      vertex 51.4 23.4 3.7999992
      vertex 53.4 3 3.7999992
    endloop
  endfacet
  facet normal 0 0 1
    outer loop
      vertex 52.4 23.4 3.7999992
      vertex 53.395184 22.498016 3.7999992
      vertex 53.380783 22.595089 3.7999992
    endloop
  endfacet
  facet normal 0 0 1
    outer loop
      vertex 51.4 2 3.7999992
      vertex 53.4 3 3.7999992
      vertex 51.4 23.4 3.7999992
    endloop
  endfacet
  facet normal 0 0 1
    outer loop
      vertex 52.4 23.4 3.7999992
      vertex 53.380783 22.595089 3.7999992
      vertex 53.35694 22.690285 3.7999992
    endloop
  endfacet
  facet normal 0 0 1
    outer loop
      vertex 52.4 2 3.7999992
      vertex 53.4 3 3.7999992
      vertex 51.4 2 3.7999992
    endloop
  endfacet
  facet normal 0 0 1
    outer loop
      vertex 52.4 23.4 3.7999992
      vertex 53.35694 22.690285 3.7999992
      vertex 53.32388 22.782684 3.7999992
    endloop
  endfacet
  facet normal 0 0 1
    outer loop
      vertex 53.4 3 3.7999992
      vertex 52.4 2 3.7999992
      vertex 53.395184 2.9019823 3.7999992
    endloop
  endfacet
  facet normal 0 0 1
    outer loop
      vertex 52.4 23.4 3.7999992
      vertex 53.32388 22.782684 3.7999992
      vertex 53.28192 22.871395 3.7999992
    endloop
  endfacet
  facet normal 0 0 1
    outer loop
      vertex 53.395184 2.9019823 3.7999992
      vertex 52.4 2 3.7999992
      vertex 53.380783 2.8049088 3.7999992
    endloop
  endfacet
  facet normal 0 0 1
    outer loop
      vertex 52.4 23.4 3.7999992
      vertex 53.28192 22.871395 3.7999992
      vertex 53.23147 22.95557 3.7999992
    endloop
  endfacet
  facet normal 0 0 1
    outer loop
      vertex 53.380783 2.8049088 3.7999992
      vertex 52.4 2 3.7999992
      vertex 53.35694 2.709715 3.7999992
    endloop
  endfacet
  facet normal 0 0 1
    outer loop
      vertex 52.4 23.4 3.7999992
      vertex 53.23147 22.95557 3.7999992
      vertex 53.17301 23.034393 3.7999992
    endloop
  endfacet
  facet normal 0 0 1
    outer loop
      vertex 53.35694 2.709715 3.7999992
      vertex 52.4 2 3.7999992
      vertex 53.32388 2.6173162 3.7999992
    endloop
  endfacet
  facet normal 0 0 1
    outer loop
      vertex 52.4 23.4 3.7999992
      vertex 53.17301 23.034393 3.7999992
      vertex 53.107105 23.107105 3.7999992
    endloop
  endfacet
  facet normal 0 0 1
    outer loop
      vertex 53.32388 2.6173162 3.7999992
      vertex 52.4 2 3.7999992
      vertex 53.28192 2.5286026 3.7999992
    endloop
  endfacet
  facet normal 0 0 1
    outer loop
      vertex 52.4 23.4 3.7999992
      vertex 53.107105 23.107105 3.7999992
      vertex 53.034393 23.17301 3.7999992
    endloop
  endfacet
  facet normal 0 0 1
    outer loop
      vertex 53.28192 2.5286026 3.7999992
      vertex 52.4 2 3.7999992
      vertex 53.23147 2.4444294 3.7999992
    endloop
  endfacet
  facet normal 0 0 1
    outer loop
      vertex 52.4 23.4 3.7999992
      vertex 53.034393 23.17301 3.7999992
      vertex 52.95557 23.231468 3.7999992
    endloop
  endfacet
  facet normal 0 0 1
    outer loop
      vertex 53.23147 2.4444294 3.7999992
      vertex 52.4 2 3.7999992
      vertex 53.17301 2.3656063 3.7999992
    endloop
  endfacet
  facet normal 0 0 1
    outer loop
      vertex 52.4 23.4 3.7999992
      vertex 52.95557 23.231468 3.7999992
      vertex 52.871395 23.281921 3.7999992
    endloop
  endfacet
  facet normal 0 0 1
    outer loop
      vertex 53.17301 2.3656063 3.7999992
      vertex 52.4 2 3.7999992
      vertex 53.107105 2.2928925 3.7999992
    endloop
  endfacet
  facet normal 0 0 1
    outer loop
      vertex 52.4 23.4 3.7999992
      vertex 52.871395 23.281921 3.7999992
      vertex 52.782684 23.32388 3.7999992
    endloop
  endfacet
  facet normal 0 0 1
    outer loop
      vertex 53.107105 2.2928925 3.7999992
      vertex 52.4 2 3.7999992
      vertex 53.034393 2.2269888 3.7999992
    endloop
  endfacet
  facet normal 0 0 1
    outer loop
      vertex 52.4 23.4 3.7999992
      vertex 52.782684 23.32388 3.7999992
      vertex 52.690285 23.356941 3.7999992
    endloop
  endfacet
  facet normal 0 0 1
    outer loop
      vertex 53.034393 2.2269888 3.7999992
      vertex 52.4 2 3.7999992
      vertex 52.95557 2.1685295 3.7999992
    endloop
  endfacet
  facet normal 0 0 1
    outer loop
      vertex 52.4 23.4 3.7999992
      vertex 52.690285 23.356941 3.7999992
      vertex 52.59509 23.380785 3.7999992
    endloop
  endfacet
  facet normal 0 0 1
    outer loop
      vertex 52.95557 2.1685295 3.7999992
      vertex 52.4 2 3.7999992
      vertex 52.871395 2.1180782 3.7999992
    endloop
  endfacet
  facet normal 0 0 1
    outer loop
      vertex 52.4 23.4 3.7999992
      vertex 52.59509 23.380785 3.7999992
      vertex 52.498016 23.395184 3.7999992
    endloop
  endfacet
  facet normal 0 0 1
    outer loop
      vertex 53.4 22.4 3.7999992
      vertex 52.4 23.4 3.7999992
      vertex 51.4 23.4 3.7999992
    endloop
  endfacet
  facet normal 0 0 1
    outer loop
      vertex 52.871395 2.1180782 3.7999992
      vertex 52.4 2 3.7999992
      vertex 52.782684 2.0761204 3.7999992
    endloop
  endfacet
  facet normal 0 0 1
    outer loop
      vertex 52.59509 2.0192146 3.7999992
      vertex 52.4 2 3.7999992
      vertex 52.498016 2.004815 3.7999992
    endloop
  endfacet
  facet normal 0 0 1
    outer loop
      vertex 52.782684 2.0761204 3.7999992
      vertex 52.4 2 3.7999992
      vertex 52.690285 2.0430593 3.7999992
    endloop
  endfacet
  facet normal 0 0 1
    outer loop
      vertex 52.690285 2.0430593 3.7999992
      vertex 52.4 2 3.7999992
      vertex 52.59509 2.0192146 3.7999992
    endloop
  endfacet
  facet normal 0.98917645 0.14673074 0
    outer loop
      vertex 2.0192146 2.8049088 9
      vertex 2.004815 2.9019823 3.7999992
      vertex 2.004815 2.9019823 9
    endloop
  endfacet
  facet normal 0.98917645 0.14673074 0
    outer loop
      vertex 2.004815 2.9019823 3.7999992
      vertex 2.0192146 2.8049088 9
      vertex 2.0192146 2.8049088 3.7999992
    endloop
  endfacet
  facet normal 0.51410127 0.8577295 0
    outer loop
      vertex 2.5286026 2.1180782 3.7999992
      vertex 2.4444294 2.1685295 9
      vertex 2.5286026 2.1180782 9
    endloop
  endfacet
  facet normal 0.51410127 0.8577295 0
    outer loop
      vertex 2.4444294 2.1685295 9
      vertex 2.5286026 2.1180782 3.7999992
      vertex 2.4444294 2.1685295 3.7999992
    endloop
  endfacet
  facet normal 0.42755032 0.9039916 0
    outer loop
      vertex 2.6173162 2.0761204 3.7999992
      vertex 2.5286026 2.1180782 9
      vertex 2.6173162 2.0761204 9
    endloop
  endfacet
  facet normal 0.42755032 0.9039916 0
    outer loop
      vertex 2.5286026 2.1180782 9
      vertex 2.6173162 2.0761204 3.7999992
      vertex 2.5286026 2.1180782 3.7999992
    endloop
  endfacet
  facet normal 0.42755032 -0.9039916 0
    outer loop
      vertex 2.5286026 23.281921 3.7999992
      vertex 2.6173162 23.32388 9
      vertex 2.5286026 23.281921 9
    endloop
  endfacet
  facet normal 0.42755032 -0.9039916 0
    outer loop
      vertex 2.6173162 23.32388 9
      vertex 2.5286026 23.281921 3.7999992
      vertex 2.6173162 23.32388 3.7999992
    endloop
  endfacet
  facet normal -0.85772604 -0.514107 0
    outer loop
      vertex 53.28192 22.871395 3.7999992
      vertex 53.23147 22.95557 9
      vertex 53.23147 22.95557 3.7999992
    endloop
  endfacet
  facet normal -0.85772604 -0.514107 0
    outer loop
      vertex 53.23147 22.95557 9
      vertex 53.28192 22.871395 3.7999992
      vertex 53.28192 22.871395 9
    endloop
  endfacet
  facet normal -0.74092954 -0.67158276 0
    outer loop
      vertex 53.17301 23.034393 3.7999992
      vertex 53.107105 23.107105 9
      vertex 53.107105 23.107105 3.7999992
    endloop
  endfacet
  facet normal -0.74092954 -0.67158276 0
    outer loop
      vertex 53.107105 23.107105 9
      vertex 53.17301 23.034393 3.7999992
      vertex 53.17301 23.034393 9
    endloop
  endfacet
  facet normal -1 0 0
    outer loop
      vertex 51.4 2 1.7999992
      vertex 51.4 23.4 3.7999992
      vertex 51.4 23.4 1.7999992
    endloop
  endfacet
  facet normal -1 0 0
    outer loop
      vertex 51.4 23.4 3.7999992
      vertex 51.4 2 1.7999992
      vertex 51.4 2 3.7999992
    endloop
  endfacet
  facet normal 0 0 1
    outer loop
      vertex 29.61388 18.61943 1.7999992
      vertex 51.4 23.4 1.7999992
      vertex 29.661572 18.809818 1.7999992
    endloop
  endfacet
  facet normal 0 0 1
    outer loop
      vertex 51.4 2 1.7999992
      vertex 29.690369 6.3960342 1.7999992
      vertex 29.7 6.2 1.7999992
    endloop
  endfacet
  facet normal 0 0 1
    outer loop
      vertex 29.54776 18.434631 1.7999992
      vertex 51.4 23.4 1.7999992
      vertex 29.61388 18.61943 1.7999992
    endloop
  endfacet
  facet normal 0 0 1
    outer loop
      vertex 51.4 2 1.7999992
      vertex 29.661572 6.5901804 1.7999992
      vertex 29.690369 6.3960342 1.7999992
    endloop
  endfacet
  facet normal 0 0 1
    outer loop
      vertex 51.4 23.4 1.7999992
      vertex 29.54776 18.434631 1.7999992
      vertex 51.4 2 1.7999992
    endloop
  endfacet
  facet normal 0 0 1
    outer loop
      vertex 51.4 2 1.7999992
      vertex 29.61388 6.780569 1.7999992
      vertex 29.661572 6.5901804 1.7999992
    endloop
  endfacet
  facet normal 0 0 1
    outer loop
      vertex 29.54776 6.9653664 1.7999992
      vertex 51.4 2 1.7999992
      vertex 29.54776 18.434631 1.7999992
    endloop
  endfacet
  facet normal 0 0 1
    outer loop
      vertex 51.4 2 1.7999992
      vertex 29.54776 6.9653664 1.7999992
      vertex 29.61388 6.780569 1.7999992
    endloop
  endfacet
  facet normal 0 0 1
    outer loop
      vertex 29.463842 18.257206 1.7999992
      vertex 29.54776 6.9653664 1.7999992
      vertex 29.54776 18.434631 1.7999992
    endloop
  endfacet
  facet normal 0 0 1
    outer loop
      vertex 29.463842 18.257206 1.7999992
      vertex 29.463842 7.1427927 1.7999992
      vertex 29.54776 6.9653664 1.7999992
    endloop
  endfacet
  facet normal 0 0 1
    outer loop
      vertex 29.362938 18.08886 1.7999992
      vertex 29.463842 7.1427927 1.7999992
      vertex 29.463842 18.257206 1.7999992
    endloop
  endfacet
  facet normal 0 0 1
    outer loop
      vertex 29.362938 18.08886 1.7999992
      vertex 29.362938 7.31114 1.7999992
      vertex 29.463842 7.1427927 1.7999992
    endloop
  endfacet
  facet normal 0 0 1
    outer loop
      vertex 29.246021 17.931213 1.7999992
      vertex 29.362938 7.31114 1.7999992
      vertex 29.362938 18.08886 1.7999992
    endloop
  endfacet
  facet normal 0 0 1
    outer loop
      vertex 29.246021 17.931213 1.7999992
      vertex 29.246021 7.4687862 1.7999992
      vertex 29.362938 7.31114 1.7999992
    endloop
  endfacet
  facet normal 0 0 1
    outer loop
      vertex 29.114212 17.785786 1.7999992
      vertex 29.246021 7.4687862 1.7999992
      vertex 29.246021 17.931213 1.7999992
    endloop
  endfacet
  facet normal 0 0 1
    outer loop
      vertex 29.114212 17.785786 1.7999992
      vertex 29.114212 7.614213 1.7999992
      vertex 29.246021 7.4687862 1.7999992
    endloop
  endfacet
  facet normal 0 0 1
    outer loop
      vertex 28.968786 17.653978 1.7999992
      vertex 29.114212 7.614213 1.7999992
      vertex 29.114212 17.785786 1.7999992
    endloop
  endfacet
  facet normal 0 0 1
    outer loop
      vertex 28.968786 17.653978 1.7999992
      vertex 28.968786 7.7460203 1.7999992
      vertex 29.114212 7.614213 1.7999992
    endloop
  endfacet
  facet normal 0 0 1
    outer loop
      vertex 28.81114 17.53706 1.7999992
      vertex 28.968786 7.7460203 1.7999992
      vertex 28.968786 17.653978 1.7999992
    endloop
  endfacet
  facet normal 0 0 1
    outer loop
      vertex 28.81114 17.53706 1.7999992
      vertex 28.81114 7.862939 1.7999992
      vertex 28.968786 7.7460203 1.7999992
    endloop
  endfacet
  facet normal 0 0 1
    outer loop
      vertex 28.642792 17.436157 1.7999992
      vertex 28.81114 7.862939 1.7999992
      vertex 28.81114 17.53706 1.7999992
    endloop
  endfacet
  facet normal 0 0 1
    outer loop
      vertex 28.642792 17.436157 1.7999992
      vertex 28.642792 7.9638424 1.7999992
      vertex 28.81114 7.862939 1.7999992
    endloop
  endfacet
  facet normal 0 0 1
    outer loop
      vertex 28.465366 17.352242 1.7999992
      vertex 28.642792 7.9638424 1.7999992
      vertex 28.642792 17.436157 1.7999992
    endloop
  endfacet
  facet normal 0 0 1
    outer loop
      vertex 28.465366 17.352242 1.7999992
      vertex 28.465366 8.047759 1.7999992
      vertex 28.642792 7.9638424 1.7999992
    endloop
  endfacet
  facet normal 0 0 1
    outer loop
      vertex 28.28057 17.286118 1.7999992
      vertex 28.465366 8.047759 1.7999992
      vertex 28.465366 17.352242 1.7999992
    endloop
  endfacet
  facet normal 0 0 1
    outer loop
      vertex 28.28057 17.286118 1.7999992
      vertex 28.28057 8.11388 1.7999992
      vertex 28.465366 8.047759 1.7999992
    endloop
  endfacet
  facet normal 0 0 1
    outer loop
      vertex 28.09018 17.23843 1.7999992
      vertex 28.28057 8.11388 1.7999992
      vertex 28.28057 17.286118 1.7999992
    endloop
  endfacet
  facet normal 0 0 1
    outer loop
      vertex 28.09018 17.23843 1.7999992
      vertex 28.09018 8.161571 1.7999992
      vertex 28.28057 8.11388 1.7999992
    endloop
  endfacet
  facet normal 0 0 1
    outer loop
      vertex 27.896034 17.20963 1.7999992
      vertex 28.09018 8.161571 1.7999992
      vertex 28.09018 17.23843 1.7999992
    endloop
  endfacet
  facet normal 0 0 1
    outer loop
      vertex 27.896034 17.20963 1.7999992
      vertex 27.896034 8.190369 1.7999992
      vertex 28.09018 8.161571 1.7999992
    endloop
  endfacet
  facet normal 0 0 1
    outer loop
      vertex 27.7 17.2 1.7999992
      vertex 27.896034 8.190369 1.7999992
      vertex 27.896034 17.20963 1.7999992
    endloop
  endfacet
  facet normal 0 0 1
    outer loop
      vertex 27.7 17.2 1.7999992
      vertex 27.7 8.2 1.7999992
      vertex 27.896034 8.190369 1.7999992
    endloop
  endfacet
  facet normal 0 0 1
    outer loop
      vertex 27.503965 17.20963 1.7999992
      vertex 27.7 8.2 1.7999992
      vertex 27.7 17.2 1.7999992
    endloop
  endfacet
  facet normal 0 0 1
    outer loop
      vertex 27.503965 17.20963 1.7999992
      vertex 27.503965 8.190369 1.7999992
      vertex 27.7 8.2 1.7999992
    endloop
  endfacet
  facet normal 0 0 1
    outer loop
      vertex 27.309818 17.23843 1.7999992
      vertex 27.503965 8.190369 1.7999992
      vertex 27.503965 17.20963 1.7999992
    endloop
  endfacet
  facet normal 0 0 1
    outer loop
      vertex 27.309818 17.23843 1.7999992
      vertex 27.309818 8.161571 1.7999992
      vertex 27.503965 8.190369 1.7999992
    endloop
  endfacet
  facet normal 0 0 1
    outer loop
      vertex 27.11943 17.286118 1.7999992
      vertex 27.309818 8.161571 1.7999992
      vertex 27.309818 17.23843 1.7999992
    endloop
  endfacet
  facet normal 0 0 1
    outer loop
      vertex 27.11943 17.286118 1.7999992
      vertex 27.11943 8.11388 1.7999992
      vertex 27.309818 8.161571 1.7999992
    endloop
  endfacet
  facet normal 0 0 1
    outer loop
      vertex 26.934631 17.352242 1.7999992
      vertex 27.11943 8.11388 1.7999992
      vertex 27.11943 17.286118 1.7999992
    endloop
  endfacet
  facet normal 0 0 1
    outer loop
      vertex 26.934631 17.352242 1.7999992
      vertex 26.934631 8.047759 1.7999992
      vertex 27.11943 8.11388 1.7999992
    endloop
  endfacet
  facet normal 0 0 1
    outer loop
      vertex 26.757206 17.436157 1.7999992
      vertex 26.934631 8.047759 1.7999992
      vertex 26.934631 17.352242 1.7999992
    endloop
  endfacet
  facet normal 0 0 1
    outer loop
      vertex 26.757206 17.436157 1.7999992
      vertex 26.757206 7.9638424 1.7999992
      vertex 26.934631 8.047759 1.7999992
    endloop
  endfacet
  facet normal 0 0 1
    outer loop
      vertex 26.58886 17.53706 1.7999992
      vertex 26.757206 7.9638424 1.7999992
      vertex 26.757206 17.436157 1.7999992
    endloop
  endfacet
  facet normal 0 0 1
    outer loop
      vertex 26.58886 17.53706 1.7999992
      vertex 26.58886 7.862939 1.7999992
      vertex 26.757206 7.9638424 1.7999992
    endloop
  endfacet
  facet normal 0 0 1
    outer loop
      vertex 26.431213 17.653978 1.7999992
      vertex 26.58886 7.862939 1.7999992
      vertex 26.58886 17.53706 1.7999992
    endloop
  endfacet
  facet normal 0 0 1
    outer loop
      vertex 26.431213 17.653978 1.7999992
      vertex 26.431213 7.7460203 1.7999992
      vertex 26.58886 7.862939 1.7999992
    endloop
  endfacet
  facet normal 0 0 1
    outer loop
      vertex 26.285786 17.785786 1.7999992
      vertex 26.431213 7.7460203 1.7999992
      vertex 26.431213 17.653978 1.7999992
    endloop
  endfacet
  facet normal 0 0 1
    outer loop
      vertex 26.285786 17.785786 1.7999992
      vertex 26.285786 7.614213 1.7999992
      vertex 26.431213 7.7460203 1.7999992
    endloop
  endfacet
  facet normal 0 0 1
    outer loop
      vertex 26.153978 17.931213 1.7999992
      vertex 26.285786 7.614213 1.7999992
      vertex 26.285786 17.785786 1.7999992
    endloop
  endfacet
  facet normal 0 0 1
    outer loop
      vertex 26.153978 17.931213 1.7999992
      vertex 26.153978 7.4687862 1.7999992
      vertex 26.285786 7.614213 1.7999992
    endloop
  endfacet
  facet normal 0 0 1
    outer loop
      vertex 26.03706 18.08886 1.7999992
      vertex 26.153978 7.4687862 1.7999992
      vertex 26.153978 17.931213 1.7999992
    endloop
  endfacet
  facet normal 0 0 1
    outer loop
      vertex 26.03706 18.08886 1.7999992
      vertex 26.03706 7.31114 1.7999992
      vertex 26.153978 7.4687862 1.7999992
    endloop
  endfacet
  facet normal 0 0 1
    outer loop
      vertex 25.936157 18.257206 1.7999992
      vertex 26.03706 7.31114 1.7999992
      vertex 26.03706 18.08886 1.7999992
    endloop
  endfacet
  facet normal 0 0 1
    outer loop
      vertex 25.936157 18.257206 1.7999992
      vertex 25.936157 7.1427927 1.7999992
      vertex 26.03706 7.31114 1.7999992
    endloop
  endfacet
  facet normal 0 0 1
    outer loop
      vertex 25.852242 18.434631 1.7999992
      vertex 25.936157 7.1427927 1.7999992
      vertex 25.936157 18.257206 1.7999992
    endloop
  endfacet
  facet normal 0 0 1
    outer loop
      vertex 25.852242 18.434631 1.7999992
      vertex 25.852242 6.9653664 1.7999992
      vertex 25.936157 7.1427927 1.7999992
    endloop
  endfacet
  facet normal 0 0 1
    outer loop
      vertex 4 23.4 1.7999992
      vertex 25.852242 18.434631 1.7999992
      vertex 25.786118 18.61943 1.7999992
    endloop
  endfacet
  facet normal 0 0 1
    outer loop
      vertex 25.852242 18.434631 1.7999992
      vertex 4 23.4 1.7999992
      vertex 25.852242 6.9653664 1.7999992
    endloop
  endfacet
  facet normal 0 0 1
    outer loop
      vertex 4 23.4 1.7999992
      vertex 25.786118 18.61943 1.7999992
      vertex 25.73843 18.809818 1.7999992
    endloop
  endfacet
  facet normal 0 0 1
    outer loop
      vertex 4 2 1.7999992
      vertex 25.852242 6.9653664 1.7999992
      vertex 4 23.4 1.7999992
    endloop
  endfacet
  facet normal 0 0 1
    outer loop
      vertex 4 23.4 1.7999992
      vertex 25.73843 18.809818 1.7999992
      vertex 25.70963 19.003965 1.7999992
    endloop
  endfacet
  facet normal 0 0 1
    outer loop
      vertex 25.852242 6.9653664 1.7999992
      vertex 4 2 1.7999992
      vertex 25.786118 6.780569 1.7999992
    endloop
  endfacet
  facet normal 0 0 1
    outer loop
      vertex 4 23.4 1.7999992
      vertex 25.70963 19.003965 1.7999992
      vertex 25.7 19.2 1.7999992
    endloop
  endfacet
  facet normal 0 0 1
    outer loop
      vertex 25.786118 6.780569 1.7999992
      vertex 4 2 1.7999992
      vertex 25.73843 6.5901804 1.7999992
    endloop
  endfacet
  facet normal 0 0 1
    outer loop
      vertex 29.690369 19.003965 1.7999992
      vertex 51.4 23.4 1.7999992
      vertex 29.7 19.2 1.7999992
    endloop
  endfacet
  facet normal 0 0 1
    outer loop
      vertex 51.4 23.4 1.7999992
      vertex 29.690369 19.396034 1.7999992
      vertex 29.7 19.2 1.7999992
    endloop
  endfacet
  facet normal 0 0 1
    outer loop
      vertex 51.4 23.4 1.7999992
      vertex 29.661572 19.59018 1.7999992
      vertex 29.690369 19.396034 1.7999992
    endloop
  endfacet
  facet normal 0 0 1
    outer loop
      vertex 51.4 23.4 1.7999992
      vertex 29.61388 19.78057 1.7999992
      vertex 29.661572 19.59018 1.7999992
    endloop
  endfacet
  facet normal 0 0 1
    outer loop
      vertex 51.4 23.4 1.7999992
      vertex 29.54776 19.965366 1.7999992
      vertex 29.61388 19.78057 1.7999992
    endloop
  endfacet
  facet normal 0 0 1
    outer loop
      vertex 51.4 23.4 1.7999992
      vertex 29.463842 20.142792 1.7999992
      vertex 29.54776 19.965366 1.7999992
    endloop
  endfacet
  facet normal 0 0 1
    outer loop
      vertex 51.4 23.4 1.7999992
      vertex 29.362938 20.31114 1.7999992
      vertex 29.463842 20.142792 1.7999992
    endloop
  endfacet
  facet normal 0 0 1
    outer loop
      vertex 51.4 23.4 1.7999992
      vertex 29.246021 20.468786 1.7999992
      vertex 29.362938 20.31114 1.7999992
    endloop
  endfacet
  facet normal 0 0 1
    outer loop
      vertex 51.4 23.4 1.7999992
      vertex 29.114212 20.614212 1.7999992
      vertex 29.246021 20.468786 1.7999992
    endloop
  endfacet
  facet normal 0 0 1
    outer loop
      vertex 51.4 23.4 1.7999992
      vertex 28.968786 20.746021 1.7999992
      vertex 29.114212 20.614212 1.7999992
    endloop
  endfacet
  facet normal 0 0 1
    outer loop
      vertex 51.4 23.4 1.7999992
      vertex 28.81114 20.862938 1.7999992
      vertex 28.968786 20.746021 1.7999992
    endloop
  endfacet
  facet normal 0 0 1
    outer loop
      vertex 51.4 23.4 1.7999992
      vertex 28.642792 20.963842 1.7999992
      vertex 28.81114 20.862938 1.7999992
    endloop
  endfacet
  facet normal 0 0 1
    outer loop
      vertex 51.4 23.4 1.7999992
      vertex 28.465366 21.04776 1.7999992
      vertex 28.642792 20.963842 1.7999992
    endloop
  endfacet
  facet normal 0 0 1
    outer loop
      vertex 51.4 23.4 1.7999992
      vertex 28.28057 21.11388 1.7999992
      vertex 28.465366 21.04776 1.7999992
    endloop
  endfacet
  facet normal 0 0 1
    outer loop
      vertex 51.4 23.4 1.7999992
      vertex 28.09018 21.161572 1.7999992
      vertex 28.28057 21.11388 1.7999992
    endloop
  endfacet
  facet normal 0 0 1
    outer loop
      vertex 51.4 23.4 1.7999992
      vertex 27.896034 21.190369 1.7999992
      vertex 28.09018 21.161572 1.7999992
    endloop
  endfacet
  facet normal 0 0 1
    outer loop
      vertex 51.4 23.4 1.7999992
      vertex 27.7 21.2 1.7999992
      vertex 27.896034 21.190369 1.7999992
    endloop
  endfacet
  facet normal 0 0 1
    outer loop
      vertex 4 23.4 1.7999992
      vertex 27.7 21.2 1.7999992
      vertex 51.4 23.4 1.7999992
    endloop
  endfacet
  facet normal 0 0 1
    outer loop
      vertex 25.73843 6.5901804 1.7999992
      vertex 4 2 1.7999992
      vertex 25.70963 6.3960342 1.7999992
    endloop
  endfacet
  facet normal 0 0 1
    outer loop
      vertex 25.70963 19.396034 1.7999992
      vertex 4 23.4 1.7999992
      vertex 25.7 19.2 1.7999992
    endloop
  endfacet
  facet normal 0 0 1
    outer loop
      vertex 25.73843 19.59018 1.7999992
      vertex 4 23.4 1.7999992
      vertex 25.70963 19.396034 1.7999992
    endloop
  endfacet
  facet normal 0 0 1
    outer loop
      vertex 25.786118 19.78057 1.7999992
      vertex 4 23.4 1.7999992
      vertex 25.73843 19.59018 1.7999992
    endloop
  endfacet
  facet normal 0 0 1
    outer loop
      vertex 25.852242 19.965366 1.7999992
      vertex 4 23.4 1.7999992
      vertex 25.786118 19.78057 1.7999992
    endloop
  endfacet
  facet normal 0 0 1
    outer loop
      vertex 25.936157 20.142792 1.7999992
      vertex 4 23.4 1.7999992
      vertex 25.852242 19.965366 1.7999992
    endloop
  endfacet
  facet normal 0 0 1
    outer loop
      vertex 26.03706 20.31114 1.7999992
      vertex 4 23.4 1.7999992
      vertex 25.936157 20.142792 1.7999992
    endloop
  endfacet
  facet normal 0 0 1
    outer loop
      vertex 26.153978 20.468786 1.7999992
      vertex 4 23.4 1.7999992
      vertex 26.03706 20.31114 1.7999992
    endloop
  endfacet
  facet normal 0 0 1
    outer loop
      vertex 26.285786 20.614212 1.7999992
      vertex 4 23.4 1.7999992
      vertex 26.153978 20.468786 1.7999992
    endloop
  endfacet
  facet normal 0 0 1
    outer loop
      vertex 26.431213 20.746021 1.7999992
      vertex 4 23.4 1.7999992
      vertex 26.285786 20.614212 1.7999992
    endloop
  endfacet
  facet normal 0 0 1
    outer loop
      vertex 26.58886 20.862938 1.7999992
      vertex 4 23.4 1.7999992
      vertex 26.431213 20.746021 1.7999992
    endloop
  endfacet
  facet normal 0 0 1
    outer loop
      vertex 26.757206 20.963842 1.7999992
      vertex 4 23.4 1.7999992
      vertex 26.58886 20.862938 1.7999992
    endloop
  endfacet
  facet normal 0 0 1
    outer loop
      vertex 26.934631 21.04776 1.7999992
      vertex 4 23.4 1.7999992
      vertex 26.757206 20.963842 1.7999992
    endloop
  endfacet
  facet normal 0 0 1
    outer loop
      vertex 27.11943 21.11388 1.7999992
      vertex 4 23.4 1.7999992
      vertex 26.934631 21.04776 1.7999992
    endloop
  endfacet
  facet normal 0 0 1
    outer loop
      vertex 27.309818 21.161572 1.7999992
      vertex 4 23.4 1.7999992
      vertex 27.11943 21.11388 1.7999992
    endloop
  endfacet
  facet normal 0 0 1
    outer loop
      vertex 27.503965 21.190369 1.7999992
      vertex 4 23.4 1.7999992
      vertex 27.309818 21.161572 1.7999992
    endloop
  endfacet
  facet normal 0 0 1
    outer loop
      vertex 27.7 21.2 1.7999992
      vertex 4 23.4 1.7999992
      vertex 27.503965 21.190369 1.7999992
    endloop
  endfacet
  facet normal 0 0 1
    outer loop
      vertex 29.661572 18.809818 1.7999992
      vertex 51.4 23.4 1.7999992
      vertex 29.690369 19.003965 1.7999992
    endloop
  endfacet
  facet normal 0 0 1
    outer loop
      vertex 29.690369 6.0039654 1.7999992
      vertex 51.4 2 1.7999992
      vertex 29.7 6.2 1.7999992
    endloop
  endfacet
  facet normal 0 0 1
    outer loop
      vertex 29.661572 5.809819 1.7999992
      vertex 51.4 2 1.7999992
      vertex 29.690369 6.0039654 1.7999992
    endloop
  endfacet
  facet normal 0 0 1
    outer loop
      vertex 29.61388 5.6194305 1.7999992
      vertex 51.4 2 1.7999992
      vertex 29.661572 5.809819 1.7999992
    endloop
  endfacet
  facet normal 0 0 1
    outer loop
      vertex 29.54776 5.4346323 1.7999992
      vertex 51.4 2 1.7999992
      vertex 29.61388 5.6194305 1.7999992
    endloop
  endfacet
  facet normal 0 0 1
    outer loop
      vertex 29.463842 5.257206 1.7999992
      vertex 51.4 2 1.7999992
      vertex 29.54776 5.4346323 1.7999992
    endloop
  endfacet
  facet normal 0 0 1
    outer loop
      vertex 29.362938 5.0888586 1.7999992
      vertex 51.4 2 1.7999992
      vertex 29.463842 5.257206 1.7999992
    endloop
  endfacet
  facet normal 0 0 1
    outer loop
      vertex 29.246021 4.9312134 1.7999992
      vertex 51.4 2 1.7999992
      vertex 29.362938 5.0888586 1.7999992
    endloop
  endfacet
  facet normal 0 0 1
    outer loop
      vertex 29.114212 4.7857857 1.7999992
      vertex 51.4 2 1.7999992
      vertex 29.246021 4.9312134 1.7999992
    endloop
  endfacet
  facet normal 0 0 1
    outer loop
      vertex 28.968786 4.6539783 1.7999992
      vertex 51.4 2 1.7999992
      vertex 29.114212 4.7857857 1.7999992
    endloop
  endfacet
  facet normal 0 0 1
    outer loop
      vertex 28.81114 4.5370607 1.7999992
      vertex 51.4 2 1.7999992
      vertex 28.968786 4.6539783 1.7999992
    endloop
  endfacet
  facet normal 0 0 1
    outer loop
      vertex 28.642792 4.436157 1.7999992
      vertex 51.4 2 1.7999992
      vertex 28.81114 4.5370607 1.7999992
    endloop
  endfacet
  facet normal 0 0 1
    outer loop
      vertex 28.465366 4.3522406 1.7999992
      vertex 51.4 2 1.7999992
      vertex 28.642792 4.436157 1.7999992
    endloop
  endfacet
  facet normal 0 0 1
    outer loop
      vertex 28.28057 4.2861185 1.7999992
      vertex 51.4 2 1.7999992
      vertex 28.465366 4.3522406 1.7999992
    endloop
  endfacet
  facet normal 0 0 1
    outer loop
      vertex 28.09018 4.238429 1.7999992
      vertex 51.4 2 1.7999992
      vertex 28.28057 4.2861185 1.7999992
    endloop
  endfacet
  facet normal 0 0 1
    outer loop
      vertex 27.896034 4.20963 1.7999992
      vertex 51.4 2 1.7999992
      vertex 28.09018 4.238429 1.7999992
    endloop
  endfacet
  facet normal 0 0 1
    outer loop
      vertex 27.7 4.2 1.7999992
      vertex 51.4 2 1.7999992
      vertex 27.896034 4.20963 1.7999992
    endloop
  endfacet
  facet normal 0 0 1
    outer loop
      vertex 4 2 1.7999992
      vertex 27.7 4.2 1.7999992
      vertex 27.503965 4.20963 1.7999992
    endloop
  endfacet
  facet normal 0 0 1
    outer loop
      vertex 25.70963 6.3960342 1.7999992
      vertex 4 2 1.7999992
      vertex 25.7 6.2 1.7999992
    endloop
  endfacet
  facet normal 0 0 1
    outer loop
      vertex 25.7 6.2 1.7999992
      vertex 4 2 1.7999992
      vertex 25.70963 6.0039654 1.7999992
    endloop
  endfacet
  facet normal 0 0 1
    outer loop
      vertex 25.70963 6.0039654 1.7999992
      vertex 4 2 1.7999992
      vertex 25.73843 5.809819 1.7999992
    endloop
  endfacet
  facet normal 0 0 1
    outer loop
      vertex 25.73843 5.809819 1.7999992
      vertex 4 2 1.7999992
      vertex 25.786118 5.6194305 1.7999992
    endloop
  endfacet
  facet normal 0 0 1
    outer loop
      vertex 25.786118 5.6194305 1.7999992
      vertex 4 2 1.7999992
      vertex 25.852242 5.4346323 1.7999992
    endloop
  endfacet
  facet normal 0 0 1
    outer loop
      vertex 25.852242 5.4346323 1.7999992
      vertex 4 2 1.7999992
      vertex 25.936157 5.257206 1.7999992
    endloop
  endfacet
  facet normal 0 0 1
    outer loop
      vertex 25.936157 5.257206 1.7999992
      vertex 4 2 1.7999992
      vertex 26.03706 5.0888586 1.7999992
    endloop
  endfacet
  facet normal 0 0 1
    outer loop
      vertex 26.03706 5.0888586 1.7999992
      vertex 4 2 1.7999992
      vertex 26.153978 4.9312134 1.7999992
    endloop
  endfacet
  facet normal 0 0 1
    outer loop
      vertex 26.153978 4.9312134 1.7999992
      vertex 4 2 1.7999992
      vertex 26.285786 4.7857857 1.7999992
    endloop
  endfacet
  facet normal 0 0 1
    outer loop
      vertex 27.7 4.2 1.7999992
      vertex 4 2 1.7999992
      vertex 51.4 2 1.7999992
    endloop
  endfacet
  facet normal 0 0 1
    outer loop
      vertex 27.309818 4.238429 1.7999992
      vertex 4 2 1.7999992
      vertex 27.503965 4.20963 1.7999992
    endloop
  endfacet
  facet normal 0 0 1
    outer loop
      vertex 27.11943 4.2861185 1.7999992
      vertex 4 2 1.7999992
      vertex 27.309818 4.238429 1.7999992
    endloop
  endfacet
  facet normal 0 0 1
    outer loop
      vertex 26.934631 4.3522406 1.7999992
      vertex 4 2 1.7999992
      vertex 27.11943 4.2861185 1.7999992
    endloop
  endfacet
  facet normal 0 0 1
    outer loop
      vertex 26.757206 4.436157 1.7999992
      vertex 4 2 1.7999992
      vertex 26.934631 4.3522406 1.7999992
    endloop
  endfacet
  facet normal 0 0 1
    outer loop
      vertex 26.58886 4.5370607 1.7999992
      vertex 4 2 1.7999992
      vertex 26.757206 4.436157 1.7999992
    endloop
  endfacet
  facet normal 0 0 1
    outer loop
      vertex 26.431213 4.6539783 1.7999992
      vertex 4 2 1.7999992
      vertex 26.58886 4.5370607 1.7999992
    endloop
  endfacet
  facet normal 0 0 1
    outer loop
      vertex 26.285786 4.7857857 1.7999992
      vertex 4 2 1.7999992
      vertex 26.431213 4.6539783 1.7999992
    endloop
  endfacet
  facet normal 1 0 0
    outer loop
      vertex 4 2 3.7999992
      vertex 4 23.4 1.7999992
      vertex 4 23.4 3.7999992
    endloop
  endfacet
  facet normal 1 0 0
    outer loop
      vertex 4 23.4 1.7999992
      vertex 4 2 3.7999992
      vertex 4 2 1.7999992
    endloop
  endfacet
  facet normal 0.80321175 0.59569365 0
    outer loop
      vertex 29.362938 7.31114 3.7999992
      vertex 29.246021 7.4687862 1.7999992
      vertex 29.246021 7.4687862 3.7999992
    endloop
  endfacet
  facet normal 0.80321175 0.59569365 0
    outer loop
      vertex 29.246021 7.4687862 1.7999992
      vertex 29.362938 7.31114 3.7999992
      vertex 29.362938 7.31114 1.7999992
    endloop
  endfacet
  facet normal 0.9987951 0.049075585 0
    outer loop
      vertex 29.7 6.2 3.7999992
      vertex 29.690369 6.3960342 1.7999992
      vertex 29.690369 6.3960342 3.7999992
    endloop
  endfacet
  facet normal 0.9987951 0.049075585 0
    outer loop
      vertex 29.690369 6.3960342 1.7999992
      vertex 29.7 6.2 3.7999992
      vertex 29.7 6.2 1.7999992
    endloop
  endfacet
  facet normal 0.9700295 0.2429872 0
    outer loop
      vertex 29.661572 6.5901804 3.7999992
      vertex 29.61388 6.780569 1.7999992
      vertex 29.61388 6.780569 3.7999992
    endloop
  endfacet
  facet normal 0.9700295 0.2429872 0
    outer loop
      vertex 29.61388 6.780569 1.7999992
      vertex 29.661572 6.5901804 3.7999992
      vertex 29.661572 6.5901804 1.7999992
    endloop
  endfacet
  facet normal 0.90398693 0.42756012 0
    outer loop
      vertex 29.54776 6.9653664 3.7999992
      vertex 29.463842 7.1427927 1.7999992
      vertex 29.463842 7.1427927 3.7999992
    endloop
  endfacet
  facet normal 0.90398693 0.42756012 0
    outer loop
      vertex 29.463842 7.1427927 1.7999992
      vertex 29.54776 6.9653664 3.7999992
      vertex 29.54776 6.9653664 1.7999992
    endloop
  endfacet
  facet normal -0.94154066 -0.3368993 0
    outer loop
      vertex 25.852242 5.4346323 1.7999992
      vertex 25.786118 5.6194305 3.7999992
      vertex 25.786118 5.6194305 1.7999992
    endloop
  endfacet
  facet normal -0.94154066 -0.3368993 0
    outer loop
      vertex 25.786118 5.6194305 3.7999992
      vertex 25.852242 5.4346323 1.7999992
      vertex 25.852242 5.4346323 3.7999992
    endloop
  endfacet
  facet normal -0.9039907 -0.4275522 0
    outer loop
      vertex 25.936157 5.257206 1.7999992
      vertex 25.852242 5.4346323 3.7999992
      vertex 25.852242 5.4346323 1.7999992
    endloop
  endfacet
  facet normal -0.9039907 -0.4275522 0
    outer loop
      vertex 25.852242 5.4346323 3.7999992
      vertex 25.936157 5.257206 1.7999992
      vertex 25.936157 5.257206 3.7999992
    endloop
  endfacet
  facet normal 0.42755803 0.9039879 0
    outer loop
      vertex 28.642792 7.9638424 1.7999992
      vertex 28.465366 8.047759 3.7999992
      vertex 28.642792 7.9638424 3.7999992
    endloop
  endfacet
  facet normal 0.42755803 0.9039879 0
    outer loop
      vertex 28.465366 8.047759 3.7999992
      vertex 28.642792 7.9638424 1.7999992
      vertex 28.465366 8.047759 1.7999992
    endloop
  endfacet
  facet normal 0.74094576 0.6715649 0
    outer loop
      vertex 29.246021 7.4687862 3.7999992
      vertex 29.114212 7.614213 1.7999992
      vertex 29.114212 7.614213 3.7999992
    endloop
  endfacet
  facet normal 0.74094576 0.6715649 0
    outer loop
      vertex 29.114212 7.614213 1.7999992
      vertex 29.246021 7.4687862 3.7999992
      vertex 29.246021 7.4687862 1.7999992
    endloop
  endfacet
  facet normal 0.90398693 -0.42756012 0
    outer loop
      vertex 29.463842 5.257206 3.7999992
      vertex 29.54776 5.4346323 1.7999992
      vertex 29.54776 5.4346323 3.7999992
    endloop
  endfacet
  facet normal 0.90398693 -0.42756012 0
    outer loop
      vertex 29.54776 5.4346323 1.7999992
      vertex 29.463842 5.257206 3.7999992
      vertex 29.463842 5.257206 1.7999992
    endloop
  endfacet
  facet normal -0.42755803 -0.9039879 0
    outer loop
      vertex 26.757206 4.436157 1.7999992
      vertex 26.934631 4.3522406 3.7999992
      vertex 26.757206 4.436157 3.7999992
    endloop
  endfacet
  facet normal -0.42755803 -0.9039879 0
    outer loop
      vertex 26.934631 4.3522406 3.7999992
      vertex 26.757206 4.436157 1.7999992
      vertex 26.934631 4.3522406 1.7999992
    endloop
  endfacet
  facet normal 0.9987951 -0.049075585 0
    outer loop
      vertex 29.690369 6.0039654 3.7999992
      vertex 29.7 6.2 1.7999992
      vertex 29.7 6.2 3.7999992
    endloop
  endfacet
  facet normal 0.9987951 -0.049075585 0
    outer loop
      vertex 29.7 6.2 1.7999992
      vertex 29.690369 6.0039654 3.7999992
      vertex 29.690369 6.0039654 1.7999992
    endloop
  endfacet
  facet normal -0.97003406 -0.2429689 0
    outer loop
      vertex 25.786118 5.6194305 1.7999992
      vertex 25.73843 5.809819 3.7999992
      vertex 25.73843 5.809819 1.7999992
    endloop
  endfacet
  facet normal -0.97003406 -0.2429689 0
    outer loop
      vertex 25.73843 5.809819 3.7999992
      vertex 25.786118 5.6194305 1.7999992
      vertex 25.786118 5.6194305 3.7999992
    endloop
  endfacet
  facet normal -0.049065653 -0.99879557 0
    outer loop
      vertex 27.503965 4.20963 1.7999992
      vertex 27.7 4.2 3.7999992
      vertex 27.503965 4.20963 3.7999992
    endloop
  endfacet
  facet normal -0.049065653 -0.99879557 0
    outer loop
      vertex 27.7 4.2 3.7999992
      vertex 27.503965 4.20963 1.7999992
      vertex 27.7 4.2 1.7999992
    endloop
  endfacet
  facet normal 0.98917776 0.14672194 0
    outer loop
      vertex 29.690369 6.3960342 3.7999992
      vertex 29.661572 6.5901804 1.7999992
      vertex 29.661572 6.5901804 3.7999992
    endloop
  endfacet
  facet normal 0.98917776 0.14672194 0
    outer loop
      vertex 29.661572 6.5901804 1.7999992
      vertex 29.690369 6.3960342 3.7999992
      vertex 29.690369 6.3960342 1.7999992
    endloop
  endfacet
  facet normal -0.14673074 -0.98917645 0
    outer loop
      vertex 27.309818 4.238429 1.7999992
      vertex 27.503965 4.20963 3.7999992
      vertex 27.309818 4.238429 3.7999992
    endloop
  endfacet
  facet normal -0.14673074 -0.98917645 0
    outer loop
      vertex 27.503965 4.20963 3.7999992
      vertex 27.309818 4.238429 1.7999992
      vertex 27.503965 4.20963 1.7999992
    endloop
  endfacet
  facet normal -0.8577308 -0.5140991 0
    outer loop
      vertex 26.03706 5.0888586 1.7999992
      vertex 25.936157 5.257206 3.7999992
      vertex 25.936157 5.257206 1.7999992
    endloop
  endfacet
  facet normal -0.8577308 -0.5140991 0
    outer loop
      vertex 25.936157 5.257206 3.7999992
      vertex 26.03706 5.0888586 1.7999992
      vertex 26.03706 5.0888586 3.7999992
    endloop
  endfacet
  facet normal -0.14672598 0.98917717 0
    outer loop
      vertex 27.503965 8.190369 1.7999992
      vertex 27.309818 8.161571 3.7999992
      vertex 27.503965 8.190369 3.7999992
    endloop
  endfacet
  facet normal -0.14672598 0.98917717 0
    outer loop
      vertex 27.309818 8.161571 3.7999992
      vertex 27.503965 8.190369 1.7999992
      vertex 27.309818 8.161571 1.7999992
    endloop
  endfacet
  facet normal 0.5956999 0.8032071 0
    outer loop
      vertex 28.968786 7.7460203 1.7999992
      vertex 28.81114 7.862939 3.7999992
      vertex 28.968786 7.7460203 3.7999992
    endloop
  endfacet
  facet normal 0.5956999 0.8032071 0
    outer loop
      vertex 28.81114 7.862939 3.7999992
      vertex 28.968786 7.7460203 1.7999992
      vertex 28.81114 7.862939 1.7999992
    endloop
  endfacet
  facet normal 0.24298148 0.9700309 0
    outer loop
      vertex 28.28057 8.11388 1.7999992
      vertex 28.09018 8.161571 3.7999992
      vertex 28.28057 8.11388 3.7999992
    endloop
  endfacet
  facet normal 0.24298148 0.9700309 0
    outer loop
      vertex 28.09018 8.161571 3.7999992
      vertex 28.28057 8.11388 1.7999992
      vertex 28.09018 8.161571 1.7999992
    endloop
  endfacet
  facet normal -0.7409528 -0.6715571 0
    outer loop
      vertex 26.285786 4.7857857 1.7999992
      vertex 26.153978 4.9312134 3.7999992
      vertex 26.153978 4.9312134 1.7999992
    endloop
  endfacet
  facet normal -0.7409528 -0.6715571 0
    outer loop
      vertex 26.153978 4.9312134 3.7999992
      vertex 26.285786 4.7857857 1.7999992
      vertex 26.285786 4.7857857 3.7999992
    endloop
  endfacet
  facet normal 0.8577265 -0.5141063 0
    outer loop
      vertex 29.362938 5.0888586 3.7999992
      vertex 29.463842 5.257206 1.7999992
      vertex 29.463842 5.257206 3.7999992
    endloop
  endfacet
  facet normal 0.8577265 -0.5141063 0
    outer loop
      vertex 29.463842 5.257206 1.7999992
      vertex 29.362938 5.0888586 3.7999992
      vertex 29.362938 5.0888586 1.7999992
    endloop
  endfacet
  facet normal 0.9415463 0.33688363 0
    outer loop
      vertex 29.61388 6.780569 3.7999992
      vertex 29.54776 6.9653664 1.7999992
      vertex 29.54776 6.9653664 3.7999992
    endloop
  endfacet
  facet normal 0.9415463 0.33688363 0
    outer loop
      vertex 29.54776 6.9653664 1.7999992
      vertex 29.61388 6.780569 3.7999992
      vertex 29.61388 6.780569 1.7999992
    endloop
  endfacet
  facet normal 0.33688793 0.9415448 0
    outer loop
      vertex 28.465366 8.047759 1.7999992
      vertex 28.28057 8.11388 3.7999992
      vertex 28.465366 8.047759 3.7999992
    endloop
  endfacet
  facet normal 0.33688793 0.9415448 0
    outer loop
      vertex 28.28057 8.11388 3.7999992
      vertex 28.465366 8.047759 1.7999992
      vertex 28.28057 8.11388 1.7999992
    endloop
  endfacet
  facet normal 0.1467274 0.989177 0
    outer loop
      vertex 28.09018 8.161571 1.7999992
      vertex 27.896034 8.190369 3.7999992
      vertex 28.09018 8.161571 3.7999992
    endloop
  endfacet
  facet normal 0.1467274 0.989177 0
    outer loop
      vertex 27.896034 8.190369 3.7999992
      vertex 28.09018 8.161571 1.7999992
      vertex 27.896034 8.190369 1.7999992
    endloop
  endfacet
  facet normal -0.7409506 0.6715595 0
    outer loop
      vertex 26.153978 7.4687862 1.7999992
      vertex 26.285786 7.614213 3.7999992
      vertex 26.285786 7.614213 1.7999992
    endloop
  endfacet
  facet normal -0.7409506 0.6715595 0
    outer loop
      vertex 26.285786 7.614213 3.7999992
      vertex 26.153978 7.4687862 1.7999992
      vertex 26.153978 7.4687862 3.7999992
    endloop
  endfacet
  facet normal -0.33688915 -0.9415443 0
    outer loop
      vertex 26.934631 4.3522406 1.7999992
      vertex 27.11943 4.2861185 3.7999992
      vertex 26.934631 4.3522406 3.7999992
    endloop
  endfacet
  facet normal -0.33688915 -0.9415443 0
    outer loop
      vertex 27.11943 4.2861185 3.7999992
      vertex 26.934631 4.3522406 1.7999992
      vertex 27.11943 4.2861185 1.7999992
    endloop
  endfacet
  facet normal 0.94154686 -0.33688208 0
    outer loop
      vertex 29.54776 5.4346323 3.7999992
      vertex 29.61388 5.6194305 1.7999992
      vertex 29.61388 5.6194305 3.7999992
    endloop
  endfacet
  facet normal 0.94154686 -0.33688208 0
    outer loop
      vertex 29.61388 5.6194305 1.7999992
      vertex 29.54776 5.4346323 3.7999992
      vertex 29.54776 5.4346323 1.7999992
    endloop
  endfacet
  facet normal -0.33688486 0.94154584 0
    outer loop
      vertex 27.11943 8.11388 1.7999992
      vertex 26.934631 8.047759 3.7999992
      vertex 27.11943 8.11388 3.7999992
    endloop
  endfacet
  facet normal -0.33688486 0.94154584 0
    outer loop
      vertex 26.934631 8.047759 3.7999992
      vertex 27.11943 8.11388 1.7999992
      vertex 26.934631 8.047759 1.7999992
    endloop
  endfacet
  facet normal -0.6715571 0.7409528 0
    outer loop
      vertex 26.431213 7.7460203 1.7999992
      vertex 26.285786 7.614213 3.7999992
      vertex 26.431213 7.7460203 3.7999992
    endloop
  endfacet
  facet normal -0.6715571 0.7409528 0
    outer loop
      vertex 26.285786 7.614213 3.7999992
      vertex 26.431213 7.7460203 1.7999992
      vertex 26.285786 7.614213 1.7999992
    endloop
  endfacet
  facet normal 0.8577265 0.5141063 0
    outer loop
      vertex 29.463842 7.1427927 3.7999992
      vertex 29.362938 7.31114 1.7999992
      vertex 29.362938 7.31114 3.7999992
    endloop
  endfacet
  facet normal 0.8577265 0.5141063 0
    outer loop
      vertex 29.362938 7.31114 1.7999992
      vertex 29.463842 7.1427927 3.7999992
      vertex 29.463842 7.1427927 1.7999992
    endloop
  endfacet
  facet normal -0.6715571 -0.7409528 0
    outer loop
      vertex 26.285786 4.7857857 1.7999992
      vertex 26.431213 4.6539783 3.7999992
      vertex 26.285786 4.7857857 3.7999992
    endloop
  endfacet
  facet normal -0.6715571 -0.7409528 0
    outer loop
      vertex 26.431213 4.6539783 3.7999992
      vertex 26.285786 4.7857857 1.7999992
      vertex 26.431213 4.6539783 1.7999992
    endloop
  endfacet
  facet normal -0.99879605 -0.0490562 0
    outer loop
      vertex 25.70963 6.0039654 1.7999992
      vertex 25.7 6.2 3.7999992
      vertex 25.7 6.2 1.7999992
    endloop
  endfacet
  facet normal -0.99879605 -0.0490562 0
    outer loop
      vertex 25.7 6.2 3.7999992
      vertex 25.70963 6.0039654 1.7999992
      vertex 25.70963 6.0039654 3.7999992
    endloop
  endfacet
  facet normal -0.5956968 -0.8032094 0
    outer loop
      vertex 26.431213 4.6539783 1.7999992
      vertex 26.58886 4.5370607 3.7999992
      vertex 26.431213 4.6539783 3.7999992
    endloop
  endfacet
  facet normal -0.5956968 -0.8032094 0
    outer loop
      vertex 26.58886 4.5370607 3.7999992
      vertex 26.431213 4.6539783 1.7999992
      vertex 26.58886 4.5370607 1.7999992
    endloop
  endfacet
  facet normal -0.8032071 0.5956999 0
    outer loop
      vertex 26.03706 7.31114 1.7999992
      vertex 26.153978 7.4687862 3.7999992
      vertex 26.153978 7.4687862 1.7999992
    endloop
  endfacet
  facet normal -0.8032071 0.5956999 0
    outer loop
      vertex 26.153978 7.4687862 3.7999992
      vertex 26.03706 7.31114 1.7999992
      vertex 26.03706 7.31114 3.7999992
    endloop
  endfacet
  facet normal -0.5956999 0.8032071 0
    outer loop
      vertex 26.58886 7.862939 1.7999992
      vertex 26.431213 7.7460203 3.7999992
      vertex 26.58886 7.862939 3.7999992
    endloop
  endfacet
  facet normal -0.5956999 0.8032071 0
    outer loop
      vertex 26.431213 7.7460203 3.7999992
      vertex 26.58886 7.862939 1.7999992
      vertex 26.431213 7.7460203 1.7999992
    endloop
  endfacet
  facet normal 0.98917776 -0.14672194 0
    outer loop
      vertex 29.661572 5.809819 3.7999992
      vertex 29.690369 6.0039654 1.7999992
      vertex 29.690369 6.0039654 3.7999992
    endloop
  endfacet
  facet normal 0.98917776 -0.14672194 0
    outer loop
      vertex 29.690369 6.0039654 1.7999992
      vertex 29.661572 5.809819 3.7999992
      vertex 29.661572 5.809819 1.7999992
    endloop
  endfacet
  facet normal 0.9700295 -0.2429872 0
    outer loop
      vertex 29.61388 5.6194305 3.7999992
      vertex 29.661572 5.809819 1.7999992
      vertex 29.661572 5.809819 3.7999992
    endloop
  endfacet
  facet normal 0.9700295 -0.2429872 0
    outer loop
      vertex 29.661572 5.809819 1.7999992
      vertex 29.61388 5.6194305 3.7999992
      vertex 29.61388 5.6194305 1.7999992
    endloop
  endfacet
  facet normal -0.24298377 0.97003037 0
    outer loop
      vertex 27.309818 8.161571 1.7999992
      vertex 27.11943 8.11388 3.7999992
      vertex 27.309818 8.161571 3.7999992
    endloop
  endfacet
  facet normal -0.24298377 0.97003037 0
    outer loop
      vertex 27.11943 8.11388 3.7999992
      vertex 27.309818 8.161571 1.7999992
      vertex 27.11943 8.11388 1.7999992
    endloop
  endfacet
  facet normal -0.9039907 0.4275522 0
    outer loop
      vertex 25.852242 6.9653664 1.7999992
      vertex 25.936157 7.1427927 3.7999992
      vertex 25.936157 7.1427927 1.7999992
    endloop
  endfacet
  facet normal -0.9039907 0.4275522 0
    outer loop
      vertex 25.936157 7.1427927 3.7999992
      vertex 25.852242 6.9653664 1.7999992
      vertex 25.852242 6.9653664 3.7999992
    endloop
  endfacet
  facet normal -0.8032054 -0.59570223 0
    outer loop
      vertex 26.153978 4.9312134 1.7999992
      vertex 26.03706 5.0888586 3.7999992
      vertex 26.03706 5.0888586 1.7999992
    endloop
  endfacet
  facet normal -0.8032054 -0.59570223 0
    outer loop
      vertex 26.03706 5.0888586 3.7999992
      vertex 26.153978 4.9312134 1.7999992
      vertex 26.153978 4.9312134 3.7999992
    endloop
  endfacet
  facet normal -0.0490705 0.99879533 0
    outer loop
      vertex 27.7 8.2 1.7999992
      vertex 27.503965 8.190369 3.7999992
      vertex 27.7 8.2 3.7999992
    endloop
  endfacet
  facet normal -0.0490705 0.99879533 0
    outer loop
      vertex 27.503965 8.190369 3.7999992
      vertex 27.7 8.2 1.7999992
      vertex 27.503965 8.190369 1.7999992
    endloop
  endfacet
  facet normal -0.9415401 0.33690086 0
    outer loop
      vertex 25.786118 6.780569 1.7999992
      vertex 25.852242 6.9653664 3.7999992
      vertex 25.852242 6.9653664 1.7999992
    endloop
  endfacet
  facet normal -0.9415401 0.33690086 0
    outer loop
      vertex 25.852242 6.9653664 3.7999992
      vertex 25.786118 6.780569 1.7999992
      vertex 25.786118 6.780569 3.7999992
    endloop
  endfacet
  facet normal -0.51410484 -0.85772735 0
    outer loop
      vertex 26.58886 4.5370607 1.7999992
      vertex 26.757206 4.436157 3.7999992
      vertex 26.58886 4.5370607 3.7999992
    endloop
  endfacet
  facet normal -0.51410484 -0.85772735 0
    outer loop
      vertex 26.757206 4.436157 3.7999992
      vertex 26.58886 4.5370607 1.7999992
      vertex 26.757206 4.436157 1.7999992
    endloop
  endfacet
  facet normal 0.2429769 -0.9700321 0
    outer loop
      vertex 28.09018 4.238429 1.7999992
      vertex 28.28057 4.2861185 3.7999992
      vertex 28.09018 4.238429 3.7999992
    endloop
  endfacet
  facet normal 0.2429769 -0.9700321 0
    outer loop
      vertex 28.28057 4.2861185 3.7999992
      vertex 28.09018 4.238429 1.7999992
      vertex 28.28057 4.2861185 1.7999992
    endloop
  endfacet
  facet normal 0.67156196 -0.74094844 0
    outer loop
      vertex 28.968786 4.6539783 1.7999992
      vertex 29.114212 4.7857857 3.7999992
      vertex 28.968786 4.6539783 3.7999992
    endloop
  endfacet
  facet normal 0.67156196 -0.74094844 0
    outer loop
      vertex 29.114212 4.7857857 3.7999992
      vertex 28.968786 4.6539783 1.7999992
      vertex 29.114212 4.7857857 1.7999992
    endloop
  endfacet
  facet normal 0.51410055 0.8577299 0
    outer loop
      vertex 28.81114 7.862939 1.7999992
      vertex 28.642792 7.9638424 3.7999992
      vertex 28.81114 7.862939 3.7999992
    endloop
  endfacet
  facet normal 0.51410055 0.8577299 0
    outer loop
      vertex 28.642792 7.9638424 3.7999992
      vertex 28.81114 7.862939 1.7999992
      vertex 28.642792 7.9638424 1.7999992
    endloop
  endfacet
  facet normal 0.33689225 -0.9415432 0
    outer loop
      vertex 28.28057 4.2861185 1.7999992
      vertex 28.465366 4.3522406 3.7999992
      vertex 28.28057 4.2861185 3.7999992
    endloop
  endfacet
  facet normal 0.33689225 -0.9415432 0
    outer loop
      vertex 28.465366 4.3522406 3.7999992
      vertex 28.28057 4.2861185 1.7999992
      vertex 28.465366 4.3522406 1.7999992
    endloop
  endfacet
  facet normal -0.97003406 0.2429689 0
    outer loop
      vertex 25.73843 6.5901804 1.7999992
      vertex 25.786118 6.780569 3.7999992
      vertex 25.786118 6.780569 1.7999992
    endloop
  endfacet
  facet normal -0.97003406 0.2429689 0
    outer loop
      vertex 25.786118 6.780569 3.7999992
      vertex 25.73843 6.5901804 1.7999992
      vertex 25.73843 6.5901804 3.7999992
    endloop
  endfacet
  facet normal 0.51410055 -0.8577299 0
    outer loop
      vertex 28.642792 4.436157 1.7999992
      vertex 28.81114 4.5370607 3.7999992
      vertex 28.642792 4.436157 3.7999992
    endloop
  endfacet
  facet normal 0.51410055 -0.8577299 0
    outer loop
      vertex 28.81114 4.5370607 3.7999992
      vertex 28.642792 4.436157 1.7999992
      vertex 28.81114 4.5370607 1.7999992
    endloop
  endfacet
  facet normal -0.42755803 0.9039879 0
    outer loop
      vertex 26.934631 8.047759 1.7999992
      vertex 26.757206 7.9638424 3.7999992
      vertex 26.934631 8.047759 3.7999992
    endloop
  endfacet
  facet normal -0.42755803 0.9039879 0
    outer loop
      vertex 26.757206 7.9638424 3.7999992
      vertex 26.934631 8.047759 1.7999992
      vertex 26.757206 7.9638424 1.7999992
    endloop
  endfacet
  facet normal -0.8577308 0.5140991 0
    outer loop
      vertex 25.936157 7.1427927 1.7999992
      vertex 26.03706 7.31114 3.7999992
      vertex 26.03706 7.31114 1.7999992
    endloop
  endfacet
  facet normal -0.8577308 0.5140991 0
    outer loop
      vertex 26.03706 7.31114 3.7999992
      vertex 25.936157 7.1427927 1.7999992
      vertex 25.936157 7.1427927 3.7999992
    endloop
  endfacet
  facet normal 0.80321 -0.595696 0
    outer loop
      vertex 29.246021 4.9312134 3.7999992
      vertex 29.362938 5.0888586 1.7999992
      vertex 29.362938 5.0888586 3.7999992
    endloop
  endfacet
  facet normal 0.80321 -0.595696 0
    outer loop
      vertex 29.362938 5.0888586 1.7999992
      vertex 29.246021 4.9312134 3.7999992
      vertex 29.246021 4.9312134 1.7999992
    endloop
  endfacet
  facet normal 0.74094796 -0.67156243 0
    outer loop
      vertex 29.114212 4.7857857 3.7999992
      vertex 29.246021 4.9312134 1.7999992
      vertex 29.246021 4.9312134 3.7999992
    endloop
  endfacet
  facet normal 0.74094796 -0.67156243 0
    outer loop
      vertex 29.246021 4.9312134 1.7999992
      vertex 29.114212 4.7857857 3.7999992
      vertex 29.114212 4.7857857 1.7999992
    endloop
  endfacet
  facet normal 0.5956968 -0.8032094 0
    outer loop
      vertex 28.81114 4.5370607 1.7999992
      vertex 28.968786 4.6539783 3.7999992
      vertex 28.81114 4.5370607 3.7999992
    endloop
  endfacet
  facet normal 0.5956968 -0.8032094 0
    outer loop
      vertex 28.968786 4.6539783 3.7999992
      vertex 28.81114 4.5370607 1.7999992
      vertex 28.968786 4.6539783 1.7999992
    endloop
  endfacet
  facet normal -0.98917496 0.14674096 0
    outer loop
      vertex 25.70963 6.3960342 1.7999992
      vertex 25.73843 6.5901804 3.7999992
      vertex 25.73843 6.5901804 1.7999992
    endloop
  endfacet
  facet normal -0.98917496 0.14674096 0
    outer loop
      vertex 25.73843 6.5901804 3.7999992
      vertex 25.70963 6.3960342 1.7999992
      vertex 25.70963 6.3960342 3.7999992
    endloop
  endfacet
  facet normal -0.98917496 -0.14674096 0
    outer loop
      vertex 25.73843 5.809819 1.7999992
      vertex 25.70963 6.0039654 3.7999992
      vertex 25.70963 6.0039654 1.7999992
    endloop
  endfacet
  facet normal -0.98917496 -0.14674096 0
    outer loop
      vertex 25.70963 6.0039654 3.7999992
      vertex 25.73843 5.809819 1.7999992
      vertex 25.73843 5.809819 3.7999992
    endloop
  endfacet
  facet normal 0.14673215 -0.9891763 0
    outer loop
      vertex 27.896034 4.20963 1.7999992
      vertex 28.09018 4.238429 3.7999992
      vertex 27.896034 4.20963 3.7999992
    endloop
  endfacet
  facet normal 0.14673215 -0.9891763 0
    outer loop
      vertex 28.09018 4.238429 3.7999992
      vertex 27.896034 4.20963 1.7999992
      vertex 28.09018 4.238429 1.7999992
    endloop
  endfacet
  facet normal -0.99879605 0.0490562 0
    outer loop
      vertex 25.7 6.2 1.7999992
      vertex 25.70963 6.3960342 3.7999992
      vertex 25.70963 6.3960342 1.7999992
    endloop
  endfacet
  facet normal -0.99879605 0.0490562 0
    outer loop
      vertex 25.70963 6.3960342 3.7999992
      vertex 25.7 6.2 1.7999992
      vertex 25.7 6.2 3.7999992
    endloop
  endfacet
  facet normal -0.51410484 0.85772735 0
    outer loop
      vertex 26.757206 7.9638424 1.7999992
      vertex 26.58886 7.862939 3.7999992
      vertex 26.757206 7.9638424 3.7999992
    endloop
  endfacet
  facet normal -0.51410484 0.85772735 0
    outer loop
      vertex 26.58886 7.862939 3.7999992
      vertex 26.757206 7.9638424 1.7999992
      vertex 26.58886 7.862939 1.7999992
    endloop
  endfacet
  facet normal 0.04906613 -0.9987955 0
    outer loop
      vertex 27.7 4.2 1.7999992
      vertex 27.896034 4.20963 3.7999992
      vertex 27.7 4.2 3.7999992
    endloop
  endfacet
  facet normal 0.04906613 -0.9987955 0
    outer loop
      vertex 27.896034 4.20963 3.7999992
      vertex 27.7 4.2 1.7999992
      vertex 27.896034 4.20963 1.7999992
    endloop
  endfacet
  facet normal 0.67156196 0.74094844 0
    outer loop
      vertex 29.114212 7.614213 1.7999992
      vertex 28.968786 7.7460203 3.7999992
      vertex 29.114212 7.614213 3.7999992
    endloop
  endfacet
  facet normal 0.67156196 0.74094844 0
    outer loop
      vertex 28.968786 7.7460203 3.7999992
      vertex 29.114212 7.614213 1.7999992
      vertex 28.968786 7.7460203 1.7999992
    endloop
  endfacet
  facet normal 0.049070977 0.9987953 0
    outer loop
      vertex 27.896034 8.190369 1.7999992
      vertex 27.7 8.2 3.7999992
      vertex 27.896034 8.190369 3.7999992
    endloop
  endfacet
  facet normal 0.049070977 0.9987953 0
    outer loop
      vertex 27.7 8.2 3.7999992
      vertex 27.896034 8.190369 1.7999992
      vertex 27.7 8.2 1.7999992
    endloop
  endfacet
  facet normal 0.42755803 -0.9039879 0
    outer loop
      vertex 28.465366 4.3522406 1.7999992
      vertex 28.642792 4.436157 3.7999992
      vertex 28.465366 4.3522406 3.7999992
    endloop
  endfacet
  facet normal 0.42755803 -0.9039879 0
    outer loop
      vertex 28.642792 4.436157 3.7999992
      vertex 28.465366 4.3522406 1.7999992
      vertex 28.642792 4.436157 1.7999992
    endloop
  endfacet
  facet normal -0.2429792 -0.9700315 0
    outer loop
      vertex 27.11943 4.2861185 1.7999992
      vertex 27.309818 4.238429 3.7999992
      vertex 27.11943 4.2861185 3.7999992
    endloop
  endfacet
  facet normal -0.2429792 -0.9700315 0
    outer loop
      vertex 27.309818 4.238429 3.7999992
      vertex 27.11943 4.2861185 1.7999992
      vertex 27.309818 4.238429 1.7999992
    endloop
  endfacet
  facet normal 0 0 1
    outer loop
      vertex 29.690369 6.3960342 3.7999992
      vertex 29.690369 6.0039654 3.7999992
      vertex 29.7 6.2 3.7999992
    endloop
  endfacet
  facet normal 0 0 1
    outer loop
      vertex 29.661572 6.5901804 3.7999992
      vertex 29.690369 6.0039654 3.7999992
      vertex 29.690369 6.3960342 3.7999992
    endloop
  endfacet
  facet normal 0 0 1
    outer loop
      vertex 29.661572 6.5901804 3.7999992
      vertex 29.661572 5.809819 3.7999992
      vertex 29.690369 6.0039654 3.7999992
    endloop
  endfacet
  facet normal 0 0 1
    outer loop
      vertex 29.61388 6.780569 3.7999992
      vertex 29.661572 5.809819 3.7999992
      vertex 29.661572 6.5901804 3.7999992
    endloop
  endfacet
  facet normal 0 0 1
    outer loop
      vertex 29.61388 6.780569 3.7999992
      vertex 29.61388 5.6194305 3.7999992
      vertex 29.661572 5.809819 3.7999992
    endloop
  endfacet
  facet normal 0 0 1
    outer loop
      vertex 29.54776 6.9653664 3.7999992
      vertex 29.61388 5.6194305 3.7999992
      vertex 29.61388 6.780569 3.7999992
    endloop
  endfacet
  facet normal 0 0 1
    outer loop
      vertex 29.54776 6.9653664 3.7999992
      vertex 29.54776 5.4346323 3.7999992
      vertex 29.61388 5.6194305 3.7999992
    endloop
  endfacet
  facet normal 0 0 1
    outer loop
      vertex 29.463842 7.1427927 3.7999992
      vertex 29.54776 5.4346323 3.7999992
      vertex 29.54776 6.9653664 3.7999992
    endloop
  endfacet
  facet normal 0 0 1
    outer loop
      vertex 29.463842 7.1427927 3.7999992
      vertex 29.463842 5.257206 3.7999992
      vertex 29.54776 5.4346323 3.7999992
    endloop
  endfacet
  facet normal 0 0 1
    outer loop
      vertex 29.362938 7.31114 3.7999992
      vertex 29.463842 5.257206 3.7999992
      vertex 29.463842 7.1427927 3.7999992
    endloop
  endfacet
  facet normal 0 0 1
    outer loop
      vertex 29.362938 7.31114 3.7999992
      vertex 29.362938 5.0888586 3.7999992
      vertex 29.463842 5.257206 3.7999992
    endloop
  endfacet
  facet normal 0 0 1
    outer loop
      vertex 29.246021 7.4687862 3.7999992
      vertex 29.362938 5.0888586 3.7999992
      vertex 29.362938 7.31114 3.7999992
    endloop
  endfacet
  facet normal 0 0 1
    outer loop
      vertex 29.246021 7.4687862 3.7999992
      vertex 29.246021 4.9312134 3.7999992
      vertex 29.362938 5.0888586 3.7999992
    endloop
  endfacet
  facet normal 0 0 1
    outer loop
      vertex 29.114212 7.614213 3.7999992
      vertex 29.246021 4.9312134 3.7999992
      vertex 29.246021 7.4687862 3.7999992
    endloop
  endfacet
  facet normal 0 0 1
    outer loop
      vertex 29.114212 7.614213 3.7999992
      vertex 29.114212 4.7857857 3.7999992
      vertex 29.246021 4.9312134 3.7999992
    endloop
  endfacet
  facet normal 0 0 1
    outer loop
      vertex 28.968786 7.7460203 3.7999992
      vertex 29.114212 4.7857857 3.7999992
      vertex 29.114212 7.614213 3.7999992
    endloop
  endfacet
  facet normal 0 0 1
    outer loop
      vertex 28.968786 7.7460203 3.7999992
      vertex 28.968786 4.6539783 3.7999992
      vertex 29.114212 4.7857857 3.7999992
    endloop
  endfacet
  facet normal 0 0 1
    outer loop
      vertex 28.81114 7.862939 3.7999992
      vertex 28.968786 4.6539783 3.7999992
      vertex 28.968786 7.7460203 3.7999992
    endloop
  endfacet
  facet normal 0 0 1
    outer loop
      vertex 28.81114 7.862939 3.7999992
      vertex 28.81114 4.5370607 3.7999992
      vertex 28.968786 4.6539783 3.7999992
    endloop
  endfacet
  facet normal 0 0 1
    outer loop
      vertex 28.642792 7.9638424 3.7999992
      vertex 28.81114 4.5370607 3.7999992
      vertex 28.81114 7.862939 3.7999992
    endloop
  endfacet
  facet normal 0 0 1
    outer loop
      vertex 28.642792 7.9638424 3.7999992
      vertex 28.642792 4.436157 3.7999992
      vertex 28.81114 4.5370607 3.7999992
    endloop
  endfacet
  facet normal 0 0 1
    outer loop
      vertex 28.465366 8.047759 3.7999992
      vertex 28.642792 4.436157 3.7999992
      vertex 28.642792 7.9638424 3.7999992
    endloop
  endfacet
  facet normal 0 0 1
    outer loop
      vertex 28.465366 8.047759 3.7999992
      vertex 28.465366 4.3522406 3.7999992
      vertex 28.642792 4.436157 3.7999992
    endloop
  endfacet
  facet normal 0 0 1
    outer loop
      vertex 28.28057 8.11388 3.7999992
      vertex 28.465366 4.3522406 3.7999992
      vertex 28.465366 8.047759 3.7999992
    endloop
  endfacet
  facet normal 0 0 1
    outer loop
      vertex 28.28057 8.11388 3.7999992
      vertex 28.28057 4.2861185 3.7999992
      vertex 28.465366 4.3522406 3.7999992
    endloop
  endfacet
  facet normal 0 0 1
    outer loop
      vertex 28.09018 8.161571 3.7999992
      vertex 28.28057 4.2861185 3.7999992
      vertex 28.28057 8.11388 3.7999992
    endloop
  endfacet
  facet normal 0 0 1
    outer loop
      vertex 28.09018 8.161571 3.7999992
      vertex 28.09018 4.238429 3.7999992
      vertex 28.28057 4.2861185 3.7999992
    endloop
  endfacet
  facet normal 0 0 1
    outer loop
      vertex 27.896034 8.190369 3.7999992
      vertex 28.09018 4.238429 3.7999992
      vertex 28.09018 8.161571 3.7999992
    endloop
  endfacet
  facet normal 0 0 1
    outer loop
      vertex 27.896034 8.190369 3.7999992
      vertex 27.896034 4.20963 3.7999992
      vertex 28.09018 4.238429 3.7999992
    endloop
  endfacet
  facet normal 0 0 1
    outer loop
      vertex 27.7 8.2 3.7999992
      vertex 27.896034 4.20963 3.7999992
      vertex 27.896034 8.190369 3.7999992
    endloop
  endfacet
  facet normal 0 0 1
    outer loop
      vertex 27.7 8.2 3.7999992
      vertex 27.7 4.2 3.7999992
      vertex 27.896034 4.20963 3.7999992
    endloop
  endfacet
  facet normal 0 0 1
    outer loop
      vertex 27.503965 8.190369 3.7999992
      vertex 27.7 4.2 3.7999992
      vertex 27.7 8.2 3.7999992
    endloop
  endfacet
  facet normal 0 0 1
    outer loop
      vertex 27.503965 8.190369 3.7999992
      vertex 27.503965 4.20963 3.7999992
      vertex 27.7 4.2 3.7999992
    endloop
  endfacet
  facet normal 0 0 1
    outer loop
      vertex 27.309818 8.161571 3.7999992
      vertex 27.503965 4.20963 3.7999992
      vertex 27.503965 8.190369 3.7999992
    endloop
  endfacet
  facet normal 0 0 1
    outer loop
      vertex 27.309818 8.161571 3.7999992
      vertex 27.309818 4.238429 3.7999992
      vertex 27.503965 4.20963 3.7999992
    endloop
  endfacet
  facet normal 0 0 1
    outer loop
      vertex 27.11943 8.11388 3.7999992
      vertex 27.309818 4.238429 3.7999992
      vertex 27.309818 8.161571 3.7999992
    endloop
  endfacet
  facet normal 0 0 1
    outer loop
      vertex 27.11943 8.11388 3.7999992
      vertex 27.11943 4.2861185 3.7999992
      vertex 27.309818 4.238429 3.7999992
    endloop
  endfacet
  facet normal 0 0 1
    outer loop
      vertex 26.934631 8.047759 3.7999992
      vertex 27.11943 4.2861185 3.7999992
      vertex 27.11943 8.11388 3.7999992
    endloop
  endfacet
  facet normal 0 0 1
    outer loop
      vertex 26.934631 8.047759 3.7999992
      vertex 26.934631 4.3522406 3.7999992
      vertex 27.11943 4.2861185 3.7999992
    endloop
  endfacet
  facet normal 0 0 1
    outer loop
      vertex 26.757206 7.9638424 3.7999992
      vertex 26.934631 4.3522406 3.7999992
      vertex 26.934631 8.047759 3.7999992
    endloop
  endfacet
  facet normal 0 0 1
    outer loop
      vertex 26.757206 7.9638424 3.7999992
      vertex 26.757206 4.436157 3.7999992
      vertex 26.934631 4.3522406 3.7999992
    endloop
  endfacet
  facet normal 0 0 1
    outer loop
      vertex 26.58886 7.862939 3.7999992
      vertex 26.757206 4.436157 3.7999992
      vertex 26.757206 7.9638424 3.7999992
    endloop
  endfacet
  facet normal 0 0 1
    outer loop
      vertex 26.58886 7.862939 3.7999992
      vertex 26.58886 4.5370607 3.7999992
      vertex 26.757206 4.436157 3.7999992
    endloop
  endfacet
  facet normal 0 0 1
    outer loop
      vertex 26.431213 7.7460203 3.7999992
      vertex 26.58886 4.5370607 3.7999992
      vertex 26.58886 7.862939 3.7999992
    endloop
  endfacet
  facet normal 0 0 1
    outer loop
      vertex 26.431213 7.7460203 3.7999992
      vertex 26.431213 4.6539783 3.7999992
      vertex 26.58886 4.5370607 3.7999992
    endloop
  endfacet
  facet normal 0 0 1
    outer loop
      vertex 26.285786 7.614213 3.7999992
      vertex 26.431213 4.6539783 3.7999992
      vertex 26.431213 7.7460203 3.7999992
    endloop
  endfacet
  facet normal 0 0 1
    outer loop
      vertex 26.285786 7.614213 3.7999992
      vertex 26.285786 4.7857857 3.7999992
      vertex 26.431213 4.6539783 3.7999992
    endloop
  endfacet
  facet normal 0 0 1
    outer loop
      vertex 26.153978 7.4687862 3.7999992
      vertex 26.285786 4.7857857 3.7999992
      vertex 26.285786 7.614213 3.7999992
    endloop
  endfacet
  facet normal 0 0 1
    outer loop
      vertex 26.153978 7.4687862 3.7999992
      vertex 26.153978 4.9312134 3.7999992
      vertex 26.285786 4.7857857 3.7999992
    endloop
  endfacet
  facet normal 0 0 1
    outer loop
      vertex 26.03706 7.31114 3.7999992
      vertex 26.153978 4.9312134 3.7999992
      vertex 26.153978 7.4687862 3.7999992
    endloop
  endfacet
  facet normal 0 0 1
    outer loop
      vertex 26.03706 7.31114 3.7999992
      vertex 26.03706 5.0888586 3.7999992
      vertex 26.153978 4.9312134 3.7999992
    endloop
  endfacet
  facet normal 0 0 1
    outer loop
      vertex 25.936157 7.1427927 3.7999992
      vertex 26.03706 5.0888586 3.7999992
      vertex 26.03706 7.31114 3.7999992
    endloop
  endfacet
  facet normal 0 0 1
    outer loop
      vertex 25.936157 7.1427927 3.7999992
      vertex 25.936157 5.257206 3.7999992
      vertex 26.03706 5.0888586 3.7999992
    endloop
  endfacet
  facet normal 0 0 1
    outer loop
      vertex 25.852242 6.9653664 3.7999992
      vertex 25.936157 5.257206 3.7999992
      vertex 25.936157 7.1427927 3.7999992
    endloop
  endfacet
  facet normal 0 0 1
    outer loop
      vertex 25.852242 6.9653664 3.7999992
      vertex 25.852242 5.4346323 3.7999992
      vertex 25.936157 5.257206 3.7999992
    endloop
  endfacet
  facet normal 0 0 1
    outer loop
      vertex 25.786118 6.780569 3.7999992
      vertex 25.852242 5.4346323 3.7999992
      vertex 25.852242 6.9653664 3.7999992
    endloop
  endfacet
  facet normal 0 0 1
    outer loop
      vertex 25.786118 6.780569 3.7999992
      vertex 25.786118 5.6194305 3.7999992
      vertex 25.852242 5.4346323 3.7999992
    endloop
  endfacet
  facet normal 0 0 1
    outer loop
      vertex 25.73843 6.5901804 3.7999992
      vertex 25.786118 5.6194305 3.7999992
      vertex 25.786118 6.780569 3.7999992
    endloop
  endfacet
  facet normal 0 0 1
    outer loop
      vertex 25.73843 6.5901804 3.7999992
      vertex 25.73843 5.809819 3.7999992
      vertex 25.786118 5.6194305 3.7999992
    endloop
  endfacet
  facet normal 0 0 1
    outer loop
      vertex 25.70963 6.3960342 3.7999992
      vertex 25.73843 5.809819 3.7999992
      vertex 25.73843 6.5901804 3.7999992
    endloop
  endfacet
  facet normal 0 0 1
    outer loop
      vertex 25.70963 6.3960342 3.7999992
      vertex 25.70963 6.0039654 3.7999992
      vertex 25.73843 5.809819 3.7999992
    endloop
  endfacet
  facet normal 0 0 1
    outer loop
      vertex 25.70963 6.0039654 3.7999992
      vertex 25.70963 6.3960342 3.7999992
      vertex 25.7 6.2 3.7999992
    endloop
  endfacet
  facet normal 0.80321175 0.59569365 0
    outer loop
      vertex 29.362938 20.31114 3.7999992
      vertex 29.246021 20.468786 1.7999992
      vertex 29.246021 20.468786 3.7999992
    endloop
  endfacet
  facet normal 0.80321175 0.59569365 0
    outer loop
      vertex 29.246021 20.468786 1.7999992
      vertex 29.362938 20.31114 3.7999992
      vertex 29.362938 20.31114 1.7999992
    endloop
  endfacet
  facet normal 0.99879503 0.049075823 0
    outer loop
      vertex 29.7 19.2 3.7999992
      vertex 29.690369 19.396034 1.7999992
      vertex 29.690369 19.396034 3.7999992
    endloop
  endfacet
  facet normal 0.99879503 0.049075823 0
    outer loop
      vertex 29.690369 19.396034 1.7999992
      vertex 29.7 19.2 3.7999992
      vertex 29.7 19.2 1.7999992
    endloop
  endfacet
  facet normal 0.9700298 0.24298605 0
    outer loop
      vertex 29.661572 19.59018 3.7999992
      vertex 29.61388 19.78057 1.7999992
      vertex 29.61388 19.78057 3.7999992
    endloop
  endfacet
  facet normal 0.9700298 0.24298605 0
    outer loop
      vertex 29.61388 19.78057 1.7999992
      vertex 29.661572 19.59018 3.7999992
      vertex 29.661572 19.59018 1.7999992
    endloop
  endfacet
  facet normal 0.90398604 0.427562 0
    outer loop
      vertex 29.54776 19.965366 3.7999992
      vertex 29.463842 20.142792 1.7999992
      vertex 29.463842 20.142792 3.7999992
    endloop
  endfacet
  facet normal 0.90398604 0.427562 0
    outer loop
      vertex 29.463842 20.142792 1.7999992
      vertex 29.54776 19.965366 3.7999992
      vertex 29.54776 19.965366 1.7999992
    endloop
  endfacet
  facet normal -0.94154125 -0.33689776 0
    outer loop
      vertex 25.852242 18.434631 1.7999992
      vertex 25.786118 18.61943 3.7999992
      vertex 25.786118 18.61943 1.7999992
    endloop
  endfacet
  facet normal -0.94154125 -0.33689776 0
    outer loop
      vertex 25.786118 18.61943 3.7999992
      vertex 25.852242 18.434631 1.7999992
      vertex 25.852242 18.434631 3.7999992
    endloop
  endfacet
  facet normal -0.9039898 -0.42755407 0
    outer loop
      vertex 25.936157 18.257206 1.7999992
      vertex 25.852242 18.434631 3.7999992
      vertex 25.852242 18.434631 1.7999992
    endloop
  endfacet
  facet normal -0.9039898 -0.42755407 0
    outer loop
      vertex 25.852242 18.434631 3.7999992
      vertex 25.936157 18.257206 1.7999992
      vertex 25.936157 18.257206 3.7999992
    endloop
  endfacet
  facet normal 0.427562 0.90398604 0
    outer loop
      vertex 28.642792 20.963842 1.7999992
      vertex 28.465366 21.04776 3.7999992
      vertex 28.642792 20.963842 3.7999992
    endloop
  endfacet
  facet normal 0.427562 0.90398604 0
    outer loop
      vertex 28.465366 21.04776 3.7999992
      vertex 28.642792 20.963842 1.7999992
      vertex 28.465366 21.04776 1.7999992
    endloop
  endfacet
  facet normal 0.7409436 0.67156726 0
    outer loop
      vertex 29.246021 20.468786 3.7999992
      vertex 29.114212 20.614212 1.7999992
      vertex 29.114212 20.614212 3.7999992
    endloop
  endfacet
  facet normal 0.7409436 0.67156726 0
    outer loop
      vertex 29.114212 20.614212 1.7999992
      vertex 29.246021 20.468786 3.7999992
      vertex 29.246021 20.468786 1.7999992
    endloop
  endfacet
  facet normal 0.90398604 -0.427562 0
    outer loop
      vertex 29.463842 18.257206 3.7999992
      vertex 29.54776 18.434631 1.7999992
      vertex 29.54776 18.434631 3.7999992
    endloop
  endfacet
  facet normal 0.90398604 -0.427562 0
    outer loop
      vertex 29.54776 18.434631 1.7999992
      vertex 29.463842 18.257206 3.7999992
      vertex 29.463842 18.257206 1.7999992
    endloop
  endfacet
  facet normal -0.42755407 -0.9039898 0
    outer loop
      vertex 26.757206 17.436157 1.7999992
      vertex 26.934631 17.352242 3.7999992
      vertex 26.757206 17.436157 3.7999992
    endloop
  endfacet
  facet normal -0.42755407 -0.9039898 0
    outer loop
      vertex 26.934631 17.352242 3.7999992
      vertex 26.757206 17.436157 1.7999992
      vertex 26.934631 17.352242 1.7999992
    endloop
  endfacet
  facet normal 0.9987951 -0.049075346 0
    outer loop
      vertex 29.690369 19.003965 3.7999992
      vertex 29.7 19.2 1.7999992
      vertex 29.7 19.2 3.7999992
    endloop
  endfacet
  facet normal 0.9987951 -0.049075346 0
    outer loop
      vertex 29.7 19.2 1.7999992
      vertex 29.690369 19.003965 3.7999992
      vertex 29.690369 19.003965 1.7999992
    endloop
  endfacet
  facet normal -0.97003376 -0.24297005 0
    outer loop
      vertex 25.786118 18.61943 1.7999992
      vertex 25.73843 18.809818 3.7999992
      vertex 25.73843 18.809818 1.7999992
    endloop
  endfacet
  facet normal -0.97003376 -0.24297005 0
    outer loop
      vertex 25.73843 18.809818 3.7999992
      vertex 25.786118 18.61943 1.7999992
      vertex 25.786118 18.61943 3.7999992
    endloop
  endfacet
  facet normal -0.04905596 -0.99879605 0
    outer loop
      vertex 27.503965 17.20963 1.7999992
      vertex 27.7 17.2 3.7999992
      vertex 27.503965 17.20963 3.7999992
    endloop
  endfacet
  facet normal -0.04905596 -0.99879605 0
    outer loop
      vertex 27.7 17.2 3.7999992
      vertex 27.503965 17.20963 1.7999992
      vertex 27.7 17.2 1.7999992
    endloop
  endfacet
  facet normal 0.98917764 0.14672264 0
    outer loop
      vertex 29.690369 19.396034 3.7999992
      vertex 29.661572 19.59018 1.7999992
      vertex 29.661572 19.59018 3.7999992
    endloop
  endfacet
  facet normal 0.98917764 0.14672264 0
    outer loop
      vertex 29.661572 19.59018 1.7999992
      vertex 29.690369 19.396034 3.7999992
      vertex 29.690369 19.396034 1.7999992
    endloop
  endfacet
  facet normal -0.14674026 -0.9891751 0
    outer loop
      vertex 27.309818 17.23843 1.7999992
      vertex 27.503965 17.20963 3.7999992
      vertex 27.309818 17.23843 3.7999992
    endloop
  endfacet
  facet normal -0.14674026 -0.9891751 0
    outer loop
      vertex 27.503965 17.20963 3.7999992
      vertex 27.309818 17.23843 1.7999992
      vertex 27.503965 17.20963 1.7999992
    endloop
  endfacet
  facet normal -0.8577295 -0.51410127 0
    outer loop
      vertex 26.03706 18.08886 1.7999992
      vertex 25.936157 18.257206 3.7999992
      vertex 25.936157 18.257206 1.7999992
    endloop
  endfacet
  facet normal -0.8577295 -0.51410127 0
    outer loop
      vertex 25.936157 18.257206 3.7999992
      vertex 26.03706 18.08886 1.7999992
      vertex 26.03706 18.08886 3.7999992
    endloop
  endfacet
  facet normal -0.14672123 0.9891779 0
    outer loop
      vertex 27.503965 21.190369 1.7999992
      vertex 27.309818 21.161572 3.7999992
      vertex 27.503965 21.190369 3.7999992
    endloop
  endfacet
  facet normal -0.14672123 0.9891779 0
    outer loop
      vertex 27.309818 21.161572 3.7999992
      vertex 27.503965 21.190369 1.7999992
      vertex 27.309818 21.161572 1.7999992
    endloop
  endfacet
  facet normal 0.59569365 0.80321175 0
    outer loop
      vertex 28.968786 20.746021 1.7999992
      vertex 28.81114 20.862938 3.7999992
      vertex 28.968786 20.746021 3.7999992
    endloop
  endfacet
  facet normal 0.59569365 0.80321175 0
    outer loop
      vertex 28.81114 20.862938 3.7999992
      vertex 28.968786 20.746021 1.7999992
      vertex 28.81114 20.862938 1.7999992
    endloop
  endfacet
  facet normal 0.24298605 0.9700298 0
    outer loop
      vertex 28.28057 21.11388 1.7999992
      vertex 28.09018 21.161572 3.7999992
      vertex 28.28057 21.11388 3.7999992
    endloop
  endfacet
  facet normal 0.24298605 0.9700298 0
    outer loop
      vertex 28.09018 21.161572 3.7999992
      vertex 28.28057 21.11388 1.7999992
      vertex 28.09018 21.161572 1.7999992
    endloop
  endfacet
  facet normal -0.7409528 -0.6715571 0
    outer loop
      vertex 26.285786 17.785786 1.7999992
      vertex 26.153978 17.931213 3.7999992
      vertex 26.153978 17.931213 1.7999992
    endloop
  endfacet
  facet normal -0.7409528 -0.6715571 0
    outer loop
      vertex 26.153978 17.931213 3.7999992
      vertex 26.285786 17.785786 1.7999992
      vertex 26.285786 17.785786 3.7999992
    endloop
  endfacet
  facet normal 0.8577252 -0.5141084 0
    outer loop
      vertex 29.362938 18.08886 3.7999992
      vertex 29.463842 18.257206 1.7999992
      vertex 29.463842 18.257206 3.7999992
    endloop
  endfacet
  facet normal 0.8577252 -0.5141084 0
    outer loop
      vertex 29.463842 18.257206 1.7999992
      vertex 29.362938 18.08886 3.7999992
      vertex 29.362938 18.08886 1.7999992
    endloop
  endfacet
  facet normal 0.9415463 0.33688363 0
    outer loop
      vertex 29.61388 19.78057 3.7999992
      vertex 29.54776 19.965366 1.7999992
      vertex 29.54776 19.965366 3.7999992
    endloop
  endfacet
  facet normal 0.9415463 0.33688363 0
    outer loop
      vertex 29.54776 19.965366 1.7999992
      vertex 29.61388 19.78057 3.7999992
      vertex 29.61388 19.78057 1.7999992
    endloop
  endfacet
  facet normal 0.33688363 0.9415463 0
    outer loop
      vertex 28.465366 21.04776 1.7999992
      vertex 28.28057 21.11388 3.7999992
      vertex 28.465366 21.04776 3.7999992
    endloop
  endfacet
  facet normal 0.33688363 0.9415463 0
    outer loop
      vertex 28.28057 21.11388 3.7999992
      vertex 28.465366 21.04776 1.7999992
      vertex 28.28057 21.11388 1.7999992
    endloop
  endfacet
  facet normal 0.14672264 0.98917764 0
    outer loop
      vertex 28.09018 21.161572 1.7999992
      vertex 27.896034 21.190369 3.7999992
      vertex 28.09018 21.161572 3.7999992
    endloop
  endfacet
  facet normal 0.14672264 0.98917764 0
    outer loop
      vertex 27.896034 21.190369 3.7999992
      vertex 28.09018 21.161572 1.7999992
      vertex 27.896034 21.190369 1.7999992
    endloop
  endfacet
  facet normal -0.74094844 0.67156196 0
    outer loop
      vertex 26.153978 20.468786 1.7999992
      vertex 26.285786 20.614212 3.7999992
      vertex 26.285786 20.614212 1.7999992
    endloop
  endfacet
  facet normal -0.74094844 0.67156196 0
    outer loop
      vertex 26.285786 20.614212 3.7999992
      vertex 26.153978 20.468786 1.7999992
      vertex 26.153978 20.468786 3.7999992
    endloop
  endfacet
  facet normal -0.33689776 -0.94154125 0
    outer loop
      vertex 26.934631 17.352242 1.7999992
      vertex 27.11943 17.286118 3.7999992
      vertex 26.934631 17.352242 3.7999992
    endloop
  endfacet
  facet normal -0.33689776 -0.94154125 0
    outer loop
      vertex 27.11943 17.286118 3.7999992
      vertex 26.934631 17.352242 1.7999992
      vertex 27.11943 17.286118 1.7999992
    endloop
  endfacet
  facet normal 0.9415474 -0.33688053 0
    outer loop
      vertex 29.54776 18.434631 3.7999992
      vertex 29.61388 18.61943 1.7999992
      vertex 29.61388 18.61943 3.7999992
    endloop
  endfacet
  facet normal 0.9415474 -0.33688053 0
    outer loop
      vertex 29.61388 18.61943 1.7999992
      vertex 29.54776 18.434631 3.7999992
      vertex 29.54776 18.434631 1.7999992
    endloop
  endfacet
  facet normal -0.33688053 0.9415474 0
    outer loop
      vertex 27.11943 21.11388 1.7999992
      vertex 26.934631 21.04776 3.7999992
      vertex 27.11943 21.11388 3.7999992
    endloop
  endfacet
  facet normal -0.33688053 0.9415474 0
    outer loop
      vertex 26.934631 21.04776 3.7999992
      vertex 27.11943 21.11388 1.7999992
      vertex 26.934631 21.04776 1.7999992
    endloop
  endfacet
  facet normal -0.67156243 0.74094796 0
    outer loop
      vertex 26.431213 20.746021 1.7999992
      vertex 26.285786 20.614212 3.7999992
      vertex 26.431213 20.746021 3.7999992
    endloop
  endfacet
  facet normal -0.67156243 0.74094796 0
    outer loop
      vertex 26.285786 20.614212 3.7999992
      vertex 26.431213 20.746021 1.7999992
      vertex 26.285786 20.614212 1.7999992
    endloop
  endfacet
  facet normal 0.85772777 0.5141041 0
    outer loop
      vertex 29.463842 20.142792 3.7999992
      vertex 29.362938 20.31114 1.7999992
      vertex 29.362938 20.31114 3.7999992
    endloop
  endfacet
  facet normal 0.85772777 0.5141041 0
    outer loop
      vertex 29.362938 20.31114 1.7999992
      vertex 29.463842 20.142792 3.7999992
      vertex 29.463842 20.142792 1.7999992
    endloop
  endfacet
  facet normal -0.6715571 -0.7409528 0
    outer loop
      vertex 26.285786 17.785786 1.7999992
      vertex 26.431213 17.653978 3.7999992
      vertex 26.285786 17.785786 3.7999992
    endloop
  endfacet
  facet normal -0.6715571 -0.7409528 0
    outer loop
      vertex 26.431213 17.653978 3.7999992
      vertex 26.285786 17.785786 1.7999992
      vertex 26.431213 17.653978 1.7999992
    endloop
  endfacet
  facet normal -0.99879605 -0.04905596 0
    outer loop
      vertex 25.70963 19.003965 1.7999992
      vertex 25.7 19.2 3.7999992
      vertex 25.7 19.2 1.7999992
    endloop
  endfacet
  facet normal -0.99879605 -0.04905596 0
    outer loop
      vertex 25.7 19.2 3.7999992
      vertex 25.70963 19.003965 1.7999992
      vertex 25.70963 19.003965 3.7999992
    endloop
  endfacet
  facet normal -0.5956999 -0.8032071 0
    outer loop
      vertex 26.431213 17.653978 1.7999992
      vertex 26.58886 17.53706 3.7999992
      vertex 26.431213 17.653978 3.7999992
    endloop
  endfacet
  facet normal -0.5956999 -0.8032071 0
    outer loop
      vertex 26.58886 17.53706 3.7999992
      vertex 26.431213 17.653978 1.7999992
      vertex 26.58886 17.53706 1.7999992
    endloop
  endfacet
  facet normal -0.8032071 0.5956999 0
    outer loop
      vertex 26.03706 20.31114 1.7999992
      vertex 26.153978 20.468786 3.7999992
      vertex 26.153978 20.468786 1.7999992
    endloop
  endfacet
  facet normal -0.8032071 0.5956999 0
    outer loop
      vertex 26.153978 20.468786 3.7999992
      vertex 26.03706 20.31114 1.7999992
      vertex 26.03706 20.31114 3.7999992
    endloop
  endfacet
  facet normal -0.59569365 0.80321175 0
    outer loop
      vertex 26.58886 20.862938 1.7999992
      vertex 26.431213 20.746021 3.7999992
      vertex 26.58886 20.862938 3.7999992
    endloop
  endfacet
  facet normal -0.59569365 0.80321175 0
    outer loop
      vertex 26.431213 20.746021 3.7999992
      vertex 26.58886 20.862938 1.7999992
      vertex 26.431213 20.746021 1.7999992
    endloop
  endfacet
  facet normal 0.9891779 -0.14672123 0
    outer loop
      vertex 29.661572 18.809818 3.7999992
      vertex 29.690369 19.003965 1.7999992
      vertex 29.690369 19.003965 3.7999992
    endloop
  endfacet
  facet normal 0.9891779 -0.14672123 0
    outer loop
      vertex 29.690369 19.003965 1.7999992
      vertex 29.661572 18.809818 3.7999992
      vertex 29.661572 18.809818 1.7999992
    endloop
  endfacet
  facet normal 0.97002923 -0.24298835 0
    outer loop
      vertex 29.61388 18.61943 3.7999992
      vertex 29.661572 18.809818 1.7999992
      vertex 29.661572 18.809818 3.7999992
    endloop
  endfacet
  facet normal 0.97002923 -0.24298835 0
    outer loop
      vertex 29.661572 18.809818 1.7999992
      vertex 29.61388 18.61943 3.7999992
      vertex 29.61388 18.61943 1.7999992
    endloop
  endfacet
  facet normal -0.24298835 0.97002923 0
    outer loop
      vertex 27.309818 21.161572 1.7999992
      vertex 27.11943 21.11388 3.7999992
      vertex 27.309818 21.161572 3.7999992
    endloop
  endfacet
  facet normal -0.24298835 0.97002923 0
    outer loop
      vertex 27.11943 21.11388 3.7999992
      vertex 27.309818 21.161572 1.7999992
      vertex 27.11943 21.11388 1.7999992
    endloop
  endfacet
  facet normal -0.9039898 0.42755407 0
    outer loop
      vertex 25.852242 19.965366 1.7999992
      vertex 25.936157 20.142792 3.7999992
      vertex 25.936157 20.142792 1.7999992
    endloop
  endfacet
  facet normal -0.9039898 0.42755407 0
    outer loop
      vertex 25.936157 20.142792 3.7999992
      vertex 25.852242 19.965366 1.7999992
      vertex 25.852242 19.965366 3.7999992
    endloop
  endfacet
  facet normal -0.8032071 -0.5956999 0
    outer loop
      vertex 26.153978 17.931213 1.7999992
      vertex 26.03706 18.08886 3.7999992
      vertex 26.03706 18.08886 1.7999992
    endloop
  endfacet
  facet normal -0.8032071 -0.5956999 0
    outer loop
      vertex 26.03706 18.08886 3.7999992
      vertex 26.153978 17.931213 1.7999992
      vertex 26.153978 17.931213 3.7999992
    endloop
  endfacet
  facet normal -0.049075346 0.9987951 0
    outer loop
      vertex 27.7 21.2 1.7999992
      vertex 27.503965 21.190369 3.7999992
      vertex 27.7 21.2 3.7999992
    endloop
  endfacet
  facet normal -0.049075346 0.9987951 0
    outer loop
      vertex 27.503965 21.190369 3.7999992
      vertex 27.7 21.2 1.7999992
      vertex 27.503965 21.190369 1.7999992
    endloop
  endfacet
  facet normal -0.9415401 0.33690086 0
    outer loop
      vertex 25.786118 19.78057 1.7999992
      vertex 25.852242 19.965366 3.7999992
      vertex 25.852242 19.965366 1.7999992
    endloop
  endfacet
  facet normal -0.9415401 0.33690086 0
    outer loop
      vertex 25.852242 19.965366 3.7999992
      vertex 25.786118 19.78057 1.7999992
      vertex 25.786118 19.78057 3.7999992
    endloop
  endfacet
  facet normal -0.51410127 -0.8577295 0
    outer loop
      vertex 26.58886 17.53706 1.7999992
      vertex 26.757206 17.436157 3.7999992
      vertex 26.58886 17.53706 3.7999992
    endloop
  endfacet
  facet normal -0.51410127 -0.8577295 0
    outer loop
      vertex 26.757206 17.436157 3.7999992
      vertex 26.58886 17.53706 1.7999992
      vertex 26.757206 17.436157 1.7999992
    endloop
  endfacet
  facet normal 0.24296777 -0.97003436 0
    outer loop
      vertex 28.09018 17.23843 1.7999992
      vertex 28.28057 17.286118 3.7999992
      vertex 28.09018 17.23843 3.7999992
    endloop
  endfacet
  facet normal 0.24296777 -0.97003436 0
    outer loop
      vertex 28.28057 17.286118 3.7999992
      vertex 28.09018 17.23843 1.7999992
      vertex 28.28057 17.286118 1.7999992
    endloop
  endfacet
  facet normal 0.67156196 -0.74094844 0
    outer loop
      vertex 28.968786 17.653978 1.7999992
      vertex 29.114212 17.785786 3.7999992
      vertex 28.968786 17.653978 3.7999992
    endloop
  endfacet
  facet normal 0.67156196 -0.74094844 0
    outer loop
      vertex 29.114212 17.785786 3.7999992
      vertex 28.968786 17.653978 1.7999992
      vertex 29.114212 17.785786 1.7999992
    endloop
  endfacet
  facet normal 0.5141041 0.85772777 0
    outer loop
      vertex 28.81114 20.862938 1.7999992
      vertex 28.642792 20.963842 3.7999992
      vertex 28.81114 20.862938 3.7999992
    endloop
  endfacet
  facet normal 0.5141041 0.85772777 0
    outer loop
      vertex 28.642792 20.963842 3.7999992
      vertex 28.81114 20.862938 1.7999992
      vertex 28.642792 20.963842 1.7999992
    endloop
  endfacet
  facet normal 0.33690086 -0.9415401 0
    outer loop
      vertex 28.28057 17.286118 1.7999992
      vertex 28.465366 17.352242 3.7999992
      vertex 28.28057 17.286118 3.7999992
    endloop
  endfacet
  facet normal 0.33690086 -0.9415401 0
    outer loop
      vertex 28.465366 17.352242 3.7999992
      vertex 28.28057 17.286118 1.7999992
      vertex 28.465366 17.352242 1.7999992
    endloop
  endfacet
  facet normal -0.97003436 0.24296777 0
    outer loop
      vertex 25.73843 19.59018 1.7999992
      vertex 25.786118 19.78057 3.7999992
      vertex 25.786118 19.78057 1.7999992
    endloop
  endfacet
  facet normal -0.97003436 0.24296777 0
    outer loop
      vertex 25.786118 19.78057 3.7999992
      vertex 25.73843 19.59018 1.7999992
      vertex 25.73843 19.59018 3.7999992
    endloop
  endfacet
  facet normal 0.514097 -0.85773206 0
    outer loop
      vertex 28.642792 17.436157 1.7999992
      vertex 28.81114 17.53706 3.7999992
      vertex 28.642792 17.436157 3.7999992
    endloop
  endfacet
  facet normal 0.514097 -0.85773206 0
    outer loop
      vertex 28.81114 17.53706 3.7999992
      vertex 28.642792 17.436157 1.7999992
      vertex 28.81114 17.53706 1.7999992
    endloop
  endfacet
  facet normal -0.427562 0.90398604 0
    outer loop
      vertex 26.934631 21.04776 1.7999992
      vertex 26.757206 20.963842 3.7999992
      vertex 26.934631 21.04776 3.7999992
    endloop
  endfacet
  facet normal -0.427562 0.90398604 0
    outer loop
      vertex 26.757206 20.963842 3.7999992
      vertex 26.934631 21.04776 1.7999992
      vertex 26.757206 20.963842 1.7999992
    endloop
  endfacet
  facet normal -0.85773206 0.514097 0
    outer loop
      vertex 25.936157 20.142792 1.7999992
      vertex 26.03706 20.31114 3.7999992
      vertex 26.03706 20.31114 1.7999992
    endloop
  endfacet
  facet normal -0.85773206 0.514097 0
    outer loop
      vertex 26.03706 20.31114 3.7999992
      vertex 25.936157 20.142792 1.7999992
      vertex 25.936157 20.142792 3.7999992
    endloop
  endfacet
  facet normal 0.80321175 -0.59569365 0
    outer loop
      vertex 29.246021 17.931213 3.7999992
      vertex 29.362938 18.08886 1.7999992
      vertex 29.362938 18.08886 3.7999992
    endloop
  endfacet
  facet normal 0.80321175 -0.59569365 0
    outer loop
      vertex 29.362938 18.08886 1.7999992
      vertex 29.246021 17.931213 3.7999992
      vertex 29.246021 17.931213 1.7999992
    endloop
  endfacet
  facet normal 0.74094796 -0.67156243 0
    outer loop
      vertex 29.114212 17.785786 3.7999992
      vertex 29.246021 17.931213 1.7999992
      vertex 29.246021 17.931213 3.7999992
    endloop
  endfacet
  facet normal 0.74094796 -0.67156243 0
    outer loop
      vertex 29.246021 17.931213 1.7999992
      vertex 29.114212 17.785786 3.7999992
      vertex 29.114212 17.785786 1.7999992
    endloop
  endfacet
  facet normal 0.5956999 -0.8032071 0
    outer loop
      vertex 28.81114 17.53706 1.7999992
      vertex 28.968786 17.653978 3.7999992
      vertex 28.81114 17.53706 3.7999992
    endloop
  endfacet
  facet normal 0.5956999 -0.8032071 0
    outer loop
      vertex 28.968786 17.653978 3.7999992
      vertex 28.81114 17.53706 1.7999992
      vertex 28.968786 17.653978 1.7999992
    endloop
  endfacet
  facet normal -0.98917484 0.14674166 0
    outer loop
      vertex 25.70963 19.396034 1.7999992
      vertex 25.73843 19.59018 3.7999992
      vertex 25.73843 19.59018 1.7999992
    endloop
  endfacet
  facet normal -0.98917484 0.14674166 0
    outer loop
      vertex 25.73843 19.59018 3.7999992
      vertex 25.70963 19.396034 1.7999992
      vertex 25.70963 19.396034 3.7999992
    endloop
  endfacet
  facet normal -0.9891751 -0.14674026 0
    outer loop
      vertex 25.73843 18.809818 1.7999992
      vertex 25.70963 19.003965 3.7999992
      vertex 25.70963 19.003965 1.7999992
    endloop
  endfacet
  facet normal -0.9891751 -0.14674026 0
    outer loop
      vertex 25.70963 19.003965 3.7999992
      vertex 25.73843 18.809818 1.7999992
      vertex 25.73843 18.809818 3.7999992
    endloop
  endfacet
  facet normal 0.14674166 -0.98917484 0
    outer loop
      vertex 27.896034 17.20963 1.7999992
      vertex 28.09018 17.23843 3.7999992
      vertex 27.896034 17.20963 3.7999992
    endloop
  endfacet
  facet normal 0.14674166 -0.98917484 0
    outer loop
      vertex 28.09018 17.23843 3.7999992
      vertex 27.896034 17.20963 1.7999992
      vertex 28.09018 17.23843 1.7999992
    endloop
  endfacet
  facet normal -0.998796 0.049056433 0
    outer loop
      vertex 25.7 19.2 1.7999992
      vertex 25.70963 19.396034 3.7999992
      vertex 25.70963 19.396034 1.7999992
    endloop
  endfacet
  facet normal -0.998796 0.049056433 0
    outer loop
      vertex 25.70963 19.396034 3.7999992
      vertex 25.7 19.2 1.7999992
      vertex 25.7 19.2 3.7999992
    endloop
  endfacet
  facet normal -0.5141084 0.8577252 0
    outer loop
      vertex 26.757206 20.963842 1.7999992
      vertex 26.58886 20.862938 3.7999992
      vertex 26.757206 20.963842 3.7999992
    endloop
  endfacet
  facet normal -0.5141084 0.8577252 0
    outer loop
      vertex 26.58886 20.862938 3.7999992
      vertex 26.757206 20.963842 1.7999992
      vertex 26.58886 20.862938 1.7999992
    endloop
  endfacet
  facet normal 0.049056433 -0.998796 0
    outer loop
      vertex 27.7 17.2 1.7999992
      vertex 27.896034 17.20963 3.7999992
      vertex 27.7 17.2 3.7999992
    endloop
  endfacet
  facet normal 0.049056433 -0.998796 0
    outer loop
      vertex 27.896034 17.20963 3.7999992
      vertex 27.7 17.2 1.7999992
      vertex 27.896034 17.20963 1.7999992
    endloop
  endfacet
  facet normal 0.67156726 0.7409436 0
    outer loop
      vertex 29.114212 20.614212 1.7999992
      vertex 28.968786 20.746021 3.7999992
      vertex 29.114212 20.614212 3.7999992
    endloop
  endfacet
  facet normal 0.67156726 0.7409436 0
    outer loop
      vertex 28.968786 20.746021 3.7999992
      vertex 29.114212 20.614212 1.7999992
      vertex 28.968786 20.746021 1.7999992
    endloop
  endfacet
  facet normal 0.049075823 0.99879503 0
    outer loop
      vertex 27.896034 21.190369 1.7999992
      vertex 27.7 21.2 3.7999992
      vertex 27.896034 21.190369 3.7999992
    endloop
  endfacet
  facet normal 0.049075823 0.99879503 0
    outer loop
      vertex 27.7 21.2 3.7999992
      vertex 27.896034 21.190369 1.7999992
      vertex 27.7 21.2 1.7999992
    endloop
  endfacet
  facet normal 0.42755407 -0.9039898 0
    outer loop
      vertex 28.465366 17.352242 1.7999992
      vertex 28.642792 17.436157 3.7999992
      vertex 28.465366 17.352242 3.7999992
    endloop
  endfacet
  facet normal 0.42755407 -0.9039898 0
    outer loop
      vertex 28.642792 17.436157 3.7999992
      vertex 28.465366 17.352242 1.7999992
      vertex 28.642792 17.436157 1.7999992
    endloop
  endfacet
  facet normal -0.24297005 -0.97003376 0
    outer loop
      vertex 27.11943 17.286118 1.7999992
      vertex 27.309818 17.23843 3.7999992
      vertex 27.11943 17.286118 3.7999992
    endloop
  endfacet
  facet normal -0.24297005 -0.97003376 0
    outer loop
      vertex 27.309818 17.23843 3.7999992
      vertex 27.11943 17.286118 1.7999992
      vertex 27.309818 17.23843 1.7999992
    endloop
  endfacet
  facet normal 0 0 1
    outer loop
      vertex 29.690369 19.396034 3.7999992
      vertex 29.690369 19.003965 3.7999992
      vertex 29.7 19.2 3.7999992
    endloop
  endfacet
  facet normal 0 0 1
    outer loop
      vertex 29.661572 19.59018 3.7999992
      vertex 29.690369 19.003965 3.7999992
      vertex 29.690369 19.396034 3.7999992
    endloop
  endfacet
  facet normal 0 0 1
    outer loop
      vertex 29.661572 19.59018 3.7999992
      vertex 29.661572 18.809818 3.7999992
      vertex 29.690369 19.003965 3.7999992
    endloop
  endfacet
  facet normal 0 0 1
    outer loop
      vertex 29.61388 19.78057 3.7999992
      vertex 29.661572 18.809818 3.7999992
      vertex 29.661572 19.59018 3.7999992
    endloop
  endfacet
  facet normal 0 0 1
    outer loop
      vertex 29.61388 19.78057 3.7999992
      vertex 29.61388 18.61943 3.7999992
      vertex 29.661572 18.809818 3.7999992
    endloop
  endfacet
  facet normal 0 0 1
    outer loop
      vertex 29.54776 19.965366 3.7999992
      vertex 29.61388 18.61943 3.7999992
      vertex 29.61388 19.78057 3.7999992
    endloop
  endfacet
  facet normal 0 0 1
    outer loop
      vertex 29.54776 19.965366 3.7999992
      vertex 29.54776 18.434631 3.7999992
      vertex 29.61388 18.61943 3.7999992
    endloop
  endfacet
  facet normal 0 0 1
    outer loop
      vertex 29.463842 20.142792 3.7999992
      vertex 29.54776 18.434631 3.7999992
      vertex 29.54776 19.965366 3.7999992
    endloop
  endfacet
  facet normal 0 0 1
    outer loop
      vertex 29.463842 20.142792 3.7999992
      vertex 29.463842 18.257206 3.7999992
      vertex 29.54776 18.434631 3.7999992
    endloop
  endfacet
  facet normal 0 0 1
    outer loop
      vertex 29.362938 20.31114 3.7999992
      vertex 29.463842 18.257206 3.7999992
      vertex 29.463842 20.142792 3.7999992
    endloop
  endfacet
  facet normal 0 0 1
    outer loop
      vertex 29.362938 20.31114 3.7999992
      vertex 29.362938 18.08886 3.7999992
      vertex 29.463842 18.257206 3.7999992
    endloop
  endfacet
  facet normal 0 0 1
    outer loop
      vertex 29.246021 20.468786 3.7999992
      vertex 29.362938 18.08886 3.7999992
      vertex 29.362938 20.31114 3.7999992
    endloop
  endfacet
  facet normal 0 0 1
    outer loop
      vertex 29.246021 20.468786 3.7999992
      vertex 29.246021 17.931213 3.7999992
      vertex 29.362938 18.08886 3.7999992
    endloop
  endfacet
  facet normal 0 0 1
    outer loop
      vertex 29.114212 20.614212 3.7999992
      vertex 29.246021 17.931213 3.7999992
      vertex 29.246021 20.468786 3.7999992
    endloop
  endfacet
  facet normal 0 0 1
    outer loop
      vertex 29.114212 20.614212 3.7999992
      vertex 29.114212 17.785786 3.7999992
      vertex 29.246021 17.931213 3.7999992
    endloop
  endfacet
  facet normal 0 0 1
    outer loop
      vertex 28.968786 20.746021 3.7999992
      vertex 29.114212 17.785786 3.7999992
      vertex 29.114212 20.614212 3.7999992
    endloop
  endfacet
  facet normal 0 0 1
    outer loop
      vertex 28.968786 20.746021 3.7999992
      vertex 28.968786 17.653978 3.7999992
      vertex 29.114212 17.785786 3.7999992
    endloop
  endfacet
  facet normal 0 0 1
    outer loop
      vertex 28.81114 20.862938 3.7999992
      vertex 28.968786 17.653978 3.7999992
      vertex 28.968786 20.746021 3.7999992
    endloop
  endfacet
  facet normal 0 0 1
    outer loop
      vertex 28.81114 20.862938 3.7999992
      vertex 28.81114 17.53706 3.7999992
      vertex 28.968786 17.653978 3.7999992
    endloop
  endfacet
  facet normal 0 0 1
    outer loop
      vertex 28.642792 20.963842 3.7999992
      vertex 28.81114 17.53706 3.7999992
      vertex 28.81114 20.862938 3.7999992
    endloop
  endfacet
  facet normal 0 0 1
    outer loop
      vertex 28.642792 20.963842 3.7999992
      vertex 28.642792 17.436157 3.7999992
      vertex 28.81114 17.53706 3.7999992
    endloop
  endfacet
  facet normal 0 0 1
    outer loop
      vertex 28.465366 21.04776 3.7999992
      vertex 28.642792 17.436157 3.7999992
      vertex 28.642792 20.963842 3.7999992
    endloop
  endfacet
  facet normal 0 0 1
    outer loop
      vertex 28.465366 21.04776 3.7999992
      vertex 28.465366 17.352242 3.7999992
      vertex 28.642792 17.436157 3.7999992
    endloop
  endfacet
  facet normal 0 0 1
    outer loop
      vertex 28.28057 21.11388 3.7999992
      vertex 28.465366 17.352242 3.7999992
      vertex 28.465366 21.04776 3.7999992
    endloop
  endfacet
  facet normal 0 0 1
    outer loop
      vertex 28.28057 21.11388 3.7999992
      vertex 28.28057 17.286118 3.7999992
      vertex 28.465366 17.352242 3.7999992
    endloop
  endfacet
  facet normal 0 0 1
    outer loop
      vertex 28.09018 21.161572 3.7999992
      vertex 28.28057 17.286118 3.7999992
      vertex 28.28057 21.11388 3.7999992
    endloop
  endfacet
  facet normal 0 0 1
    outer loop
      vertex 28.09018 21.161572 3.7999992
      vertex 28.09018 17.23843 3.7999992
      vertex 28.28057 17.286118 3.7999992
    endloop
  endfacet
  facet normal 0 0 1
    outer loop
      vertex 27.896034 21.190369 3.7999992
      vertex 28.09018 17.23843 3.7999992
      vertex 28.09018 21.161572 3.7999992
    endloop
  endfacet
  facet normal 0 0 1
    outer loop
      vertex 27.896034 21.190369 3.7999992
      vertex 27.896034 17.20963 3.7999992
      vertex 28.09018 17.23843 3.7999992
    endloop
  endfacet
  facet normal 0 0 1
    outer loop
      vertex 27.7 21.2 3.7999992
      vertex 27.896034 17.20963 3.7999992
      vertex 27.896034 21.190369 3.7999992
    endloop
  endfacet
  facet normal 0 0 1
    outer loop
      vertex 27.7 21.2 3.7999992
      vertex 27.7 17.2 3.7999992
      vertex 27.896034 17.20963 3.7999992
    endloop
  endfacet
  facet normal 0 0 1
    outer loop
      vertex 27.503965 21.190369 3.7999992
      vertex 27.7 17.2 3.7999992
      vertex 27.7 21.2 3.7999992
    endloop
  endfacet
  facet normal 0 0 1
    outer loop
      vertex 27.503965 21.190369 3.7999992
      vertex 27.503965 17.20963 3.7999992
      vertex 27.7 17.2 3.7999992
    endloop
  endfacet
  facet normal 0 0 1
    outer loop
      vertex 27.309818 21.161572 3.7999992
      vertex 27.503965 17.20963 3.7999992
      vertex 27.503965 21.190369 3.7999992
    endloop
  endfacet
  facet normal 0 0 1
    outer loop
      vertex 27.309818 21.161572 3.7999992
      vertex 27.309818 17.23843 3.7999992
      vertex 27.503965 17.20963 3.7999992
    endloop
  endfacet
  facet normal 0 0 1
    outer loop
      vertex 27.11943 21.11388 3.7999992
      vertex 27.309818 17.23843 3.7999992
      vertex 27.309818 21.161572 3.7999992
    endloop
  endfacet
  facet normal 0 0 1
    outer loop
      vertex 27.11943 21.11388 3.7999992
      vertex 27.11943 17.286118 3.7999992
      vertex 27.309818 17.23843 3.7999992
    endloop
  endfacet
  facet normal 0 0 1
    outer loop
      vertex 26.934631 21.04776 3.7999992
      vertex 27.11943 17.286118 3.7999992
      vertex 27.11943 21.11388 3.7999992
    endloop
  endfacet
  facet normal 0 0 1
    outer loop
      vertex 26.934631 21.04776 3.7999992
      vertex 26.934631 17.352242 3.7999992
      vertex 27.11943 17.286118 3.7999992
    endloop
  endfacet
  facet normal 0 0 1
    outer loop
      vertex 26.757206 20.963842 3.7999992
      vertex 26.934631 17.352242 3.7999992
      vertex 26.934631 21.04776 3.7999992
    endloop
  endfacet
  facet normal 0 0 1
    outer loop
      vertex 26.757206 20.963842 3.7999992
      vertex 26.757206 17.436157 3.7999992
      vertex 26.934631 17.352242 3.7999992
    endloop
  endfacet
  facet normal 0 0 1
    outer loop
      vertex 26.58886 20.862938 3.7999992
      vertex 26.757206 17.436157 3.7999992
      vertex 26.757206 20.963842 3.7999992
    endloop
  endfacet
  facet normal 0 0 1
    outer loop
      vertex 26.58886 20.862938 3.7999992
      vertex 26.58886 17.53706 3.7999992
      vertex 26.757206 17.436157 3.7999992
    endloop
  endfacet
  facet normal 0 0 1
    outer loop
      vertex 26.431213 20.746021 3.7999992
      vertex 26.58886 17.53706 3.7999992
      vertex 26.58886 20.862938 3.7999992
    endloop
  endfacet
  facet normal 0 0 1
    outer loop
      vertex 26.431213 20.746021 3.7999992
      vertex 26.431213 17.653978 3.7999992
      vertex 26.58886 17.53706 3.7999992
    endloop
  endfacet
  facet normal 0 0 1
    outer loop
      vertex 26.285786 20.614212 3.7999992
      vertex 26.431213 17.653978 3.7999992
      vertex 26.431213 20.746021 3.7999992
    endloop
  endfacet
  facet normal 0 0 1
    outer loop
      vertex 26.285786 20.614212 3.7999992
      vertex 26.285786 17.785786 3.7999992
      vertex 26.431213 17.653978 3.7999992
    endloop
  endfacet
  facet normal 0 0 1
    outer loop
      vertex 26.153978 20.468786 3.7999992
      vertex 26.285786 17.785786 3.7999992
      vertex 26.285786 20.614212 3.7999992
    endloop
  endfacet
  facet normal 0 0 1
    outer loop
      vertex 26.153978 20.468786 3.7999992
      vertex 26.153978 17.931213 3.7999992
      vertex 26.285786 17.785786 3.7999992
    endloop
  endfacet
  facet normal 0 0 1
    outer loop
      vertex 26.03706 20.31114 3.7999992
      vertex 26.153978 17.931213 3.7999992
      vertex 26.153978 20.468786 3.7999992
    endloop
  endfacet
  facet normal 0 0 1
    outer loop
      vertex 26.03706 20.31114 3.7999992
      vertex 26.03706 18.08886 3.7999992
      vertex 26.153978 17.931213 3.7999992
    endloop
  endfacet
  facet normal 0 0 1
    outer loop
      vertex 25.936157 20.142792 3.7999992
      vertex 26.03706 18.08886 3.7999992
      vertex 26.03706 20.31114 3.7999992
    endloop
  endfacet
  facet normal 0 0 1
    outer loop
      vertex 25.936157 20.142792 3.7999992
      vertex 25.936157 18.257206 3.7999992
      vertex 26.03706 18.08886 3.7999992
    endloop
  endfacet
  facet normal 0 0 1
    outer loop
      vertex 25.852242 19.965366 3.7999992
      vertex 25.936157 18.257206 3.7999992
      vertex 25.936157 20.142792 3.7999992
    endloop
  endfacet
  facet normal 0 0 1
    outer loop
      vertex 25.852242 19.965366 3.7999992
      vertex 25.852242 18.434631 3.7999992
      vertex 25.936157 18.257206 3.7999992
    endloop
  endfacet
  facet normal 0 0 1
    outer loop
      vertex 25.786118 19.78057 3.7999992
      vertex 25.852242 18.434631 3.7999992
      vertex 25.852242 19.965366 3.7999992
    endloop
  endfacet
  facet normal 0 0 1
    outer loop
      vertex 25.786118 19.78057 3.7999992
      vertex 25.786118 18.61943 3.7999992
      vertex 25.852242 18.434631 3.7999992
    endloop
  endfacet
  facet normal 0 0 1
    outer loop
      vertex 25.73843 19.59018 3.7999992
      vertex 25.786118 18.61943 3.7999992
      vertex 25.786118 19.78057 3.7999992
    endloop
  endfacet
  facet normal 0 0 1
    outer loop
      vertex 25.73843 19.59018 3.7999992
      vertex 25.73843 18.809818 3.7999992
      vertex 25.786118 18.61943 3.7999992
    endloop
  endfacet
  facet normal 0 0 1
    outer loop
      vertex 25.70963 19.396034 3.7999992
      vertex 25.73843 18.809818 3.7999992
      vertex 25.73843 19.59018 3.7999992
    endloop
  endfacet
  facet normal 0 0 1
    outer loop
      vertex 25.70963 19.396034 3.7999992
      vertex 25.70963 19.003965 3.7999992
      vertex 25.73843 18.809818 3.7999992
    endloop
  endfacet
  facet normal 0 0 1
    outer loop
      vertex 25.70963 19.003965 3.7999992
      vertex 25.70963 19.396034 3.7999992
      vertex 25.7 19.2 3.7999992
    endloop
  endfacet
  facet normal -1 0 0
    outer loop
      vertex 3 6.7 3.1999998
      vertex 3 18.7 3.7999992
      vertex 3 18.7 3.1999998
    endloop
  endfacet
  facet normal -1 0 0
    outer loop
      vertex 3 18.7 3.7999992
      vertex 3 6.7 3.1999998
      vertex 3 6.7 3.7999992
    endloop
  endfacet
  facet normal 0 0 1
    outer loop
      vertex 0 18.7 3.1999998
      vertex 3 6.7 3.1999998
      vertex 3 18.7 3.1999998
    endloop
  endfacet
  facet normal 0 0 1
    outer loop
      vertex 3 6.7 3.1999998
      vertex 0 18.7 3.1999998
      vertex 0 6.7 3.1999998
    endloop
  endfacet
  facet normal 0 -1 0
    outer loop
      vertex 0 18.7 9
      vertex 2 18.7 3.7999992
      vertex 2 18.7 9
    endloop
  endfacet
  facet normal 0 -1 0
    outer loop
      vertex 0 18.7 3.1999998
      vertex 2 18.7 3.7999992
      vertex 0 18.7 9
    endloop
  endfacet
  facet normal 0 -1 0
    outer loop
      vertex 3 18.7 3.1999998
      vertex 2 18.7 3.7999992
      vertex 0 18.7 3.1999998
    endloop
  endfacet
  facet normal 0 -1 0
    outer loop
      vertex 2 18.7 3.7999992
      vertex 3 18.7 3.1999998
      vertex 3 18.7 3.7999992
    endloop
  endfacet
  facet normal 0 1 0
    outer loop
      vertex 3 6.7 3.7999992
      vertex 3 6.7 3.1999998
      vertex 2 6.7 3.7999992
    endloop
  endfacet
  facet normal 0 1 0
    outer loop
      vertex 2 6.7 3.7999992
      vertex 0 6.7 9
      vertex 2 6.7 9
    endloop
  endfacet
  facet normal 0 1 0
    outer loop
      vertex 2 6.7 3.7999992
      vertex 0 6.7 3.1999998
      vertex 0 6.7 9
    endloop
  endfacet
  facet normal 0 1 0
    outer loop
      vertex 0 6.7 3.1999998
      vertex 2 6.7 3.7999992
      vertex 3 6.7 3.1999998
    endloop
  endfacet
endsolid OpenSCAD_Model
